t,pid,x,y,z,vx,vy,vz
0,0,0,0,0,0.5,0,0
0,1,-0.29999999999999999,0,0,0,0.29999999999999999,0
0.0025,0,0.0012499980466339042,-1.5625952143897737e-06,0,0.4999984373071234,-0.001250076171511819,0
0.0025,1,-0.2999990906263369,0.00074999889738443346,0,0.00072749893046290045,0.2999991179075468,0
0.005,0,0.0024999882788389908,-6.25056639927593e-06,0,0.49999374845694577,-0.0025003007763971059,0
0.005,1,-0.29999636251052481,0.001499993384312258,0,0.0014549937191879372,0.29999647163471294,0
0.0075,0,0.0037499628797935691,-1.4064274859738042e-05,0,0.49998593230671667,-0.0037506659919725833,0
0.0075,1,-0.29999181566809524,0.0022499790503494937,0,0.0021824802244536064,0.29999206119507543,0
0.01,0,0.0049999140298433945,-2.5004062335719672e-05,0,0.49997498773314353,-0.0050011639888127204,0
0.01,1,-0.29998545012493394,0.0029999514851074163,0,0.002909954304571125,0.29998588661126263,0
0.0125,0,0.0062498339065503589,-3.9070250985231618e-05,0,0.49996091363242778,-0.0062517869307968359,0
0.0125,1,-0.29997726591728086,0.0037499062782651873,0,0.0036374118179007897,0.29997794791495425,0
0.015,0,0.00749971468474127,-5.6263143367673148e-05,0,0.49994370892030138,-0.0075025269751563903,0
0.015,1,-0.29996726309172989,0.0044998390195924816,0,0.0043648486228683395,0.29996824514688125,0
0.0175,0,0.0087495485365567255,-7.6583022427271718e-05,0,0.49992337253206276,-0.0087533762725224666,0
0.0175,1,-0.29995544170522881,0.0052497452989721154,0,0.0050922605779813159,0.29995677835682583,0
0.02,0,0.0099993276315000698,-0.00010003015147664159,0,0.49989990342261303,-0.010004326966973438,0
0.02,1,-0.29994180182507901,0.0059996207064226745,0,0.0058196435418454246,0.29994354760362135,0
0.0225,0,0.01124904413648645,-0.00012660477418046192,0,0.49987330056649187,-0.011255371196082824,0
0.0225,1,-0.29992634352893521,0.0067494608321211416,0,0.0065469933731808977,0.29992855295515219,0
0.025,0,0.012498690215891957,-0.00015630711453927461,0,0.49984356295791343,-0.012506501090967334,0
0.025,1,-0.29990906690480518,0.0074992612664255241,0,0.0072743059308388574,0.29991179448835381,0
0.0275,0,0.013748258031602852,-0.00018913737687340266,0,0.49981068961080205,-0.013757708776335106,0
0.0275,1,-0.29988997205104934,0.0082490175998974815,0,0.0080015770738176787,0.29989327228921253,0
0.03,0,0.014997739743064889,-0.00022509574580698919,0,0.49977467955882787,-0.015008986370534121,0
0.03,1,-0.29986905907638045,0.008998725423324954,0,0.0087288026612793567,0.29987298645276544,0
0.0325,0,0.016247127507332728,-0.00026418238625215787,0,0.49973553185544245,-0.016260325985600815,0
0.0325,1,-0.29984632809986317,0.0097483803277447871,0,0.0094559785525658684,0.2998509370831004,0
0.035,0,0.017496413479119424,-0.00030639744339329498,0,0.4996932455739142,-0.017511719727308878,0
0.035,1,-0.29982177925091347,0.010497977904465357,0,0.010183100607215542,0.29982712429335567,0
0.0375,0,0.018745589810846022,-0.00035174104267145386,0,0.49964781980736361,-0.018763159695218235,0
0.0375,1,-0.29979541266929821,0.011247513745089201,0,0.010910164684979429,0.29980154820572003,0
0.04,0,0.019994648652691224,-0.00040021328976888192,0,0.49959925366879848,-0.020014637982724213,0
0.04,1,-0.29976722850513471,0.011996983441535641,0,0.011637166645837667,0.29977420895143236,0
0.0425,0,0.021243582152641157,-0.00045181427059367082,0,0.49954754629114906,-0.021266146677106912,0
0.0425,1,-0.29973722691888988,0.012746382586063408,0,0.012364102350015855,0.2997451066707818,0
0.045,0,0.022492382456539221,-0.00050654405126453043,0,0.49949269682730307,-0.02251767785958074,0
0.045,1,-0.29970540808137985,0.01349570677129327,0,0.013090967658001426,0.29971424151310727,0
0.0475,0,0.023741041708136026,-0.00056440267809568657,0,0.49943470445014043,-0.023769223605344149,0
0.0475,1,-0.29967177217376917,0.014244951590230651,0,0.013817758430560019,0.29968161363679741,0
0.05,0,0.024989552049139413,-0.00062539017758190369,0,0.49937356835256808,-0.025020775983629558,0
0.05,1,-0.29963631938757002,0.01499411263628826,0,0.01454447052875186,0.29964722320929038,0
0.0525,0,0.026237905619264566,-0.00068950655638363241,0,0.49930928774755473,-0.02627232705775346,0
0.0525,1,-0.29959904992464165,0.015743185503308714,0,0.015271099813948134,0.29961107040707369,0
0.055,0,0.027486094556284216,-0.00075675180131228265,0,0.49924186186816516,-0.027523868885166704,0
0.055,1,-0.29955996399718943,0.016492165785587161,0,0.015997642147847373,0.2995731554156838,0
0.0575,0,0.028734110996078914,-0.00082712587931562222,0,0.49917128996759486,-0.028775393517504983,0
0.0575,1,-0.299519061827764,0.017241049077893898,0,0.016724093392491826,0.29953347842970612,0
0.06,0,0.029981947072687413,-0.00090062873746330288,0,0.49909757131920418,-0.030026893000639505,0
0.06,1,-0.29947634364926051,0.017989830975496997,0,0.017450449410283855,0.29949203965277466,0
0.0625,0,0.031229594918357109,-0.00097726030293251195,0,0.49902070521655245,-0.031278359374727824,0
0.0625,1,-0.29943180970491767,0.018738507074184931,0,0.018176706064002322,0.29944883929757166,0
0.065,0,0.032477046663594591,-0.0010570204829937529,0,0.49894069097343213,-0.032529784674264907,0
0.065,1,-0.29938546024831664,0.01948707297028918,0,0.018902859216818967,0.29940387758582748,0
0.0675,0,0.033724294437216258,-0.0011399091649967521,0,0.49885752792390275,-0.033781160928134324,0
0.0675,1,-0.29933729554338023,0.020235524260706864,0,0.019628904732314809,0.29935715474832025,0
0.07,0,0.034971330366399045,-0.0012259262163564946,0,0.49877121542232467,-0.035032480159659672,0
0.07,1,-0.29928731586437174,0.020983856542923358,0,0.020354838474496539,0.29930867102487557,0
0.0725,0,0.03621814657673119,-0.0013150714845393894,0,0.49868175284339261,-0.03628373438665617,0
0.0725,1,-0.29923552149589383,0.021732065415034911,0,0.021080656307812917,0.29925842666436631,0
0.075,0,0.037464735192263142,-0.0014073447970495627,0,0.49858913958216955,-0.03753491562148243,0
0.075,1,-0.29918191273288758,0.022480146475771259,0,0.021806354097171167,0.29920642192471208,0
0.0775,0,0.038711088335558502,-0.0015027459614152811,0,0.49849337505411978,-0.03878601587109242,0
0.0775,1,-0.29912648988063117,0.023228095324518246,0,0.022531927707953387,0.29915265707287908,0
0.08,0,0.039957198127745078,-0.0016012747651755063,0,0.49839445869514248,-0.040037027137087608,0
0.08,1,-0.29906925325473871,0.023975907561340444,0,0.023257373006032953,0.29909713238487973,0
0.0825,0,0.041203056688566012,-0.0017029309758665775,0,0.49829238996160474,-0.041287941415769309,0
0.0825,1,-0.29901020318115895,0.02472357878700376,0,0.023982685857790922,0.29903984814577228,0
0.085,0,0.042448656136430986,-0.0018077143410090281,0,0.49818716833037469,-0.042538750698191172,0
0.085,1,-0.29894933999617407,0.025471104602998052,0,0.024707862130132454,0.29898080464966043,0
0.0875,0,0.043693988588467521,-0.0019156245880945319,0,0.49807879329885441,-0.0437894469702119,0
0.0875,1,-0.2988866640463983,0.026218480611559743,0,0.02543289769050322,0.29892000219969295,0
0.09,0,0.044939046160572357,-0.0020266614245729822,0,0.49796726438501265,-0.045040022212548124,0
0.09,1,-0.29882217568877656,0.026965702415694438,0,0.026157788406905823,0.29885744110806339,0
0.0925,0,0.046183820967462895,-0.0021408245378397015,0,0.49785258112741759,-0.04629046840082747,0
0.0925,1,-0.29875587529058301,0.027712765619199529,0,0.026882530147916223,0.29879312169600963,0
0.095,0,0.047428305122728755,-0.0022581135952227881,0,0.49773474308526927,-0.047540777505641799,0
0.095,1,-0.29868776322941976,0.028459665826686808,0,0.027607118782700162,0.29872704429381336,0
0.0975,0,0.048672490738883384,-0.0023785282439705911,0,0.49761374983843198,-0.048790941492600652,0
0.0975,1,-0.29861783989321511,0.029206398643605073,0,0.028331550181029595,0.29865920924079981,0
0.1,0,0.049916369927415757,-0.002502068111239323,0,0.49748960098746664,-0.050040952322384855,0
0.1,1,-0.29854610568022222,0.029952959676262745,0,0.029055820213299118,0.29858961688533725,0
0.1025,0,0.05115993479884217,-0.0026287328040808045,0,0.49736229615366279,-0.05129080195080031,0
0.1025,1,-0.29847256099901742,0.030699344531850463,0,0.029779924750542416,0.29851826758483652,0
0.105,0,0.052403177462758084,-0.0027585219094303447,0,0.49723183497907059,-0.052540482328831982,0
0.105,1,-0.29839720626849869,0.031445548818463696,0,0.030503859664448699,0.29844516170575064,0
0.1075,0,0.053646090027890087,-0.0028914349940947571,0,0.49709821712653279,-0.053789985402698054,0
0.1075,1,-0.29832004191788392,0.032191568145125353,0,0.031227620827379145,0.29837029962357425,0
0.11,0,0.054888664602147898,-0.0030274716047405097,0,0.49696144227971628,-0.055039303113904252,0
0.11,1,-0.29824106838670922,0.032937398121808376,0,0.031951204112383363,0.29829368172284315,0
0.1125,0,0.056130893292676474,-0.0031666312678820131,0,0.4968215101431438,-0.056288427399298395,0
0.1125,1,-0.2981602861248272,0.033683034359458346,0,0.03267460539321583,0.29821530839713389,0
0.115,0,0.057372768205908184,-0.0033089134898700422,0,0.49667842044222521,-0.057537350191125075,0
0.115,1,-0.29807769559240527,0.03442847247001609,0,0.033397820544352363,0.29813518004906314,0
0.1175,0,0.058614281447615074,-0.003454317756880299,0,0.49653217292328899,-0.05878606341708055,0
0.1175,1,-0.29799329725992357,0.035173708066440275,0,0.034120845441006582,0.29805329709028722,0
0.12,0,0.059855425122961201,-0.0036028435349021093,0,0.49638276735361325,-0.060034559000367797,0
0.12,1,-0.29790709160817336,0.035918736762730011,0,0.034843675959146378,0.29796965994150154,0
0.1225,0,0.061096191336555035,-0.0037544902697272588,0,0.49623020352145669,-0.061282828859751767,0
0.1225,1,-0.29781907912825506,0.036663554173947441,0,0.035566307975510379,0.2978842690324402,0
0.125,0,0.062336572192501966,-0.0039092573869389672,0,0.49607448123608966,-0.062530864909614792,0
0.125,1,-0.29772926032157615,0.037408155916240332,0,0.036288737367624439,0.2977971248018752,0
0.1275,0,0.063576559794456852,-0.0040671442919010007,0,0.49591560032782461,-0.063778659060012191,0
0.1275,1,-0.29763763569984936,0.038152537606864698,0,0.037010960013818109,0.29770822769761607,0
0.13,0,0.064816146245676692,-0.0042281503697469257,0,0.49575356064804693,-0.065026203216728057,0
0.13,1,-0.29754420578509055,0.038896694864207354,0,0.037732971793241143,0.29761757817650913,0
0.1325,0,0.066055323649073308,-0.0043922749853695002,0,0.49558836206924517,-0.066273489281331213,0
0.1325,1,-0.29744897110961666,0.039640623307808535,0,0.03845476858587997,0.29752517670443701,0
0.135,0,0.067294084107266172,-0.0045595174834102033,0,0.49542000448504142,-0.067520509151231339,0
0.135,1,-0.29735193221604361,0.04038431855838448,0,0.039176346272574214,0.29743102375631802,0
0.1375,0,0.068532419722635254,-0.0047298771882489116,0,0.4952484878102214,-0.068767254719735299,0
0.1375,1,-0.29725308965728409,0.041127776237850008,0,0.039897700735033188,0.29733511981610544,0
0.14,0,0.069770322597373993,-0.0049033534039937101,0,0.4950738119807645,-0.070013717876103623,0
0.14,1,-0.2971524439965455,0.041870991969341124,0,0.040618827855852392,0.29723746537678702,0
0.1425,0,0.071007784833542295,-0.0050799454144708489,0,0.4948959769538735,-0.071259890505607174,0
0.1425,1,-0.29704999580732755,0.042613961377237587,0,0.041339723518530054,0.29713806094038431,0
0.145,0,0.072244798533119645,-0.005259652483214838,0,0.49471498270800429,-0.072505764489584013,0
0.145,1,-0.29694574567342003,0.04335668008718551,0,0.042060383607483633,0.29703690701795182,0
0.1475,0,0.07348135579805827,-0.0054424738534586889,0,0.49453082924289549,-0.073751331705496401,0
0.1475,1,-0.2968396941889006,0.044099143726119922,0,0.042780804008066352,0.29693400412957666,0
0.15,0,0.07471744873033638,-0.0056284087481242948,0,0.49434351657959763,-0.074996584026987986,0
0.15,1,-0.29673184195813229,0.044841347922287361,0,0.043500980606583722,0.29682935280437761,0
0.1525,0,0.075953069432011508,-0.0058174563698129567,0,0.49415304476050259,-0.076241513323941218,0
0.1525,1,-0.2966221895957612,0.045583288305268463,0,0.044220909290310091,0.29672295358050449,0
0.155,0,0.077188210005273858,-0.0060096159007960517,0,0.49395941384937248,-0.077486111462534868,0
0.155,1,-0.29651073772671394,0.046324960506000518,0,0.044940585947505191,0.29661480700513748,0
0.1575,0,0.078422862552499778,-0.0062048865030058476,0,0.49376262393136855,-0.07873037030530175,0
0.1575,1,-0.29639748698619528,0.047066360156800047,0,0.045660006467430674,0.29650491363448639,0
0.16,0,0.079657019176305341,-0.0064032673180264583,0,0.49356267511308005,-0.079974281711186618,0
0.16,1,-0.29628243801968551,0.047807482891385394,0,0.046379166740366684,0.29639327403378996,0
0.1625,0,0.080890671979599885,-0.0066047574670849473,0,0.49335956752255272,-0.08121783753560427,0
0.1625,1,-0.29616559148293803,0.048548324344899273,0,0.047098062657628413,0.29627988877731498,0
0.165,0,0.08212381306563972,-0.0068093560510425746,0,0.49315330130931723,-0.082461029630497756,0
0.165,1,-0.29604694804197651,0.049288880153931361,0,0.047816690111582676,0.29616475844835571,0
0.1675,0,0.083356434538081892,-0.0070170621503861932,0,0.49294387664441752,-0.083703849844396827,0
0.1675,1,-0.29592650837309248,0.050029145956540844,0,0.048535044995664481,0.29604788363923301,0
0.17,0,0.084588528501037957,-0.0072278748252197853,0,0.49273129372043883,-0.084946290022476501,0
0.17,1,-0.29580427316284241,0.050769117392279003,0,0.049253123204393623,0.29592926495129346,0
0.1725,0,0.085820087059127928,-0.0074417931152561505,0,0.49251555275153563,-0.086188342006615834,0
0.1725,1,-0.29568024310804519,0.051508790102211759,0,0.049970920633391258,0.29580890299490875,0
0.175,0,0.087051102317534171,-0.0076588160398087411,0,0.49229665397345945,-0.087429997635456891,0
0.175,1,-0.29555441891577922,0.052248159728942235,0,0.050688433179396516,0.29568679838947476,0
0.1775,0,0.088281566382055476,-0.0078789425977836419,0,0.49207459764358646,-0.08867124874446379,0
0.1775,1,-0.29542680130337962,0.05298722191663334,0,0.051405656740283093,0.29556295176341069,0
0.18,0,0.089511471359161141,-0.0081021717676716988,0,0.49184938404094491,-0.089912087165982049,0
0.18,1,-0.29529739099843544,0.053725972311030303,0,0.052122587215075872,0.2954373637541583,0
0.1825,0,0.09074080935604513,-0.0083285025075407991,0,0.49162101346624248,-0.091152504729297978,0
0.1825,1,-0.29516618873878664,0.054464406559483224,0,0.052839220503967534,0.29531003500818109,0
0.185,0,0.091969572480680301,-0.0085579337550282953,0,0.49138948624189333,-0.092392493260698358,0
0.185,1,-0.29503319527252125,0.055202520310969651,0,0.053555552508335179,0.29518096618096329,0
0.1875,0,0.093197752841872719,-0.0087904644273335813,0,0.49115480271204504,-0.093632044583530166,0
0.1875,1,-0.2948984113579724,0.055940309216117118,0,0.054271579130756975,0.29505015793700912,0
0.19,0,0.094425342549316033,-0.0090260934212108204,0,0.49091696324260542,-0.094871150518260602,0
0.19,1,-0.29476183776371517,0.056677768927225682,0,0.054987296275028782,0.29491761094984181,0
0.1925,0,0.095652333713645871,-0.0092648196129618172,0,0.49067596822126913,-0.096109802882537163,0
0.1925,1,-0.29462347526856364,0.057414895098290487,0,0.055702699846180807,0.29478332590200268,0
0.195,0,0.096878718446494386,-0.009506641858429048,0,0.49043181805754404,-0.097347993491247981,0
0.195,1,-0.29448332466156779,0.058151683385024307,0,0.056417785750494255,0.29464730348505036,0
0.1975,0,0.098104488860544792,-0.0097515589929888357,0,0.49018451318277761,-0.098585714156582252,0
0.1975,1,-0.29434138674201027,0.058888129444880068,0,0.057132549895517998,0.29450954439955962,0
0.2,0,0.099329637069585988,-0.0099995698315446767,0,0.48993405405018292,-0.099822956688090894,0
0.2,1,-0.29419766231940325,0.05962422893707342,0,0.057846988190085241,0.29437004935512068,0
0.2025,0,0.10055415518856729,-0.010250673168520725,0,0.48968044113486453,-0.10105971289274734,0
0.2025,1,-0.29405215221348524,0.060359977522605246,0,0.058561096544330206,0.29422881907033799,0
0.205,0,0.10177803533365318,-0.01050486777785542,0,0.48942367493384425,-0.10229597457500851,0
0.205,1,-0.29390485725421772,0.061095370864284203,0,0.059274870869704809,0.29408585427282946,0
0.2075,0,0.1030012696222781,-0.010762152412995276,0,0.48916375596608686,-0.10353173353687593,0
0.2075,1,-0.29375577828178184,0.061830404626749269,0,0.059988307078995363,0.2939411556992253,0
0.21,0,0.10422385017320136,-0.011022525806888816,0,0.48890068477252518,-0.10476698157795704,0
0.21,1,-0.29360491614657519,0.062565074476492261,0,0.060701401086339278,0.29379472409516721,0
0.2125,0,0.10544576910656213,-0.01128598667198067,0,0.48863446191608567,-0.10600171049552665,0
0.2125,1,-0.29345227170920823,0.063299376081880354,0,0.061414148807241775,0.29364656021530716,0
0.215,0,0.10666701854393437,-0.011552533700205814,0,0.48836508798171313,-0.10723591208458857,0
0.215,1,-0.29329784584050095,0.064033305113178618,0,0.062126546158592602,0.2934966648233065,0
0.2175,0,0.107887590608382,-0.011822165562983971,0,0.48809256357639574,-0.10846957813793744,0
0.2175,1,-0.29314163942147936,0.064766857242572543,0,0.062838589058682767,0.29334503869183481,0
0.22,0,0.10910747742451399,-0.012094880911214169,0,0.4878168893291896,-0.10970270044622057,0
0.22,1,-0.29298365334337201,0.06550002814419055,0,0.063550273427221249,0.29319168260256889,0
0.2225,0,0.11032667111853953,-0.012370678375269445,0,0.48753806589124338,-0.11093527079800022,0
0.2225,1,-0.29282388850760627,0.066232813494126505,0,0.064261595185351794,0.29303659734619164,0
0.225,0,0.11154516381832336,-0.012649556564991716,0,0.48725609393582248,-0.11216728097981576,0
0.225,1,-0.29266234582580497,0.066965208970462237,0,0.064972550255669628,0.29287978372239104,0
0.2275,0,0.11276294765344105,-0.012931514069686793,0,0.48697097415833324,-0.11339872277624616,0
0.2275,1,-0.29249902621978258,0.067697210253290049,0,0.065683134562238218,0.29272124253985904,0
0.23,0,0.11398001475523441,-0.013216549458119566,0,0.48668270727634683,-0.11462958796997255,0
0.23,1,-0.2923339306215415,0.068428813024735233,0,0.06639334403060608,0.29256097461629033,0
0.2325,0,0.11519635725686687,-0.013504661278509333,0,0.48639129402962306,-0.11585986834184107,0
0.2325,1,-0.29216705997326847,0.069160012968978571,0,0.067103174587823514,0.29239898077838122,0
0.235,0,0.11641196729337908,-0.013795848058525292,0,0.48609673518013385,-0.11708955567092572,0
0.235,1,-0.29199841522733061,0.069890805772278838,0,0.067812622162459424,0.29223526186182869,0
0.2375,0,0.11762683700174435,-0.014090108305282189,0,0.4857990315120867,-0.11831864173459145,0
0.2375,1,-0.29182799734627174,0.070621187122995283,0,0.068521682684618113,0.29206981871132898,0
0.24,0,0.1188409585209244,-0.014387440505336125,0,0.48549818383194782,-0.11954711830855745,0
0.24,1,-0.29165580730280855,0.071351152711610161,0,0.069230352085956084,0.29190265218057648,0
0.2425,0,0.12005432399192491,-0.014687843124680522,0,0.48519419296846517,-0.12077497716696052,0
0.2425,1,-0.29148184607982647,0.072080698230751208,0,0.069938626299698853,0.29173376313226262,0
0.245,0,0.12126692555785136,-0.014991314608742246,0,0.48488705977269125,-0.12200221008241863,0
0.245,1,-0.29130611467037604,0.072809819375214135,0,0.070646501260657787,0.29156315243807457,0
0.2475,0,0.12247875536396473,-0.015297853382377888,0,0.48457678511800573,-0.12322880882609463,0
0.2475,1,-0.29112861407766866,0.073538511841985094,0,0.071353972905246948,0.29139082097869401,0
0.25,0,0.12368980555773741,-0.015607457849870207,0,0.48426336990013785,-0.12445476516776016,0
0.25,1,-0.29094934531507272,0.074266771330263201,0,0.072061037171499906,0.29121676964379595,0
0.2525,0,0.12490006828890907,-0.015920126394924732,0,0.48394681503718873,-0.12568007087585964,0
0.2525,1,-0.29076830940610948,0.074994593541483009,0,0.072767689999086616,0.29104099933204741,0
0.255,0,0.12610953570954261,-0.016235857380666525,0,0.48362712146965331,-0.1269047177175745,0
0.255,1,-0.29058550738444894,0.075721974179336946,0,0.073473927329330307,0.29086351095110619,0
0.2575,0,0.12731819997408023,-0.016554649149637102,0,0.48330429016044224,-0.12812869745888747,0
0.2575,1,-0.29040094029390573,0.076448908949797847,0,0.074179745105224293,0.29068430541761958,0
0.26,0,0.12852605323939942,-0.01687650002379152,0,0.48297832209490354,-0.1293520018646471,0
0.26,1,-0.29021460918843489,0.077175393561141406,0,0.074885139271448936,0.290503383657223,0
0.2625,0,0.1297330876648691,-0.017201408304495621,0,0.48264921828084406,-0.13057462269863243,0
0.2625,1,-0.29002651513212757,0.077901423723968605,0,0.075590105774388475,0.29032074660453872,0
0.265,0,0.13093929541240584,-0.017529372272523432,0,0.48231697974855064,-0.13179655172361779,0
0.265,1,-0.28983665919920693,0.078626995151228243,0,0.076294640562147978,0.29013639520317452,0
0.2675,0,0.13214466864653004,-0.017860390188054753,0,0.48198160755081132,-0.13301778070143774,0
0.2675,1,-0.28964504247402351,0.079352103558239365,0,0.076998739584570222,0.28995033040572238,0
0.27,0,0.13334919953442223,-0.018194460290672863,0,0.48164310276293604,-0.13423830139305215,0
0.27,1,-0.28945166605105122,0.080076744662713709,0,0.07770239879325265,0.28976255317375704,0
0.2725,0,0.13455288024597936,-0.018531580799362443,0,0.48130146648277744,-0.13545810555861149,0
0.2725,1,-0.28925653103488269,0.080800914184778194,0,0.078405614141564273,0.28957306447783465,0
0.275,0,0.13575570295387127,-0.018871749912507611,0,0.48095669983075123,-0.13667718495752226,0
0.275,1,-0.28905963854022493,0.081524607846997346,0,0.079108381584662643,0.28938186529749138,0
0.2775,0,0.13695765983359703,-0.019214965807890155,0,0.48060880394985639,-0.13789553134851254,0
0.2775,1,-0.28886098969189472,0.082247821374395763,0,0.079810697079510801,0.28918895662124205,0
0.28,0,0.13815874306354148,-0.019561226642687918,0,0.4802577800056953,-0.13911313648969767,0
0.28,1,-0.28866058562481423,0.082970550494480544,0,0.080512556584894257,0.28899433944657854,0
0.2825,0,0.13935894482503172,-0.019910530553473346,0,0.47990362918649365,-0.14032999213864611,0
0.2825,1,-0.2884584274840063,0.083692790937263728,0,0.081213956061437928,0.28879801477996847,0
0.285,0,0.14055825730239374,-0.020262875656212209,0,0.4795463527031199,-0.14154609005244551,0
0.285,1,-0.28825451642458999,0.08441453843528475,0,0.081914891471623189,0.28859998363685374,0
0.2875,0,0.14175667268300901,-0.020618260046262476,0,0.47918595178910484,-0.14276142198776876,0
0.2875,1,-0.28804885361177568,0.08513578872363288,0,0.082615358779804818,0.28840024704164902,0
0.29,0,0.14295418315737121,-0.020976681798373361,0,0.47882242770066075,-0.14397597970094039,0
0.29,1,-0.28784144022086061,0.085856537539969621,0,0.083315353952228027,0.28819880602774017,0
0.2925,0,0.14415078091914291,-0.021338138966684541,0,0.4784557817167005,-0.14518975494800296,0
0.2925,1,-0.28763227743722403,0.086576780624551153,0,0.084014872957045489,0.28799566163748291,0
0.295,0,0.14534645816521236,-0.021702629584725526,0,0.47808601513885624,-0.14640273948478366,0
0.295,1,-0.28742136645632232,0.087296513720250754,0,0.084713911764334363,0.2877908149222011,0
0.2975,0,0.1465412070957503,-0.022070151665415205,0,0.47771312929149812,-0.14761492506696106,0
0.2975,1,-0.28720870848368424,0.088015732572581232,0,0.085412466346113353,0.28758426694218531,0
0.3,0,0.14773501991426688,-0.022440703201061573,0,0.47733712552175256,-0.14882630345013195,0
0.3,1,-0.28699430473490617,0.088734432929717333,0,0.086110532676359722,0.28737601876669117,0
0.3025,0,0.14892788882766847,-0.022814282163361586,0,0.47695800519952053,-0.15003686638987848,0
0.3025,1,-0.28677815643564691,0.089452610542518116,0,0.086808106731026416,0.28716607147393786,0
0.305,0,0.15011980604631475,-0.023190886503401228,0,0.47657576971749549,-0.15124660564183515,0
0.305,1,-0.28656026482162306,0.090170261164549417,0,0.087505184488059093,0.28695442615110645,0
0.3075,0,0.1513107637840756,-0.023570514151655717,0,0.4761904204911811,-0.15245551296175627,0
0.3075,1,-0.2863406311386037,0.090887380552106226,0,0.088201761927413233,0.28674108389433833,0
0.31,0,0.15250075425838822,-0.02395316301798989,0,0.47580195895890876,-0.15366358010558334,0
0.31,1,-0.28611925664240562,0.091603964464235063,0,0.088897835031071251,0.28652604580873359,0
0.3125,0,0.15368976969031417,-0.024338830991658761,0,0.47541038658185492,-0.15487079882951263,0
0.3125,1,-0.28589614259888796,0.092320008662756414,0,0.08959339978305958,0.28630931300834928,0
0.315,0,0.15487780230459655,-0.024727515941308231,0,0.47501570484405831,-0.15607716089006293,0
0.315,1,-0.28567129028394728,0.093035508912287096,0,0.090288452169465822,0.2860908866161978,0
0.3175,0,0.15606484432971718,-0.025119215714975988,0,0.47461791525243663,-0.15728265804414346,0
0.3175,1,-0.28544470098351238,0.093750460980262657,0,0.090982988178455848,0.28587076776424525,0
0.32,0,0.15725088799795373,-0.025513928140092571,0,0.47421701933680344,-0.15848728204912182,0
0.32,1,-0.28521637599353894,0.094464860636959719,0,0.091677003800290993,0.28564895759340958,0
0.3225,0,0.15843592554543709,-0.025911651023482588,0,0.47381301864988434,-0.15969102466289214,0
0.3225,1,-0.2849863166200044,0.095178703655518435,0,0.092370495027345179,0.28542545725355906,0
0.325,0,0.15961994921220862,-0.026312382151366134,0,0.47340591476733351,-0.16089387764394339,0
0.325,1,-0.28475452417890257,0.095891985811964772,0,0.093063457854122109,0.28520026790351038,0
0.3275,0,0.16080295124227748,-0.026716119289360348,0,0.47299570928774948,-0.16209583275142778,0
0.3275,1,-0.28452099999623831,0.096604702885232943,0,0.093755888277272423,0.28497339071102701,0
0.33,0,0.16198492388367802,-0.027122860182481171,0,0.47258240383269101,-0.1632968817452293,0
0.33,1,-0.28428574540802221,0.097316850657187745,0,0.094447782295610933,0.28474482685281732,0
0.3325,0,0.16316585938852726,-0.027532602555145249,0,0.47216600004669274,-0.16449701638603245,0
0.3325,1,-0.284048761760265,0.098028424912646933,0,0.095139135910133774,0.28451457751453285,0
0.335,0,0.16434575001308224,-0.027945344111172027,0,0.47174649959728032,-0.165696228435391,0
0.335,1,-0.28381005040897228,0.098739421439403563,0,0.095829945124035684,0.28428264389076646,0
0.3375,0,0.16552458801779757,-0.028361082533786011,0,0.47132390417498576,-0.16689450965579702,0
0.3375,1,-0.28356961272013881,0.099449836028248334,0,0.096520205942727214,0.28404902718505048,0
0.34,0,0.166702365667383,-0.028779815485619194,0,0.47089821549336219,-0.1680918518107499,0
0.34,1,-0.28332745006974308,0.10015966447299196,0,0.09720991437385193,0.28381372860985493,0
0.3425,0,0.16787907523086096,-0.029201540608713664,0,0.47046943528899859,-0.16928824666482556,0
0.3425,1,-0.28308356384374161,0.10086890257048751,0,0.097899066427303755,0.28357674938658561,0
0.345,0,0.16905470898162411,-0.029626255524524379,0,0.47003756532153423,-0.17048368598374591,0
0.345,1,-0.28283795543806345,0.10157754612065273,0,0.098587658115244142,0.28333809074558214,0
0.3475,0,0.17022925919749313,-0.030053957833922122,0,0.46960260737367288,-0.1716781615344482,0
0.3475,1,-0.28259062625860426,0.10228559092649235,0,0.099275685452119455,0.28309775392611619,0
0.35,0,0.17140271816077421,-0.030484645117196625,0,0.46916456325119671,-0.1728716650851547,0
0.35,1,-0.28234157772122076,0.10299303279412048,0,0.099963144454678174,0.28285574017638948,0
0.3525,0,0.17257507815831694,-0.03091831493405987,0,0.46872343478298023,-0.17406418840544238,0
0.3525,1,-0.28209081125172492,0.10369986753278287,0,0.10065003114198826,0.28261205075353174,0
0.355,0,0.17374633148157193,-0.031354964823649564,0,0.46827922382100368,-0.17525572326631284,0
0.355,1,-0.28183832828587813,0.10440609095487929,0,0.10133634153545443,0.28236668692359895,0
0.3575,0,0.17491647042664865,-0.031794592304532784,0,0.46783193224036634,-0.17644626144026224,0
0.3575,1,-0.28158413026938528,0.10511169887598576,0,0.10202207165883556,0.28211964996157118,0
0.36,0,0.17608548729437323,-0.032237194874709801,0,0.46738156193929964,-0.17763579470135149,0
0.36,1,-0.28132821865788893,0.10581668711487691,0,0.10270721753826197,0.28187094115135064,0
0.3625,0,0.17725337439034633,-0.032682770011618088,0,0.46692811483918006,-0.17882431482527639,0
0.3625,1,-0.28107059491696329,0.10652105149354829,0,0.10339177520225276,0.28162056178575967,0
0.365,0,0.17842012402500099,-0.03313131517213648,0,0.46647159288454154,-0.18001181358943807,0
0.365,1,-0.28081126052210831,0.10722478783723867,0,0.10407574068173329,0.28136851316653871,0
0.3675,0,0.17958572851366053,-0.033582827792589545,0,0.46601199804308807,-0.1811982827730135,0
0.3675,1,-0.2805502169587436,0.10792789197445227,0,0.10475911001005245,0.28111479660434419,0
0.37,0,0.18075018017659653,-0.034037305288752095,0,0.46554933230570561,-0.18238371415702598,0
0.37,1,-0.28028746572220231,0.10863035973698112,0,0.10544187922300011,0.28085941341874643,0
0.3725,0,0.18191347133908675,-0.034494745055853898,0,0.46508359768647417,-0.183568099524416,0
0.3725,1,-0.28002300831772503,0.10933218695992734,0,0.10612404435882454,0.28060236493822766,0
0.375,0,0.18307559433147319,-0.034955144468584561,0,0.46461479622267937,-0.18475143066011201,0
0.375,1,-0.27975684626045366,0.11003336948172536,0,0.10680560145824981,0.28034365250017979,0
0.3775,0,0.18423654148922006,-0.035418500881098575,0,0.46414292997482387,-0.18593369935110149,0
0.3775,1,-0.27948898107542525,0.11073390314416422,0,0.10748654656449325,0.28008327745090222,0
0.38,0,0.1853963051529719,-0.035884811627020577,0,0.46366800102663858,-0.18711489738650189,0
0.38,1,-0.27921941429756553,0.11143378379240984,0,0.10816687572328285,0.27982124114559981,0
0.3825,0,0.18655487766861156,-0.036354074019450747,0,0.46319001148509359,-0.18829501655763198,0
0.3825,1,-0.27894814747168284,0.11213300727502731,0,0.10884658498287481,0.27955754494838059,0
0.385,0,0.18771225138731845,-0.036826285350970392,0,0.46270896348040891,-0.18947404865808315,0
0.385,1,-0.27867518215246168,0.1128315694440031,0,0.10952567039407095,0.27929219023225366,0
0.3875,0,0.18886841866562654,-0.037301442893647736,0,0.46222485916606487,-0.19065198548379075,0
0.3875,1,-0.2784005199044563,0.11352946615476733,0,0.11020412801023623,0.27902517837912677,0
0.39,0,0.19002337186548263,-0.037779543899043859,0,0.46173770071881237,-0.19182881883310582,0
0.39,1,-0.27812416230208437,0.114226693266216,0,0.11088195388731624,0.27875651077980423,0
0.3925,0,0.19117710335430449,-0.038260585598218821,0,0.4612474903386829,-0.19300454050686663,0
0.3925,1,-0.27784611092962042,0.11492324664073324,0,0.11155914408385474,0.27848618883398468,0
0.395,0,0.19232960550503908,-0.038744565201737996,0,0.4607542302489982,-0.19417914230847053,0
0.395,1,-0.27756636738118934,0.11561912214421353,0,0.11223569466101117,0.27821421395025869,0
0.3975,0,0.1934808706962208,-0.039231479899678519,0,0.46025792269637988,-0.1953526160439458,0
0.3975,1,-0.27728493326075987,0.11631431564608399,0,0.11291160168257822,0.27794058754610645,0
0.4,0,0.19463089131202974,-0.039721326861635979,0,0.45975856995075853,-0.1965249535220237,0
0.4,1,-0.27700181018213788,0.1170088230193265,0,0.11358686121499934,0.27766531104789549,0
0.4025,0,0.1957796597423499,-0.040214103236731275,0,0.45925617430538285,-0.19769614655421067,0
0.4025,1,-0.27671699976895991,0.11770264014049997,0,0.11426146932738639,0.27738838589087828,0
0.405,0,0.19692716838282767,-0.040709806153617613,0,0.4587507380768282,-0.19886618695486036,0
0.405,1,-0.27643050365468624,0.11839576288976256,0,0.11493542209153719,0.27710981351918995,0
0.4075,0,0.19807340963492998,-0.041208432720487749,0,0.45824226360500547,-0.2000350665412462,0
0.4075,1,-0.27614232348259438,0.11908818715089385,0,0.1156087155819531,0.27682959538584584,0
0.41,0,0.19921837590600269,-0.041709980025081347,0,0.45773075325316892,-0.20120277713363374,0
0.41,1,-0.27585246090577209,0.11977990881131709,0,0.11628134587585666,0.27654773295273899,0
0.4125,0,0.20036205960932907,-0.04221444513469258,0,0.45721620940792457,-0.20236931055535318,0
0.4125,1,-0.27556091758711077,0.1204709237621213,0,0.11695330905320923,0.2762642276906378,0
0.415,0,0.20150445316418802,-0.042721825096177862,0,0.4566986344792377,-0.20353465863287207,0
0.415,1,-0.27526769519929833,0.12116122789808358,0,0.11762460119672864,0.27597908107918356,0
0.4175,0,0.20264554899591261,-0.043232116935963787,0,0.45617803090044046,-0.20469881319586813,0
0.4175,1,-0.27497279542481257,0.12185081711769116,0,0.11829521839190678,0.27569229460688799,0
0.42,0,0.20378533953594846,-0.043745317660055252,0,0.45565440112823918,-0.20586176607730211,0
0.42,1,-0.2746762199559139,0.12253968732316368,0,0.11896515672702736,0.27540386977113057,0
0.4225,0,0.20492381722191216,-0.044261424254043745,0,0.45512774764272129,-0.20702350911349066,0
0.4225,1,-0.27437797049463863,0.12322783442047529,0,0.11963441229318356,0.27511380807815627,0
0.425,0,0.20606097449764976,-0.044780433683115836,0,0.45459807294736221,-0.20818403414417955,0
0.425,1,-0.27407804875279179,0.12391525431937682,0,0.12030298118429572,0.2748221110430728,0
0.4275,0,0.20719680381329525,-0.04530234289206183,0,0.45406537956903165,-0.20934333301261679,0
0.4275,1,-0.27377645645193999,0.12460194293341798,0,0.12097085949712909,0.27452878018984805,0
0.43,0,0.20833129762532904,-0.045827148805284636,0,0.4535296700580001,-0.21050139756562594,0
0.43,1,-0.27347319532340442,0.12528789617996941,0,0.12163804333131151,0.27423381705130762,0
0.4325,0,0.20946444839663647,-0.046354848326808765,0,0.45299094698794468,-0.21165821965367945,0
0.4325,1,-0.27316826710825359,0.12597310998024497,0,0.12230452878935119,0.27393722316913199,0
0.435,0,0.21059624859656634,-0.046885438340289576,0,0.45244921295595492,-0.21281379113097224,0
0.435,1,-0.27286167355729607,0.12665758025932369,0,0.12297031197665449,0.27363900009385417,0
0.4375,0,0.21172669070098946,-0.047418915709022659,0,0.45190447058253824,-0.21396810385549511,0
0.4375,1,-0.27255341643107334,0.12734130294617207,0,0.12363538900154364,0.27333914938485676,0
0.44,0,0.21285576719235716,-0.04795527727595341,0,0.45135672251162517,-0.21512114968910864,0
0.44,1,-0.27224349749985233,0.12802427397366611,0,0.12429975597527455,0.27303767261036938,0
0.4425,0,0.21398347055975991,-0.048494519863686816,0,0.45080597141057444,-0.21627292049761676,0
0.4425,1,-0.27193191854361815,0.12870648927861342,0,0.12496340901205466,0.27273457134746593,0
0.445,0,0.21510979329898586,-0.049036640274497389,0,0.45025221997017739,-0.21742340815084077,0
0.445,1,-0.27161868135206674,0.12938794480177532,0,0.12562634422906066,0.27242984718206192,0
0.4475,0,0.21623472791257942,-0.049581635290339307,0,0.44969547090466283,-0.2185726045226932,0
0.4475,1,-0.27130378772459735,0.13006863648788902,0,0.12628855774645642,0.27212350170891159,0
0.45,0,0.21735826690989987,-0.050129501672856736,0,0.44913572695170095,-0.21972050149125194,0
0.45,1,-0.27098723947030501,0.13074856028568968,0,0.12695004568741081,0.27181553653160517,0
0.4525,0,0.21848040280718001,-0.050680236163394343,0,0.44857299087240732,-0.22086709093883433,0
0.4525,1,-0.27066903840797307,0.13142771214793239,0,0.12761080417811549,0.2715059532625661,0
0.455,0,0.2196011281275847,-0.051233835483007972,0,0.44800726545134656,-0.22201236475207145,0
0.455,1,-0.2703491863660657,0.13210608803141441,0,0.12827082934780287,0.27119475352304828,0
0.4575,0,0.22072043540126957,-0.05179029633247554,0,0.44743855349653588,-0.22315631482198242,0
0.4575,1,-0.27002768518271997,0.13278368389699713,0,0.12893011732876403,0.27088193894313295,0
0.46,0,0.22183831716543956,-0.052349615392308077,0,0.44686685783944802,-0.22429893304404883,0
0.46,1,-0.26970453670573857,0.1334604957096282,0,0.1295886642563665,0.27056751116172612,0
0.4625,0,0.22295476596440764,-0.052911789322760999,0,0.44629218133501425,-0.2254402113182892,0
0.4625,1,-0.26937974279258176,0.13413651943836355,0,0.1302464662690723,0.2702514718265554,0
0.465,0,0.22406977434965344,-0.053476814763845526,0,0.44571452686162705,-0.22658014154933365,0
0.465,1,-0.26905330531035987,0.13481175105638946,0,0.1309035195084558,0.26993382259416732,0
0.4675,0,0.2251833348798819,-0.054044688335340318,0,0.44513389732114234,-0.22771871564649851,0
0.4675,1,-0.26872522613582528,0.13548618654104458,0,0.13155982011922174,0.2696145651299241,0
0.47,0,0.22629544012108194,-0.054615406636803268,0,0.4445502956388816,-0.22885592552386116,0
0.47,1,-0.2683955071553647,0.13615982187384199,0,0.13221536424922314,0.26929370110800088,0
0.4725,0,0.22740608264658507,-0.055188966247583515,0,0.44396372476363383,-0.22999176310033478,0
0.4725,1,-0.26806415026499131,0.13683265304049122,0,0.13287014804947933,0.26897123221138264,0
0.475,0,0.22851525503712419,-0.055765363726833612,0,0.4433741876676569,-0.23112622029974336,0
0.475,1,-0.2677311573703367,0.13750467603092029,0,0.13352416767419387,0.26864716013186113,0
0.4775,0,0.2296229498808921,-0.056344595613521911,0,0.442781687346679,-0.23225928905089666,0
0.4775,1,-0.26739653038664302,0.13817588683929766,0,0.13417741928077268,0.26832148657003191,0
0.48,0,0.23072915977360031,-0.056926658426445113,0,0.44218622681989955,-0.23339096128766534,0
0.48,1,-0.26706027123875475,0.13884628146405431,0,0.13482989902984194,0.26799421323529116,0
0.4825,0,0.23183387731853766,-0.057511548664241012,0,0.44158780912999007,-0.23452122894905611,0
0.4825,1,-0.26672238186111086,0.13951585590790572,0,0.13548160308526622,0.26766534184583268,0
0.485,0,0.23293709512662902,-0.058099262805401439,0,0.44098643734309462,-0.235650083979287,0
0.485,1,-0.26638286419773655,0.14018460617787382,0,0.13613252761416653,0.26733487412864465,0
0.4875,0,0.23403880581649392,-0.058689797308285378,0,0.44038211454882997,-0.23677751832786262,0
0.4875,1,-0.26604172020223515,0.140852528285309,0,0.13678266878693834,0.26700281181950652,0
0.49,0,0.2351390020145053,-0.059283148611132271,0,0.43977484386028559,-0.23790352394964967,0
0.49,1,-0.26569895183777992,0.14151961824591211,0,0.13743202277726976,0.26666915666298585,0
0.4925,0,0.23623767635484819,-0.059879313132075521,0,0.43916462841402332,-0.23902809280495232,0
0.4925,1,-0.26535456107710564,0.14218587207975639,0,0.13808058576215951,0.26633391041243509,0
0.495,0,0.23733482147957832,-0.060478287269156196,0,0.43855147137007677,-0.24015121685958785,0
0.495,1,-0.2650085499025005,0.1428512858113094,0,0.13872835392193517,0.2659970748299883,0
0.4975,0,0.23843043003868086,-0.061080067400336883,0,0.43793537591195048,-0.24127288808496219,0
0.4975,1,-0.26466092030579774,0.14351585546945508,0,0.13937532344027126,0.26565865168655789,0
0.5,0,0.23952449469012907,-0.061684649883515769,0,0.43731634524661867,-0.24239309845814569,0
0.5,1,-0.26431167428836716,0.14417957708751558,0,0.14002149050420737,0.26531864276183137,0
0.5025,0,0.24061700809994299,-0.062292031056540888,0,0.43669438260452387,-0.24351183996194883,0
0.5025,1,-0.2639608138611067,0.1448424467032732,0,0.14066685130416637,0.26497704984426795,0
0.505,0,0.24170796294224811,-0.062902207237224575,0,0.43606949123957539,-0.24462910458499812,0
0.505,1,-0.26360834104443404,0.14550446035899239,0,0.14131140203397255,0.2646338747310954,0
0.5075,0,0.24279735189933402,-0.063515174723358089,0,0.43544167442914711,-0.24574488432181196,0
0.5075,1,-0.263254257868278,0.14616561410144163,0,0.14195513889086986,0.26428911922830639,0
0.51,0,0.24388516766171306,-0.064130929792726443,0,0.43481093547407534,-0.24685917117287662,0
0.51,1,-0.26289856637206999,0.14682590398191533,0,0.14259805807554007,0.26394278515065533,0
0.5125,0,0.24497140292817898,-0.064749468703123439,0,0.43417727769865633,-0.24797195714472228,0
0.5125,1,-0.26254126860473542,0.14748532605625572,0,0.14324015579212104,0.26359487432165479,0
0.515,0,0.24605605040586562,-0.065370787692366844,0,0.43354070445064341,-0.24908323424999917,0
0.515,1,-0.26218236662468497,0.14814387638487475,0,0.14388142824822497,0.26324538857357216,0
0.5175,0,0.24713910281030549,-0.065994882978313782,0,0.43290121910124402,-0.25019299450755372,0
0.5175,1,-0.26182186249980599,0.14880155103277601,0,0.14452187165495659,0.26289432974742599,0
0.52,0,0.24822055286548844,-0.066621750758876358,0,0.43225882504511626,-0.25130122994250481,0
0.52,1,-0.2614597583074536,0.14945834606957653,0,0.14516148222693154,0.26254169969298274,0
0.5225,0,0.24930039330392029,-0.067251387212037383,0,0.43161352570036526,-0.25240793258631994,0
0.5225,1,-0.26109605613444209,0.1501142575695287,0,0.14580025618229453,0.26218750026875304,0
0.525,0,0.25037861686668139,-0.067883788495866404,0,0.4309653245085393,-0.25351309447689185,0
0.525,1,-0.26073075807703577,0.15076928161154213,0,0.14643818974273781,0.26183173334198817,0
0.5275,0,0.25145521630348533,-0.068518950748535784,0,0.43031422493462568,-0.25461670765861466,0
0.5275,1,-0.26036386624094043,0.15142341427920547,0,0.14707527913351934,0.26147440078867656,0
0.53,0,0.25253018437273744,-0.069156870088337125,0,0.42966023046704616,-0.25571876418246053,0
0.53,1,-0.25999538274129419,0.15207665166080825,0,0.14771152058348117,0.26111550449353998,0
0.5325,0,0.2536035138415933,-0.069797542613697777,0,0.42900334461765222,-0.25681925610605605,0
0.5325,1,-0.25962530970265851,0.1527289898493627,0,0.14834691032506786,0.26075504635003011,0
0.535,0,0.25467519748601752,-0.07044096440319754,0,0.42834357092172004,-0.25791817549375901,0
0.535,1,-0.25925364925900923,0.15338042494262563,0,0.14898144459434476,0.26039302826032468,0
0.5375,0,0.2557452280908421,-0.071087131515585655,0,0.42768091293794525,-0.25901551441673487,0
0.5375,1,-0.25888040355372754,0.1540309530431202,0,0.14961511963101645,0.26002945213532386,0
0.54,0,0.2568135984498251,-0.07173603998979787,0,0.42701537424843722,-0.26011126495303349,0
0.54,1,-0.25850557473959074,0.15468057025815765,0,0.15024793167844513,0.2596643198946465,0
0.5425,0,0.25788030136570905,-0.072387685844973751,0,0.42634695845871323,-0.26120541918766604,0
0.5425,1,-0.25812916497876309,0.15532927269985924,0,0.15087987698366903,0.25929763346662638,0
0.545,0,0.25894532965027955,-0.073042065080474186,0,0.4256756691976924,-0.26229796921268156,0
0.545,1,-0.25775117644278672,0.1559770564851779,0,0.15151095179742083,0.25892939478830834,0
0.5475,0,0.2600086761244238,-0.073699173675899093,0,0.425001510117689,-0.263388907127244,0
0.5475,1,-0.25737161131257225,0.1566239177359201,0,0.15214115237414608,0.25855960580544457,0
0.55,0,0.26107033361818893,-0.074359007591105281,0,0.42432448489440605,-0.26447822503770901,0
0.55,1,-0.25699047177838952,0.15726985257876752,0,0.15277047497202176,0.2581882684724906,0
0.5525,0,0.26213029497084062,-0.075021562766224542,0,0.42364459722692799,-0.265565915057701,0
0.5525,1,-0.25660776003985825,0.15791485714529888,0,0.15339891585297466,0.25781538475260163,0
0.555,0,0.26318855303092142,-0.075686835121681909,0,0.42296185083771354,-0.26665196930818991,0
0.555,1,-0.25622347830593867,0.15855892757201168,0,0.15402647128269992,0.25744095661762839,0
0.5575,0,0.2642451006563093,-0.076354820558214104,0,0.42227624947258813,-0.2677363799175686,0
0.5575,1,-0.25583762879492195,0.15920206000034384,0,0.15465313753067955,0.2570649860481134,0
0.56,0,0.26529993071427593,-0.077025514956888225,0,0.42158779690073589,-0.2688191390217296,0
0.56,1,-0.25545021373442084,0.1598442505766956,0,0.1552789108702009,0.25668747503328676,0
0.5625,0,0.2663530360815452,-0.07769891417912056,0,0.42089649691469161,-0.26990023876414249,0
0.5625,1,-0.25506123536136011,0.16048549545245103,0,0.15590378757837531,0.25630842557106243,0
0.565,0,0.26740440964435147,-0.078375014066695656,0,0.42020235333033223,-0.27097967129593087,0
0.565,1,-0.25467069592196695,0.16112579078399988,0,0.1565277639361565,0.25592783966803395,0
0.5675,0,0.26845404429849795,-0.079053810441785513,0,0.41950536998686816,-0.27205742877594979,0
0.5675,1,-0.25427859767176131,0.16176513273275928,0,0.15715083622835932,0.25554571933947046,0
0.57,0,0.2695019329494151,-0.079735299106969026,0,0.41880555074683412,-0.27313350337086278,0
0.57,1,-0.25388494287554625,0.16240351746519527,0,0.15777300074367823,0.25516206660931268,0
0.5725,0,0.27054806851221874,-0.080419475845251623,0,0.41810289949607993,-0.27420788725521927,0
0.5725,1,-0.25348973380739825,0.16304094115284462,0,0.15839425377470592,0.25477688351016869,0
0.575,0,0.27159244391176857,-0.081106336420085065,0,0.41739742014376091,-0.27528057261153188,0
0.575,1,-0.25309297275065745,0.16367739997233646,0,0.15901459161795201,0.25439017208330977,0
0.5775,0,0.2726350520827262,-0.081795876575387422,0,0.41668911662232794,-0.27635155163035385,0
0.5775,1,-0.25269466199791768,0.16431289010541394,0,0.15963401057386153,0.25400193437866625,0
0.58,0,0.27367588596961351,-0.082488092035563315,0,0.41597799288751725,-0.27742081651035638,0
0.58,1,-0.25229480385101682,0.1649474077389558,0,0.16025250694683377,0.25361217245482326,0
0.5825,0,0.27471493852687084,-0.083182978505524266,0,0.4152640529183399,-0.278488359458406,0
0.5825,1,-0.25189340062102672,0.1655809490649981,0,0.16087007704524076,0.25322088837901646,0
0.585,0,0.2757522027189151,-0.08388053167070933,0,0.41454730071707124,-0.27955417268964217,0
0.585,1,-0.25149045462824338,0.16621351028075579,0,0.16148671718144605,0.25282808422712788,0
0.5875,0,0.27678767152019801,-0.084580747197105829,0,0.41382774030923952,-0.28061824842755467,0
0.5875,1,-0.25108596820217677,0.1668450875886443,0,0.16210242367182345,0.2524337620836814,0
0.59,0,0.27782133791526409,-0.085283620731270354,0,0.41310537574361472,-0.28168057890406123,0
0.59,1,-0.25067994368154101,0.16747567719630121,0,0.16271719283677563,0.25203792404183856,0
0.5925,0,0.27885319489880883,-0.085989147900349908,0,0.41238021109219697,-0.28274115635958491,0
0.5925,1,-0.25027238341424407,0.16810527531660777,0,0.16333102100075297,0.25164057220339409,0
0.595,0,0.27988323547573685,-0.086697324312103308,0,0.41165225045020437,-0.28379997304313193,0
0.595,1,-0.24986328975737779,0.16873387816771046,0,0.16394390449227222,0.2512417086787716,0
0.5975,0,0.2809114526612197,-0.087408145554922684,0,0.41092149793606092,-0.284857021212369,0
0.5975,1,-0.24945266507720754,0.16936148197304271,0,0.1645558396439353,0.25084133558701899,0
0.6,0,0.28193783948075402,-0.088121607197855278,0,0.41018795769138405,-0.28591229313370126,0
0.6,1,-0.24904051174916206,0.16998808296134624,0,0.16516682279244807,0.25043945505580401,0
0.6025,0,0.28296238897021947,-0.088837704790625346,0,0.40945163388097155,-0.2869657810823496,0
0.6025,1,-0.24862683215782319,0.17061367736669275,0,0.16577685027863914,0.25003606922140992,0
0.605,0,0.28398509417593665,-0.089556433863656318,0,0.40871253069278868,-0.28801747734242866,0
0.605,1,-0.24821162869691554,0.17123826142850543,0,0.16638591844747866,0.24963118022873065,0
0.6075,0,0.28500594815472508,-0.090277789928093127,0,0.40797065233795471,-0.28906737420702433,0
0.6075,1,-0.24779490376929608,0.17186183139158043,0,0.16699402364809715,0.24922479023126651,0
0.61,0,0.28602494397396094,-0.091001768475824751,0,0.40722600305072904,-0.29011546397827154,0
0.61,1,-0.2473766597869437,0.1724843835061084,0,0.16760116223380436,0.24881690139111937,0
0.6125,0,0.28704207471163495,-0.091728364979506885,0,0.40647858708849743,-0.29116173896743192,0
0.6125,1,-0.24695689917094882,0.17310591402769604,0,0.16820733056210813,0.24840751587898807,0
0.615,0,0.28805733345641027,-0.092457574892584896,0,0.40572840873175753,-0.29220619149497168,0
0.615,1,-0.24653562435150278,0.17372641921738749,0,0.1688125249947332,0.24799663587416385,0
0.6175,0,0.28907071330768008,-0.093189393649316915,0,0.4049754722841043,-0.29324881389063934,0
0.6175,1,-0.24611283776788731,0.17434589534168585,0,0.16941674189764019,0.24758426356452545,0
0.62,0,0.29008220737562546,-0.093923816664797141,0,0.40421978207221521,-0.29428959849354347,0
0.62,1,-0.24568854186846395,0.17496433867257466,0,0.17001997764104443,0.24717040114653452,0
0.6225,0,0.291091808781273,-0.09466083933497936,0,0.40346134244583487,-0.29532853765223055,0
0.6225,1,-0.24526273911066335,0.17558174548753935,0,0.17062222859943491,0.24675505082523075,0
0.625,0,0.29209951065655249,-0.095400457036700609,0,0.40270015777775969,-0.29636562372476272,0
0.625,1,-0.24483543196097457,0.17619811206958869,0,0.17122349115159324,0.2463382148142271,0
0.6275,0,0.29310530614435448,-0.096142665127705057,0,0.40193623246382204,-0.29740084907879566,0
0.6275,1,-0.24440662289493431,0.17681343470727609,0,0.17182376168061259,0.24591989533570496,0
0.63,0,0.29410918839858785,-0.096887458946668129,0,0.40116957092287414,-0.29843420609165644,0
0.63,1,-0.24397631439711615,0.17742770969472124,0,0.17242303657391658,0.24550009462040917,0
0.6325,0,0.29511115058423742,-0.097634833813220731,0,0.4004001775967716,-0.29946568715042127,0
0.6325,1,-0.24354450896111965,0.17804093333163132,0,0.17302131222327841,0.24507881490764322,0
0.635,0,0.29611118587742136,-0.098384785027973751,0,0.39962805695035686,-0.30049528465199343,0
0.635,1,-0.24311120908955949,0.17865310192332245,0,0.17361858502483968,0.24465605844526422,0
0.6375,0,0.29710928746544862,-0.099137307872542713,0,0.39885321347144209,-0.30152299100318114,0
0.6375,1,-0.24267641729405454,0.17926421178074115,0,0.17421485137912959,0.24423182748967798,0
0.64,0,0.29810544854687643,-0.099892397609572664,0,0.39807565167079201,-0.30254879862077538,0
0.64,1,-0.24224013609521677,0.17987425922048553,0,0.17481010769108382,0.24380612430583384,0
0.6425,0,0.29909966233156754,-0.10065004948276317,0,0.39729537608210613,-0.30357269993162772,0
0.6425,1,-0.24180236802264035,0.18048324056482684,0,0.17540435037006366,0.24337895116721983,0
0.645,0,0.30009192204074769,-0.10141025871689362,0,0.396512391262001,-0.30459468737272827,0
0.645,1,-0.24136311561489043,0.18109115214173069,0,0.17599757582987505,0.24295031035585737,0
0.6475,0,0.30108222090706266,-0.10217302051784863,0,0.39572670178999197,-0.30561475339128341,0
0.6475,1,-0.2409223814194921,0.18169799028487837,0,0.1765897804887876,0.24252020416229622,0
0.65,0,0.30207055217463574,-0.10293833007264372,0,0.3949383122684747,-0.30663289044479386,0
0.65,1,-0.24048016799291916,0.18230375133368826,0,0.17718096076955375,0.24208863488560936,0
0.6525,0,0.30305690909912469,-0.10370618254945113,0,0.39414722732270635,-0.30764909100113236,0
0.6525,1,-0.24003647790058294,0.182908431633337,0,0.17777111309942789,0.24165560483338772,0
0.655,0,0.30404128494777904,-0.10447657309762583,0,0.39335345160078644,-0.30866334753862162,0
0.655,1,-0.23959131371682094,0.18351202753478091,0,0.17836023391018541,0.2412211163217349,0
0.6575,0,0.30502367299949706,-0.10524949684773174,0,0.39255698977363751,-0.30967565254611218,0
0.6575,1,-0.23914467802488554,0.18411453539477715,0,0.1789483196381419,0.24078517167526203,0
0.66,0,0.30600406654488282,-0.1060249489115682,0,0.39175784653498541,-0.31068599852306017,0
0.66,1,-0.23869657341693265,0.18471595157590509,0,0.17953536672417222,0.24034777322708234,0
0.6625,0,0.30698245888630321,-0.10680292438219653,0,0.39095602660133927,-0.31169437797960525,0
0.6625,1,-0.23824700249401026,0.18531627244658744,0,0.18012137161372979,0.23990892331880584,0
0.665,0,0.30795884333794488,-0.10758341833396685,0,0.39015153471197117,-0.31270078343664842,0
0.665,1,-0.23779596786604701,0.1859154943811116,0,0.18070633075686565,0.23946862430053395,0
0.6675,0,0.30893321322587097,-0.10836642582254508,0,0.38934437562889551,-0.31370520742592978,0
0.6675,1,-0.23734347215184062,0.18651361375965084,0,0.18129024060824775,0.23902687853085403,0
0.67,0,0.30990556188807816,-0.10915194188494012,0,0.38853455413684823,-0.31470764249010647,0
0.67,1,-0.23688951797904634,0.18711062696828545,0,0.1818730976271801,0.23858368837683397,0
0.6725,0,0.31087588267455329,-0.1099399615395313,0,0.38772207504326545,-0.31570808118283028,0
0.6725,1,-0.23643410798416534,0.18770653039902402,0,0.18245489827762204,0.23813905621401668,0
0.675,0,0.31184416894733019,-0.11073047978609586,0,0.38690694317826191,-0.31670651606882566,0
0.675,1,-0.23597724481253304,0.18830132044982456,0,0.18303563902820746,0.23769298442641454,0
0.6775,0,0.31281041408054627,-0.11152349160583686,0,0.3860891633946093,-0.31770293972396735,0
0.6775,1,-0.23551893111830746,0.1888949935246157,0,0.18361531635226408,0.23724547540650379,0
0.68,0,0.31377461146049918,-0.11231899196141101,0,0.38526874056771399,-0.31869734473535805,0
0.68,1,-0.23505916956445735,0.18948754603331786,0,0.18419392672783266,0.23679653155521899,0
0.6825,0,0.31473675448570332,-0.11311697579695697,0,0.38444567959559461,-0.31968972370140641,0
0.6825,1,-0.23459796282275044,0.1900789743918643,0,0.1847714666376864,0.2363461552819473,0
0.685,0,0.31569683656694636,-0.11391743803812361,0,0.38361998539885939,-0.32068006923190456,0
0.685,1,-0.23413531357374165,0.19066927502222239,0,0.18534793256935014,0.23589434900452286,0
0.6875,0,0.31665485112734576,-0.11472037359209862,0,0.38279166292068301,-0.32166837394810577,0
0.6875,1,-0.23367122450676106,0.19125844435241457,0,0.18592332101511971,0.235441115149221,0
0.69,0,0.31761079160240507,-0.11552577734763726,0,0.38196071712678326,-0.32265463048280224,0
0.69,1,-0.23320569831990207,0.19184647881653955,0,0.18649762847208132,0.2349864561507525,0
0.6925,0,0.31856465144007029,-0.11633364417509127,0,0.38112715300539746,-0.32363883148040279,0
0.6925,1,-0.2327387377200093,0.19243337485479331,0,0.18707085144213079,0.23453037445225777,0
0.695,0,0.31951642410078612,-0.11714396892643804,0,0.38029097556725838,-0.32462096959701026,0
0.695,1,-0.23227034542266664,0.19301912891349027,0,0.18764298643199301,0.23407287250530101,0
0.6975,0,0.32046610305755213,-0.11795674643530993,0,0.37945218984557011,-0.3256010375004994,0
0.6975,1,-0.23180052415218511,0.19360373744508422,0,0.18821402995324127,0.23361395276986435,0
0.7,0,0.32141368179597907,-0.11877197151702379,0,0.37861080089598326,-0.32657902787059417,0
0.7,1,-0.23132927664159067,0.19418719690818947,0,0.18878397852231671,0.2331536177143419,0
0.7025,0,0.32235915381434477,-0.11958963896861072,0,0.37776681379657029,-0.32755493339894542,0
0.7025,1,-0.23085660563261209,0.19476950376760183,0,0.18935282866054762,0.23269186981553378,0
0.705,0,0.32330251262365023,-0.12040974356884591,0,0.37692023364780025,-0.32852874678920846,0
0.705,1,-0.23038251387566869,0.19535065449431954,0,0.189920576894169,0.23222871155864011,0
0.7075,0,0.32424375174767561,-0.12123228007827883,0,0.37607106557251324,-0.32950046075712036,0
0.7075,1,-0.22990700412985804,0.19593064556556442,0,0.19048721975434182,0.23176414543725504,0
0.71,0,0.32518286472303615,-0.12205724323926345,0,0.37521931471589459,-0.3304700680305776,0
0.71,1,-0.22943007916294364,0.19650947346480269,0,0.19105275377717268,0.23129817395336058,0
0.7125,0,0.3261198450992378,-0.12288462777598881,0,0.37436498624544889,-0.33143756134971336,0
0.7125,1,-0.2289517417513425,0.19708713468176603,0,0.19161717550373308,0.2308307996173205,0
0.715,0,0.32705468643873331,-0.12371442839450968,0,0.37350808535097335,-0.33240293346697491,0
0.715,1,-0.22847199468011273,0.19766362571247253,0,0.19218048148007902,0.23036202494787422,0
0.7175,0,0.32798738231697772,-0.1245466397827774,0,0.3726486172445313,-0.33336617714720096,0
0.7175,1,-0.22799084074294104,0.19823894305924755,0,0.19274266825727043,0.22989185247213051,0
0.72,0,0.3289179263224839,-0.12538125661067101,0,0.37178658716042495,-0.33432728516769894,0
0.72,1,-0.22750828274213022,0.19881308323074467,0,0.19330373239139073,0.22942028472556131,0
0.7225,0,0.32984631205687837,-0.12621827353002854,0,0.37092200035516826,-0.33528625031832232,0
0.7225,1,-0.22702432348858653,0.19938604274196661,0,0.19386367044356628,0.22894732425199543,0
0.725,0,0.33077253313495664,-0.12705768517467839,0,0.37005486210745908,-0.33624306540154786,0
0.725,1,-0.2265389658018071,0.19995781811428612,0,0.19442247897998602,0.22847297360361227,0
0.7275,0,0.33169658318473866,-0.127899486160471,0,0.3691851777181514,-0.33719772323255259,0
0.7275,1,-0.22605221250986721,0.2005284058754668,0,0.19498015457192089,0.22799723534093536,0
0.73,0,0.33261845584752414,-0.12874367108531082,0,0.36831295251022689,-0.33815021663929118,0
0.73,1,-0.22556406644940763,0.20109780255968401,0,0.19553669379574348,0.22752011203282596,0
0.7325,0,0.33353814477794791,-0.12959023452918814,0,0.36743819182876641,-0.33910053846257288,0
0.7325,1,-0.22507453046562176,0.20166600470754564,0,0.1960920932329476,0.22704160625647674,0
0.735,0,0.33445564364403502,-0.13043917105421152,0,0.36656090104092126,-0.3400486815561386,0
0.735,1,-0.22458360741224287,0.20223300886611301,0,0.19664634947016785,0.22656172059740509,0
0.7375,0,0.33537094612725604,-0.1312904752046401,0,0.36568108553588374,-0.34099463878673797,0
0.7375,1,-0.22409130015153117,0.20279881158892157,0,0.1971994590991992,0.22608045764944676,0
0.74,0,0.33628404592258199,-0.13214414150691628,0,0.3647987507248579,-0.34193840303420614,0
0.74,1,-0.22359761155426089,0.20336340943600181,0,0.19775141871701671,0.22559782001474918,0
0.7425,0,0.33719493673853934,-0.13300016446969845,0,0.36391390204102958,-0.34287996719154085,0
0.7425,1,-0.22310254449970737,0.20392679897389995,0,0.19830222492579502,0.22511381030376484,0
0.745,0,0.33810361229726504,-0.1338585385838941,0,0.36302654493953634,-0.34381932416497912,0
0.745,1,-0.22260610187563395,0.20448897677569872,0,0.19885187433292814,0.22462843113524472,0
0.7475,0,0.33901006633456127,-0.13471925832269291,0,0.36213668489743706,-0.34475646687407413,0
0.7475,1,-0.222108286578279,0.20504993942103805,0,0.19940036355104898,0.22414168513623145,0
0.75,0,0.33991429259995015,-0.13558231814160021,0,0.36124432741368118,-0.34569138825177187,0
0.75,1,-0.22160910151234262,0.2056096834961359,0,0.19994768919804912,0.22365357494205268,0
0.7525,0,0.3408162848567286,-0.13644771247847054,0,0.36034947800907774,-0.34662408124448796,0
0.7525,1,-0.22110854959097367,0.20616820559380886,0,0.20049384789709843,0.22316410319631422,0
0.755,0,0.34171603688202279,-0.13731543575354138,0,0.35945214222626393,-0.34755453881218401,0
0.755,1,-0.22060663373575648,0.20672550231349288,0,0.2010388362766648,0.22267327255089325,0
0.7575,0,0.34261354246684272,-0.13818548236946718,0,0.35855232562967349,-0.34848275392844447,0
0.7575,1,-0.22010335687669749,0.2072815702612639,0,0.20158265097053385,0.22218108566593139,0
0.76,0,0.34350879541613671,-0.13905784671135343,0,0.35765003380550475,-0.34940871958055297,0
0.76,1,-0.21959872195221203,0.20783640604985859,0,0.20212528861782869,0.22168754520982786,0
0.7625,0,0.3444017895488457,-0.13993252314679108,0,0.3567452723616884,-0.35033242876956872,0
0.7625,1,-0.21909273190911097,0.20839000629869492,0,0.20266674586302957,0.2211926538592324,0
0.765,0,0.34529251869795763,-0.14080950602589104,0,0.35583804692785487,-0.35125387451040302,0
0.765,1,-0.21858538970258717,0.20894236763389276,0,0.20320701935599375,0.22069641429903838,0
0.7675,0,0.34618097671056158,-0.1416887896813189,0,0.35492836315530141,-0.3521730498318954,0
0.7675,1,-0.21807669829620221,0.20949348668829454,0,0.20374610575197516,0.22019882922237566,0
0.77,0,0.3470671574479019,-0.14257036842832987,0,0.35401622671695898,-0.35308994777689001,0
0.77,1,-0.21756666066187269,0.21004336010148578,0,0.20428400171164424,0.21969990133060355,0
0.7725,0,0.34795105478543231,-0.14345423656480388,0,0.35310164330735866,-0.35400456140231168,0
0.7725,1,-0.21705527977985675,0.21059198451981567,0,0.20482070390110771,0.21919963333330364,0
0.775,0,0.34883266261286977,-0.14434038837128083,0,0.35218461864259798,-0.35491688377924208,0
0.775,1,-0.21654255863874045,0.21113935659641764,0,0.20535620899192839,0.21869802794827262,0
0.7775,0,0.34971197483424837,-0.14522881811099611,0,0.35126515846030659,-0.35582690799299577,0
0.7775,1,-0.21602850023542411,0.21168547299122986,0,0.20589051366114497,0.21819508790151504,0
0.78,0,0.35058898536797328,-0.14611952002991635,0,0.35034326851961212,-0.35673462714319609,0
0.78,1,-0.21551310757510855,0.2122303303710158,0,0.20642361459129191,0.21769081592723608,0
0.7825,0,0.35146368814687418,-0.14701248835677516,0,0.34941895460110511,-0.35764003434385117,0
0.7825,1,-0.2149963836712814,0.21277392540938464,0,0.20695550847041921,0.21718521476783414,0
0.785,0,0.35233607711825904,-0.14790771730310925,0,0.34849222250680423,-0.35854312272342953,0
0.785,1,-0.21447833154570323,0.21331625478681179,0,0.20748619199211232,0.21667828717389359,0
0.7875,0,0.35320614624396768,-0.1488052010632947,0,0.34756307806012088,-0.35944388542493599,0
0.7875,1,-0.2139589542283937,0.21385731519065937,0,0.20801566185551199,0.21617003590417727,0
0.79,0,0.35407388950042512,-0.14970493381458336,0,0.34663152710582346,-0.36034231560598734,0
0.79,1,-0.21343825475761763,0.21439710331519662,0,0.20854391476533413,0.21566046372561903,0
0.7925,0,0.35493930087869491,-0.15060690971713944,0,0.34569757551000141,-0.36123840643888777,0
0.7925,1,-0.2129162361798711,0.2149356158616203,0,0.20907094743188975,0.21514957341331631,0
0.795,0,0.35580237438453244,-0.15151112291407642,0,0.34476122916002905,-0.36213215111070451,0
0.795,1,-0.21239290154986737,0.21547284953807511,0,0.2095967565711048,0.2146373677505225,0
0.7975,0,0.35666310403843815,-0.15241756753149399,0,0.34382249396452891,-0.36302354282334315,0
0.7975,1,-0.2118682539305228,0.21600880105967407,0,0.21012133890454007,0.21412384952863942,0
0.8,0,0.35752148387571048,-0.15332623767851519,0,0.34288137585333484,-0.3639125747936231,0
0.8,1,-0.21134229639294286,0.21654346714851888,0,0.21064469115941126,0.21360902154720959,0
0.8025,0,0.35837750794649897,-0.1542371274473239,0,0.34193788077745479,-0.36479924025335264,0
0.8025,1,-0.21081503201640783,0.21707684453372028,0,0.21116681006860871,0.21309288661390866,0
0.805,0,0.35923117031585711,-0.15515023091320235,0,0.34099201470903345,-0.36568353244940427,0
0.805,1,-0.21028646388835867,0.21760892995141834,0,0.21168769237071758,0.21257544754453755,0
0.8075,0,0.36008246506379504,-0.15606554213456883,0,0.34004378364131432,-0.36656544464378965,0
0.8075,1,-0.20975659510438271,0.21813972014480279,0,0.21220733481003756,0.21205670716301481,0
0.81,0,0.36093138628533245,-0.15698305515301575,0,0.33909319358860157,-0.36744497011373467,0
0.81,1,-0.20922542876819941,0.21866921186413327,0,0.21272573413660309,0.21153666830136864,0
0.8125,0,0.36177792809055098,-0.1579027639933476,0,0.33814025058622177,-0.36832210215175432,0
0.8125,1,-0.20869296799164591,0.21919740186675965,0,0.21324288710620315,0.21101533379972909,0
0.815,0,0.36262208460464684,-0.15882466266361944,0,0.33718496069048498,-0.36919683406572745,0
0.815,1,-0.20815921589466266,0.21972428691714221,0,0.21375879048040139,0.21049270650632018,0
0.8175,0,0.36346384996798325,-0.15974874515517531,0,0.33622732997864579,-0.3700691591789716,0
0.8175,1,-0.20762417560527896,0.22024986378687192,0,0.21427344102655607,0.20996878927745186,0
0.82,0,0.36430321833614265,-0.16067500544268692,0,0.33526736454886413,-0.37093907083031741,0
0.82,1,-0.20708785025959847,0.22077412925469062,0,0.21478683551784009,0.209443584977512,0
0.8225,0,0.36514018387997893,-0.16160343748419256,0,0.33430507052016534,-0.3718065623741833,0
0.8225,1,-0.20655024300178459,0.2212970801065112,0,0.21529897073326101,0.2089170964789584,0
0.825,0,0.36597474078566966,-0.1625340352211361,0,0.33334045403240042,-0.37267162718064989,0
0.825,1,-0.20601135698404591,0.22181871313543777,0,0.21580984345768112,0.20838932666231053,0
0.8275,0,0.3668068832547679,-0.16346679257840632,0,0.33237352124620578,-0.37353425863553419,0
0.8275,1,-0.20547119536662151,0.22233902514178583,0,0.21631945048183748,0.20786027841614149,0
0.83,0,0.36763660550425437,-0.16440170346437633,0,0.33140427834296254,-0.37439445014046396,0
0.83,1,-0.20492976131776625,0.22285801293310234,0,0.21682778860236199,0.2073299546370698,0
0.8325,0,0.368463901766589,-0.16533876177094309,0,0.33043273152475572,-0.37525219511295183,0
0.8325,1,-0.20438705801373605,0.22337567332418587,0,0.21733485462180141,0.20679835822975107,0
0.835,0,0.36928876628976287,-0.16627796137356737,0,0.32945888701433312,-0.37610748698646912,0
0.835,1,-0.20384308863877301,0.22389200313710664,0,0.21784064534863753,0.20626549210686973,0
0.8375,0,0.3701111933373496,-0.16721929613131362,0,0.3284827510550638,-0.37696031921051998,0
0.8375,1,-0.20329785638509057,0.22440699920122664,0,0.21834515759730722,0.20573135918913066,0
0.84,0,0.37093117718855706,-0.16816275988689017,0,0.32750432991089634,-0.37781068525071509,0
0.84,1,-0.20275136445285866,0.22492065835321962,0,0.21884838818822247,0.20519596240525081,0
0.8425,0,0.37174871213827859,-0.16910834646668962,0,0.32652362986631661,-0.37865857858884538,0
0.8425,1,-0.20220361605018863,0.22543297743709112,0,0.21935033394779066,0.20465930469195073,0
0.845,0,0.37256379249714439,-0.17005604968082938,0,0.3255406572263056,-0.3795039927229556,0
0.845,1,-0.20165461439311835,0.2259439533041985,0,0.21985099170843456,0.20412138899394608,0
0.8475,0,0.37337641259157262,-0.17100586332319234,0,0.32455541831629653,-0.38034692116741775,0
0.8475,1,-0.20110436270559703,0.22645358281327085,0,0.22035035830861249,0.20358221826393899,0
0.85,0,0.37418656676382067,-0.17195778117146787,0,0.32356791948213198,-0.38118735745300458,0
0.85,1,-0.20055286421947022,0.22696186283042905,0,0.22084843059283851,0.20304179546260961,0
0.8525,0,0.37499424937203585,-0.17291179698719283,0,0.32257816709002052,-0.38202529512696271,0
0.8525,1,-0.20000012217446453,0.22746879022920558,0,0.22134520541170249,0.20250012355860733,0
0.855,0,0.37579945479030646,-0.1738679045157929,0,0.32158616752649305,-0.38286072775308583,0
0.855,1,-0.19944613981817252,0.22797436189056453,0,0.22184067962189036,0.20195720552854213,0
0.8575,0,0.37660217740871255,-0.17482609748662398,0,0.32059192719835911,-0.3836936489117877,0
0.8575,1,-0.1988909204060374,0.22847857470292143,0,0.22233485008620424,0.2014130443569758,0
0.86,0,0.37740241163337634,-0.17578636961301394,0,0.31959545253266236,-0.38452405220017505,0
0.86,1,-0.19833446720133766,0.22898142556216317,0,0.22282771367358262,0.20086764303641313,0
0.8625,0,0.37820015188651296,-0.17674871459230432,0,0.31859674997663634,-0.38535193123212041,0
0.8625,1,-0.19777678347517177,0.22948291137166779,0,0.22331926725912057,0.20032100456729315,0
0.865,0,0.37899539260648085,-0.17771312610589238,0,0.31759582599765951,-0.3861772796383347,0
0.865,1,-0.19721787250644277,0.22998302904232437,0,0.22380950772408997,0.19977313195798005,0
0.8675,0,0.37978812824783192,-0.17867959781927334,0,0.3165926870832102,-0.38700009106643984,0
0.8675,1,-0.19665773758184271,0.23048177549255278,0,0.22429843195595967,0.19922402822475438,0
0.87,0,0.38057835328136197,-0.17964812338208269,0,0.31558733974082109,-0.38782035918104113,0
0.87,1,-0.19609638199583723,0.23097914764832347,0,0.22478603684841569,0.19867369639180396,0
0.8725,0,0.38136606219416053,-0.18061869642813874,0,0.31457979049803358,-0.38863807766379954,0
0.8725,1,-0.19553380905064999,0.23147514244317724,0,0.22527231930138153,0.19812213949121485,0
0.875,0,0.382151249489661,-0.18159131057548536,0,0.31357004590235182,-0.38945324021350386,0
0.875,1,-0.19497002205624697,0.23196975681824497,0,0.22575727622103836,0.19756936056296223,0
0.8775,0,0.38293390968769042,-0.18256595942643492,0,0.31255811252119625,-0.39026584054614283,0
0.8775,1,-0.19440502433032086,0.23246298772226731,0,0.22624090451984527,0.19701536265490122,0
0.88,0,0.38371403732451925,-0.18354263656761133,0,0.31154399694185703,-0.39107587239497699,0
0.88,1,-0.19383881919827536,0.23295483211161438,0,0.2267232011165595,0.1964601488227577,0
0.8825,0,0.38449162695291089,-0.18452133556999331,0,0.31052770577144723,-0.39188332951061039,0
0.8825,1,-0.19327140999320935,0.23344528695030548,0,0.22720416293625678,0.19590372213011897,0
0.885,0,0.38526667314217128,-0.18550204998895789,0,0.30950924563685545,-0.39268820566106238,0
0.885,1,-0.1927028000559011,0.23393434921002865,0,0.22768378691035152,0.19534608564842457,0
0.8875,0,0.38603917047819825,-0.18648477336432401,0,0.30848862318469839,-0.39349049463183899,0
0.8875,1,-0.1921329927347924,0.23442201587016037,0,0.22816206997661712,0.19478724245695678,0
0.89,0,0.3868091135635307,-0.18746949922039632,0,0.307465845081273,-0.39429019022600448,0
0.89,1,-0.19156199138597263,0.23490828391778509,0,0.22863900907920626,0.19422719564283122,0
0.8925,0,0.38757649701739794,-0.18845622106600915,0,0.30644091801250839,-0.39508728626425232,0
0.8925,1,-0.19098979937316279,0.23539315034771488,0,0.22911460116867119,0.19366594830098743,0
0.895,0,0.38834131547576844,-0.18944493239457069,0,0.30541384868391741,-0.39588177658497664,0
0.895,1,-0.19041642006769949,0.23587661216250883,0,0.22958884320198406,0.19310350353417927,0
0.8975,0,0.38910356359139903,-0.19043562668410735,0,0.30438464382054797,-0.39667365504434282,0
0.8975,1,-0.18984185684851881,0.23635866637249275,0,0.23006173214255718,0.19253986445296539,0
0.9,0,0.3898632360338834,-0.19142829739730824,0,0.30335331016693401,-0.39746291551635871,0
0.9,1,-0.18926611310214028,0.2368393099957786,0,0.23053326496026338,0.19197503417569955,0
0.9025,0,0.39062032748970088,-0.19242293798156987,0,0.30231985448704607,-0.39824955189294492,0
0.9025,1,-0.18868919222265063,0.23731854005828387,0,0.23100343863145634,0.19140901582852102,0
0.905,0,0.39137483266226497,-0.19341954186904106,0,0.30128428356424197,-0.39903355808400576,0
0.905,1,-0.18811109761168757,0.2377963535937512,0,0.23147225013899084,0.19084181254534469,0
0.9075,0,0.3921267462719718,-0.19441810247666794,0,0.30024660420121663,-0.39981492801749929,0
0.9075,1,-0.18753183267842352,0.23827274764376769,0,0.23193969647224325,0.19027342746785139,0
0.91,0,0.39287606305624828,-0.19541861320623918,0,0.29920682321995207,-0.40059365563950777,0
0.91,1,-0.18695140083954931,0.23874771925778435,0,0.23240577462713172,0.18970386374547801,0
0.9125,0,0.39362277776960031,-0.19642106744443144,0,0.29816494746166677,-0.40136973491430772,0
0.9125,1,-0.18636980551925772,0.23922126549313547,0,0.23287048160613666,0.18913312453540759,0
0.915,0,0.39436688518366086,-0.19742545856285487,0,0.2971209837867651,-0.40214315982443993,0
0.915,1,-0.18578705014922714,0.23969338341505791,0,0.23333381441832102,0.18856121300255935,0
0.9175,0,0.39510838008723781,-0.19843177991809891,0,0.29607493907478605,-0.40291392437077911,0
0.9175,1,-0.18520313816860506,0.24016407009671059,0,0.23379577007935068,0.1879881323195787,0
0.92,0,0.39584725728636172,-0.19944002485177814,0,0.29502682022435195,-0.40368202257260366,0
0.92,1,-0.18461807302399147,0.2406333226191936,0,0.23425634561151482,0.18741388566682715,0
0.9225,0,0.39658351160433358,-0.20045018669057849,0,0.29397663415311676,-0.40444744846766523,0
0.9225,1,-0.18403185816942239,0.24110113807156761,0,0.23471553804374629,0.18683847623237224,0
0.925,0,0.39731713788177214,-0.20146225874630339,0,0.29292438779771418,-0.40521019611225789,0
0.925,1,-0.18344449706635316,0.24156751355087305,0,0.23517334441164203,0.18626190721197727,0
0.9275,0,0.39804813097666142,-0.20247623431592032,0,0.29187008811370541,-0.40597025958128752,0
0.9275,1,-0.18285599318364176,0.24203244616214939,0,0.23562976175748349,0.18568418180909113,0
0.93,0,0.39877648576439795,-0.20349210668160736,0,0.29081374207552652,-0.40672763296834069,0
0.93,1,-0.18226634999753208,0.24249593301845429,0,0.23608478713025688,0.18510530323483804,0
0.9325,0,0.39950219713783791,-0.20450986911079999,0,0.2897553566764357,-0.40748231038575361,0
0.9325,1,-0.18167557099163717,0.24295797124088284,0,0.23653841758567373,0.18452527470800711,0
0.935,0,0.40022526000734404,-0.20552951485623802,0,0.2886949389284601,-0.40823428596468081,0
0.935,1,-0.18108365965692233,0.24341855795858663,0,0.23699065018619123,0.18394409945504206,0
0.9375,0,0.40094566930083253,-0.20655103715601283,0,0.28763249586234246,-0.40898355385516377,0
0.9375,1,-0.18049061949168829,0.24387769030879297,0,0.23744148200103263,0.18336178071003065,0
0.94,0,0.40166341996381982,-0.20757442923361455,0,0.28656803452748747,-0.40973010822619915,0
0.94,1,-0.17989645400155424,0.24433536543682388,0,0.23789091010620769,0.18277832171469427,0
0.9425,0,0.40237850695946908,-0.20859968429797957,0,0.28550156199190757,-0.41047394326580716,0
0.9425,1,-0.17930116669944082,0.24479158049611521,0,0.23833893158453312,0.18219372571837733,0
0.945,0,0.40309092526863666,-0.20962679554353819,0,0.28443308534216888,-0.41121505318109963,0
0.945,1,-0.17870476110555308,0.24524633264823573,0,0.23878554352565295,0.18160799597803662,0
0.9475,0,0.40380066988991853,-0.2106557561502625,0,0.2833626116833366,-0.41195343219834779,0
0.9475,1,-0.17810724074736345,0.24569961906290605,0,0.23923074302605904,0.18102113575823064,0
0.95,0,0.40450773583969635,-0.21168655928371424,0,0.28229014813892012,-0.41268907456305004,0
0.95,1,-0.17750860915959449,0.24615143691801772,0,0.23967452718911142,0.18043314833110891,0
0.9525,0,0.4052121181521835,-0.21271919809509304,0,0.28121570185081785,-0.41342197453999963,0
0.9525,1,-0.17690886988420176,0.24660178339965211,0,0.24011689312505882,0.17984403697640111,0
0.955,0,0.40591381187947112,-0.21375366572128474,0,0.2801392799792618,-0.41415212641335181,0
0.955,1,-0.17630802647035662,0.24705065570209936,0,0.24055783795105909,0.17925380498140631,0
0.9575,0,0.40661281209157363,-0.21478995528490979,0,0.27906088970276205,-0.41487952448669124,0
0.9575,1,-0.17570608247442879,0.24749805102787734,0,0.2409973587911996,0.17866245564098199,0
0.96,0,0.40730911387647462,-0.21582805989437204,0,0.27798053821805047,-0.415604163083099,0
0.96,1,-0.17510304145996913,0.24794396658775048,0,0.24143545277651779,0.17806999225753309,0
0.9625,0,0.40800271234017221,-0.21686797264390745,0,0.27689823274002462,-0.41632603654521932,0
0.9625,1,-0.17449890699769222,0.24838839960074865,0,0.24187211704502154,0.17747641814100104,0
0.965,0,0.40869360260672438,-0.21790968661363314,0,0.2758139805016912,-0.41704513923532649,0
0.965,1,-0.17389368266545879,0.24883134729418596,0,0.2423073487417097,0.17688173660885262,0
0.9675,0,0.40938177981829416,-0.21895319486959652,0,0.27472778875410914,-0.41776146553539106,0
0.9675,1,-0.17328737204825842,0.24927280690367962,0,0.24274114501859251,0.17628595098606889,0
0.97,0,0.41006723913519472,-0.21999849046382469,0,0.27363966476633245,-0.41847500984714647,0
0.97,1,-0.1726799787381918,0.24971277567316863,0,0.24317350303471205,0.17568906460513392,0
0.9725,0,0.4107499757359343,-0.22104556643437381,0,0.27254961582535281,-0.41918576659215506,0
0.9725,1,-0.1720715063344532,0.25015125085493256,0,0.24360441995616283,0.17509108080602362,0
0.975,0,0.41142998481726106,-0.22209441580537884,0,0.27145764923604204,-0.41989373021187404,0
0.975,1,-0.17146195844331286,0.25058822970961031,0,0.24403389295611208,0.17449200293619438,0
0.9775,0,0.41210726159420746,-0.22314503158710333,0,0.27036377232109388,-0.42059889516772131,0
0.9775,1,-0.17085133867809918,0.25102370950621877,0,0.24446191921482041,0.17389183435057168,0
0.98,0,0.41278180130013503,-0.2241974067759894,0,0.26926799242096588,-0.42130125594114093,0
0.98,1,-0.17023965065918106,0.2514576875221714,0,0.24488849591966214,0.17329057841153875,0
0.9825,0,0.41345359918677854,-0.22525153435470791,0,0.26817031689382093,-0.42200080703366877,0
0.9825,1,-0.16962689801395006,0.25189016104329698,0,0.24531362026514592,0.17268823848892501,0
0.985,0,0.41412265052429015,-0.22630740729220875,0,0.26707075311546818,-0.42269754296699752,0
0.985,1,-0.16901308437680246,0.25232112736385814,0,0.24573728945293508,0.17208481795999453,0
0.9875,0,0.41478895060128362,-0.22736501854377131,0,0.26596930847930433,-0.42339145828304181,0
0.9875,1,-0.16839821338912145,0.25275058378656995,0,0.24615950069186823,0.17148032020943446,0
0.99,0,0.41545249472487805,-0.22842436105105512,0,0.26486599039625391,-0.42408254754400304,0
0.99,1,-0.16778228869925915,0.25317852762261844,0,0.24658025119797969,0.1708747486293434,0
0.9925,0,0.41611327822074173,-0.22948542774215067,0,0.26376080629470988,-0.42477080533243411,0
0.9925,1,-0.16716531396251852,0.25360495619167917,0,0.24699953819451997,0.17026810661921957,0
0.995,0,0.41677129643313571,-0.23054821153163033,0,0.26265376362047355,-0.42545622625130369,0
0.995,1,-0.1665472928411354,0.25402986682193562,0,0.24741735891197633,0.16966039758594914,0
0.9975,0,0.41742654472495716,-0.23161270532059952,0,0.26154486983669445,-0.4261388049240607,0
0.9975,1,-0.1659282290042603,0.25445325685009779,0,0.2478337105880932,0.16905162494379436,0
1,0,0.41807901847778278,-0.23267890199674798,0,0.26043413242380997,-0.42681853599469827,0
1,1,-0.16530812612794032,0.25487512362142051,0,0.24824859046789269,0.16844179211438159,0
1.0025,0,0.4187287130919119,-0.23374679443440113,0,0.25932155887948438,-0.42749541412781755,0
1.0025,1,-0.16468698789510083,0.25529546448972185,0,0.24866199580369513,0.16783090252668947,0
1.005,0,0.41937562398640943,-0.23481637549457177,0,0.25820715671854799,-0.42816943400869162,0
1.005,1,-0.1640648179955273,0.2557142768174015,0,0.24907392385513957,0.16721895961703678,0
1.0075,0,0.42001974659914876,-0.23588763802501178,0,0.25709093347293582,-0.42884059034332866,0
1.0075,1,-0.16344162012584687,0.25613155797545911,0,0.24948437188920417,0.16660596682907045,0
1.01,0,0.42066107638685446,-0.23696057486026412,0,0.25597289669162598,-0.42950887785853548,0
1.01,1,-0.16281739798951009,0.25654730534351267,0,0.2498933371802268,0.16599192761375334,0
1.0125,0,0.42129960882514472,-0.23803517882171477,0,0.25485305394057789,-0.43017429130198037,0
1.0125,1,-0.16219215529677239,0.25696151630981656,0,0.25030081700992551,0.1653768454293521,0
1.015,0,0.42193533940857381,-0.23911144271764506,0,0.2537314128026702,-0.43083682544225621,0
1.015,1,-0.1615658957646757,0.25737418827128006,0,0.25070680866741907,0.16476072374142495,0
1.0175,0,0.42256826365067418,-0.24018935934328406,0,0.25260798087763836,-0.4314964750689429,0
1.0175,1,-0.16093862311702986,0.25778531863348536,0,0.25111130944924742,0.16414356602280922,0
1.02,0,0.42319837708399877,-0.24126892148086107,0,0.25148276578201195,-0.43215323499267,0
1.02,1,-0.16031034108439407,0.25819490481070589,0,0.25151431665939217,0.16352537575360909,0
1.0225,0,0.42382567526016257,-0.24235012189965838,0,0.25035577514905194,-0.43280710004517892,0
1.0225,1,-0.15968105340405822,0.25860294422592439,0,0.25191582760929704,0.16290615642118311,0
1.025,0,0.42445015374988476,-0.24343295335606407,0,0.24922701662868724,-0.43345806507938484,0
1.025,1,-0.15905076382002423,0.25900943431085105,0,0.2523158396178885,0.16228591152013166,0
1.0275,0,0.42507180814302992,-0.24451740859362511,0,0.2480964978874515,-0.43410612496943873,0
1.0275,1,-0.15841947608298737,0.25941437250594157,0,0.2527143500115962,0.16166464455228446,0
1.03,0,0.42569063404864976,-0.24560348034310039,0,0.24696422660841927,-0.43475127461078883,0
1.03,1,-0.1577871939503174,0.25981775626041531,0,0.25311135612437341,0.1610423590266879,0
1.0325,0,0.4263066270950242,-0.24669116132251417,0,0.24583021049114206,-0.43539350892024214,0
1.0325,1,-0.1571539211860398,0.26021958303227316,0,0.2535068552977176,0.16041905845959231,0
1.035,0,0.42691978292970262,-0.24778044423720952,0,0.24469445725158409,-0.43603282283602557,0
1.035,1,-0.15651966156081679,0.26061985028831569,0,0.25390084488069087,0.1597947463744393,0
1.0375,0,0.42753009721954466,-0.24887132177990187,0,0.2435569746220578,-0.43666921131784692,0
1.0375,1,-0.1558844188519285,0.26101855550416103,0,0.25429332222994044,0.15916942630184885,0
1.04,0,0.42813756565076116,-0.24996378663073288,0,0.24241777035115908,-0.43730266934695566,0
1.04,1,-0.15524819684325392,0.26141569616426286,0,0.25468428470971927,0.15854310177960654,0
1.0425,0,0.42874218392895475,-0.2510578314573243,0,0.24127685220370221,-0.4379331919262035,0
1.0425,1,-0.15461099932525188,0.2618112697619282,0,0.25507372969190628,0.15791577635265053,0
1.045,0,0.42934394777916018,-0.25215344891483216,0,0.24013422796065464,-0.43856077408010458,0
1.045,1,-0.15397283009494198,0.26220527379933534,0,0.25546165455602715,0.15728745357305857,0
1.0475,0,0.42994285294588486,-0.25325063164600092,0,0.23898990541907136,-0.43918541085489565,0
1.0475,1,-0.15333369295588534,0.26259770578755171,0,0.25584805668927457,0.156658137000035,0
1.05,0,0.43053889519314875,-0.25434937228121779,0,0.23784389239202916,-0.43980709731859607,0
1.05,1,-0.15269359171816557,0.26298856324655162,0,0.25623293348652887,0.15602783019989755,0
1.0525,0,0.4311320703045245,-0.25544966343856734,0,0.23669619670856051,-0.44042582856106727,0
1.0525,1,-0.15205253019836945,0.26337784370523409,0,0.25661628235037837,0.15539653674606418,0
1.055,0,0.43172237408317721,-0.25655149772388625,0,0.2355468262135873,-0.44104159969407225,0
1.055,1,-0.15141051221956756,0.26376554470144048,0,0.25699810069113993,0.15476426021903988,0
1.0575,0,0.43230980235190403,-0.25765486773081803,0,0.23439578876785416,-0.44165440585133492,0
1.0575,1,-0.15076754161129502,0.2641516637819723,0,0.25737838592687939,0.1541310042064033,0
1.06,0,0.43289435095317369,-0.25875976604086792,0,0.23324309224786172,-0.44226424218859889,0
1.06,1,-0.15012362220953213,0.26453619850260879,0,0.25775713548343215,0.15349677230279332,0
1.0625,0,0.43347601574916578,-0.25986618522345828,0,0.23208874454579947,-0.44287110388368628,0
1.0625,1,-0.1494787578566848,0.26491914642812464,0,0.25813434679442343,0.15286156810989579,0
1.065,0,0.43405479262180985,-0.26097411783598357,0,0.23093275356947843,-0.44347498613655623,0
1.065,1,-0.14883295240156516,0.26530050513230757,0,0.25851001730128892,0.15222539523642983,0
1.0675,0,0.43463067747282452,-0.26208355642386594,0,0.22977512724226354,-0.44407588416936333,0
1.0675,1,-0.14818620969937193,0.2656802721979758,0,0.25888414445329516,0.15158825729813438,0
1.07,0,0.43520366622375611,-0.26319449352061081,0,0.2286158735030058,-0.44467379322651546,0
1.07,1,-0.14753853361167085,0.26605844521699568,0,0.25925672570755992,0.15095015791775451,0
1.0725,0,0.43577375481601732,-0.26430692164786235,0,0.22745500030597421,-0.44526870857473183,0
1.0725,1,-0.14688992800637507,0.26643502179029915,0,0.25962775852907283,0.15031110072502779,0
1.075,0,0.43634093921092576,-0.26542083331545963,0,0.22629251562078737,-0.44586062550310035,0
1.075,1,-0.14624039675772532,0.2668099995279013,0,0.25999724039071559,0.14967108935667048,0
1.0775,0,0.4369052153897422,-0.26653622102149244,0,0.22512842743234487,-0.44644953932313519,0
1.0775,1,-0.14558994374627032,0.26718337604891756,0,0.2603651687732827,0.14903012745636374,0
1.08,0,0.43746657935370858,-0.26765307725235737,0,0.2239627437407585,-0.44703544536883377,0
1.08,1,-0.14493857285884684,0.26755514898158145,0,0.26073154116550157,0.14838821867473967,0
1.0825,0,0.43802502712408614,-0.26877139448281434,0,0.2227954725612831,-0.44761833899673364,0
1.0825,1,-0.14428628798855989,0.26792531596326158,0,0.26109635506405321,0.14774536666936747,0
1.085,0,0.43858055474219304,-0.26989116517604272,0,0.2216266219242472,-0.44819821558596928,0
1.085,1,-0.14363309303476282,0.26829387464047921,0,0.26145960797359258,0.14710157510473934,0
1.0875,0,0.4391331582694421,-0.27101238178369808,0,0.22045619987498352,-0.44877507053832827,0
1.0875,1,-0.14297899190303737,0.26866082266892544,0,0.2618212974067689,0.14645684765225644,0
1.09,0,0.43968283378737805,-0.27213503674596889,0,0.21928421447375901,-0.44934889927830762,0
1.09,1,-0.14232398850517361,0.26902615771347854,0,0.26218142088424623,0.1458111879902147,0
1.0925,0,0.4402295773977149,-0.27325912249163326,0,0.21811067379570481,-0.44991969725316966,0
1.0925,1,-0.14166808675914991,0.26938987744822107,0,0.26253997593472367,0.14516459980379068,0
1.095,0,0.44077338522237297,-0.27438463143811598,0,0.21693558593074602,-0.4504874599329976,0
1.095,1,-0.1410112905891128,0.26975197955645708,0,0.262896960094956,0.14451708678502723,0
1.0975,0,0.44131425340351582,-0.27551155599154564,0,0.21575895898353101,-0.45105218281075105,0
1.0975,1,-0.1403536039253569,0.27011246173072939,0,0.26325237090977394,0.1438686526328192,0
1.1,0,0.44185217810358696,-0.27663988854681199,0,0.21458080107336067,-0.45161386140232124,0
1.1,1,-0.13969503070430456,0.27047132167283655,0,0.26360620593210449,0.14321930105289896,0
1.1025,0,0.4423871555053463,-0.27776962148762313,0,0.21340112033411732,-0.45217249124658587,0
1.1025,1,-0.1390355748684857,0.27082855709384995,0,0.26395846272299139,0.14256903575782201,0
1.105,0,0.4429191818119067,-0.27890074718656321,0,0.21221992491419353,-0.45272806790546383,0
1.105,1,-0.13837524036651744,0.2711841657141309,0,0.26430913885161555,0.1419178604669524,0
1.1075,0,0.44344825324676995,-0.28003325800515,0,0.21103722297642047,-0.45328058696396961,0
1.1075,1,-0.13771403115308378,0.27153814526334763,0,0.26465823189531529,0.14126577890644815,0
1.11,0,0.44397436605386298,-0.28116714629389278,0,0.20985302269799622,-0.45383004403026744,0
1.11,1,-0.13705195118891514,0.27189049348049227,0,0.26500573943960665,0.14061279480924654,0
1.1125,0,0.44449751649757346,-0.28230240439235027,0,0.20866733227041376,-0.45437643473572542,0
1.1125,1,-0.13638900444076787,0.27224120811389763,0,0.26535165907820402,0.13995891191504942,0
1.115,0,0.44501770086278569,-0.28343902462918863,0,0.20748015989938876,-0.45491975473496893,0
1.115,1,-0.13572519488140383,0.27259028692125431,0,0.2656959884130401,0.13930413397030836,0
1.1175,0,0.44553491545491591,-0.28457699932223973,0,0.20629151380478705,-0.4554599997059342,0
1.1175,1,-0.13506052648956968,0.27293772766962748,0,0.26603872505428661,0.13864846472820985,0
1.12,0,0.44604915659994759,-0.28571632077855957,0,0.20510140222055201,-0.45599716534992141,0
1.12,1,-0.13439500324997636,0.27328352813547357,0,0.26637986662037433,0.13799190794866031,0
1.1225,0,0.44656042064446655,-0.28685698129448656,0,0.20390983339463153,-0.45653124739164769,0
1.1225,1,-0.13372862915327838,0.27362768610465726,0,0.26671941073801353,0.1373344673982711,0
1.125,0,0.44706870395569598,-0.28799897315570022,0,0.20271681558890497,-0.4570622415792997,0
1.125,1,-0.13306140819605308,0.27397019937246803,0,0.26705735504221428,0.13667614685034346,0
1.1275,0,0.44757400292153099,-0.28914228863728009,0,0.20152235707910968,-0.457590143684586,0
1.1275,1,-0.13239334438077993,0.27431106574363701,0,0.26739369717630679,0.13601695008485337,0
1.13,0,0.44807631395057335,-0.29028692000376433,0,0.2003264661547674,-0.45811494950278919,0
1.13,1,-0.1317244417158196,0.27465028303235361,0,0.26772843479196151,0.13535688088843639,0
1.1325,0,0.44857563347216567,-0.29143285950920883,0,0.19912915111911045,-0.45863665485281779,0
1.1325,1,-0.13105470421539314,0.27498784906228213,0,0.26806156554920968,0.13469594305437232,0
1.135,0,0.44907195793642579,-0.29258009939724644,0,0.19793042028900762,-0.45915525557725789,0
1.135,1,-0.13038413589956105,0.27532376166657829,0,0.26839308711646337,0.13403414038256992,0
1.1375,0,0.44956528381428068,-0.29372863190114606,0,0.19673028199488987,-0.45967074754242443,0
1.1375,1,-0.12971274079420231,0.27565801868790596,0,0.26872299717053583,0.13337147667955149,0
1.14,0,0.45005560759750013,-0.29487844924387213,0,0.19552874458067585,-0.46018312663841232,0
1.14,1,-0.1290405229309933,0.27599061797845342,0,0.26905129339666178,0.13270795575843738,0
1.1425,0,0.45054292579873062,-0.2960295436381441,0,0.19432581640369706,-0.46069238877914709,0
1.1425,1,-0.12836748634738682,0.27632155739995012,0,0.26937797348851755,0.13204358143893052,0
1.145,0,0.45102723495152852,-0.29718190728649607,0,0.19312150583462298,-0.46119852990243571,0
1.145,1,-0.12769363508659087,0.27665083482368291,0,0.26970303514824145,0.13137835754730073,0
1.1475,0,0.45150853161039356,-0.29833553238133664,0,0.19191582125738582,-0.46170154597001656,0
1.1475,1,-0.12701897319754751,0.27697844813051248,0,0.27002647608645375,0.1307122879163691,0
1.15,0,0.45198681235080168,-0.29949041110500868,0,0.19070877106910514,-0.46220143296760974,0
1.15,1,-0.1263435047349116,0.27730439521088979,0,0.27034829402227711,0.13004537638549224,0
1.1525,0,0.45246207376923808,-0.30064653562984939,0,0.18950036368001216,-0.4626981869049665,0
1.1525,1,-0.12566723375902955,0.27762867396487234,0,0.27066848668335675,0.12937762680054646,0
1.155,0,0.4529343124832298,-0.30180389811825048,0,0.18829060751337404,-0.4631918038159189,0
1.155,1,-0.124990164335918,0.27795128230214039,0,0.2709870518058804,0.12870904301391192,0
1.1575,0,0.45340352513137827,-0.30296249072271841,0,0.18707951100541764,-0.46368227975842896,0
1.1575,1,-0.1243123005372424,0.27827221814201336,0,0.2713039871345988,0.12803962888445666,0
1.16,0,0.45386970837339163,-0.30412230558593473,0,0.18586708260525342,-0.46416961081463753,0
1.16,1,-0.12363364644029559,0.27859147941346585,0,0.27161929042284561,0.12736938827752062,0
1.1625,0,0.45433285889011671,-0.30528333484081666,0,0.18465333077479881,-0.46465379309091293,0
1.1625,1,-0.12295420612797633,0.27890906405514387,0,0.27193295943255757,0.12669832506489948,0
1.165,0,0.45479297338357111,-0.30644557061057764,0,0.18343826398870156,-0.4651348227178993,0
1.165,1,-0.12227398368876777,0.27922497001538105,0,0.27224499193429486,0.12602644312482861,0
1.1675,0,0.45525004857697482,-0.30760900500878824,0,0.18222189073426279,-0.46561269585056481,0
1.1675,1,-0.12159298321671583,0.27953919525221455,0,0.2725553857072609,0.12535374634196683,0
1.17,0,0.45570408121478184,-0.30877363013943676,0,0.18100421951135995,-0.46608740866824927,0
1.17,1,-0.1209112088114076,0.27985173773340122,0,0.27286413853932268,0.12468023860738008,0
1.1725,0,0.4561550680627115,-0.30993943809699048,0,0.17978525883236932,-0.46655895737471181,0
1.1725,1,-0.12022866457794966,0.28016259543643363,0,0.27317124822703076,0.12400592381852507,0
1.175,0,0.45660300590777958,-0.31110642096645658,0,0.17856501722208862,-0.46702733819817804,0
1.175,1,-0.11954535462694632,0.28047176634855581,0,0.27347671257563938,0.1233308058792329,0
1.1775,0,0.45704789155832926,-0.31227457082344351,0,0.17734350321765915,-0.46749254739138707,0
1.1775,1,-0.11886128307447787,0.28077924846677949,0,0.27378052939912645,0.12265488869969253,0
1.18,0,0.45748972184406195,-0.31344387973422227,0,0.17612072536848786,-0.46795458123163819,0
1.18,1,-0.11817645404207869,0.28108503979789962,0,0.27408269652021366,0.12197817619643424,0
1.1825,0,0.45792849361606774,-0.31461433975578784,0,0.17489669223616919,-0.46841343602083713,0
1.1825,1,-0.11749087165671544,0.28138913835851054,0,0.27438321177038655,0.12130067229231298,0
1.185,0,0.45836420374685599,-0.31578594293592083,0,0.1736714123944067,-0.46886910808554244,0
1.185,1,-0.11680454005076507,0.28169154217502157,0,0.27468207298991443,0.12062238091649168,0
1.1875,0,0.45879684913038515,-0.316958681313249,0,0.17244489442893446,-0.4693215937770111,0
1.1875,1,-0.11611746336199284,0.28199224928367272,0,0.27497927802787048,0.11994330600442446,0
1.19,0,0.45922642668209313,-0.3181325469173093,0,0.17121714693743834,-0.46977088947124407,0
1.19,1,-0.11542964573353032,0.28229125773055058,0,0.27527482474215165,0.11926345149783985,0
1.1925,0,0.45965293333892676,-0.31930753176860965,0,0.16998817852947692,-0.47021699156903174,0
1.1925,1,-0.11474109131385325,0.28258856557160378,0,0.2755687109994987,0.1185828213447238,0
1.195,0,0.46007636605937163,-0.32048362787869095,0,0.16875799782640247,-0.4706598964959986,0
1.195,1,-0.11405180425675948,0.28288417087265882,0,0.27586093467551609,0.11790141949930275,0
1.1975,0,0.46049672182348123,-0.32166082725018924,0,0.16752661346128139,-0.47109960070264822,0
1.1975,1,-0.11336178872134672,0.28317807170943549,0,0.27615149365469199,0.11721924992202656,0
1.2,0,0.46091399763290636,-0.32283912187689806,0,0.16629403407881485,-0.47153610066440738,0
1.2,1,-0.11267104887199034,0.28347026616756243,0,0.27644038583041819,0.11653631657955145,0
1.2025,0,0.46132819051092394,-0.32401850374383068,0,0.16506026833525883,-0.47196939288167034,0
1.2025,1,-0.11197958887832105,0.28376075234259279,0,0.27672760910500999,0.1158526234447227,0
1.205,0,0.46173929750246595,-0.32519896482728256,0,0.16382532489834431,-0.4723994738798426,0
1.205,1,-0.11128741291520262,0.2840495283400194,0,0.27701316138972604,0.11516817449655752,0
1.2075,0,0.46214731567414785,-0.32638049709489408,0,0.16258921244719698,-0.4728263402093843,0
1.2075,1,-0.11059452516270948,0.2843365922752904,0,0.27729704060478827,0.11448297372022759,0
1.21,0,0.46255224211429719,-0.32756309250571314,0,0.16135193967225703,-0.47324998844585353,0
1.21,1,-0.10990092980610425,0.28462194227382448,0,0.27757924467940182,0.11379702510704176,0
1.2125,0,0.46295407393298149,-0.32874674301025791,0,0.16011351527519849,-0.47367041518994929,0
1.2125,1,-0.10920663103581528,0.28490557647102632,0,0.27785977155177471,0.11311033265442856,0
1.215,0,0.46335280826203656,-0.32993144055057977,0,0.1588739479688486,-0.47408761706755403,0
1.215,1,-0.10851163304741414,0.28518749301230173,0,0.27813861916913779,0.11242290036591863,0
1.2175,0,0.46374844225509398,-0.33111717706032645,0,0.15763324647710689,-0.47450159072977599,0
1.2175,1,-0.10781594004159301,0.28546769005307304,0,0.27841578548776441,0.11173473225112714,0
1.22,0,0.46414097308760893,-0.33230394446480493,0,0.15639141953486399,-0.47491233285299123,0
1.22,1,-0.10711955622414206,0.28574616575879414,0,0.27869126847299042,0.11104583232573607,0
1.2225,0,0.46453039795688739,-0.33349173468104476,0,0.15514847588792044,-0.47531984013888534,0
1.2225,1,-0.10642248580592678,0.28602291830496562,0,0.27896506609923372,0.11035620461147654,0
1.225,0,0.46491671408211344,-0.33468053961786148,0,0.15390442429290518,-0.47572410931449499,0
1.225,1,-0.10572473300286522,0.28629794587715013,0,0.2792371763500141,0.10966585313611085,0
1.2275,0,0.46529991870437604,-0.3358703511759199,0,0.15265927351719394,-0.4761251371322488,0
1.2275,1,-0.10502630203590524,0.28657124667098705,0,0.27950759721797297,0.10897478193341475,0
1.23,0,0.46568000908669605,-0.33706116124779772,0,0.15141303233882736,-0.47652292037000843,0
1.23,1,-0.10432719713100165,0.28684281889220775,0,0.279776326704893,0.10828299504315937,0
1.2325,0,0.46605698251405264,-0.33825296171804914,0,0.15016570954642894,-0.47691745583110889,0
1.2325,1,-0.10362742251909339,0.28711266075665054,0,0.28004336282171793,0.10759049651109319,0
1.235,0,0.46643083629340959,-0.33944574446326853,0,0.14891731393912297,-0.47730874034439896,0
1.235,1,-0.10292698243608053,0.28738077049027555,0,0.28030870358857207,0.10689729038892395,0
1.2375,0,0.46680156775374154,-0.34063950135215437,0,0.14766785432645205,-0.47769677076428091,0
1.2375,1,-0.10222588112280134,0.28764714632917959,0,0.28057234703478012,0.10620338073430052,0
1.24,0,0.46716917424605997,-0.34183422424557314,0,0.14641733952829455,-0.47808154397075014,0
1.24,1,-0.10152412282500926,0.28791178651961097,0,0.2808342911988867,0.10550877161079456,0
1.2425,0,0.46753365314343881,-0.34302990499662339,0,0.14516577837478201,-0.47846305686943463,0
1.2425,1,-0.10082171179334981,0.28817468931798429,0,0.28109453412867585,0.10481346708788226,0
1.245,0,0.46789500184104005,-0.3442265354506997,0,0.14391317970621606,-0.4788413063916338,0
1.245,1,-0.10011865228333748,0.2884358529908953,0,0.28135307388119085,0.10411747124092595,0
1.2475,0,0.46825321775613904,-0.34542410744555718,0,0.1426595523729855,-0.47921628949435718,0
1.2475,1,-0.099414948555332547,0.28869527581513538,0,0.28160990852275364,0.1034207881511556,0
1.25,0,0.46860829832814965,-0.34662261281137557,0,0.14140490523548296,-0.47958800316036287,0
1.25,1,-0.098710604874517868,0.28895295607770638,0,0.28186503612898434,0.10272342190565034,0
1.2525,0,0.46896024101864903,-0.34782204337082379,0,0.14014924716402161,-0.47995644439819551,0
1.2525,1,-0.098005625510875619,0.28920889207583511,0,0.28211845478482078,0.10202537659731978,0
1.255,0,0.4693090433114025,-0.34902239093912429,0,0.13889258703875143,-0.48032161024222408,0
1.255,1,-0.097300014739163915,0.28946308211698785,0,0.28237016258453806,0.10132665632488538,0
1.2575,0,0.46965470271238791,-0.35022364732411793,0,0.13763493374957561,-0.48068349775267938,0
1.2575,1,-0.09659377683889353,0.28971552451888505,0,0.28262015763176795,0.10062726519286172,0
1.26,0,0.46999721674981998,-0.35142580432632836,0,0.13637629619606656,-0.48104210401569103,0
1.26,1,-0.095886916094304428,0.28996621760951552,0,0.28286843803951839,0.099927207311537633,0
1.2625,0,0.4703365829741743,-0.35262885373902714,0,0.13511668328738183,-0.48139742614332448,0
1.2625,1,-0.095179436794342293,0.29021515972715112,0,0.2831150019301929,0.099226486796957322,0
1.265,0,0.47067279895821124,-0.35383278734829832,0,0.13385610394217989,-0.48174946127361734,0
1.265,1,-0.094471343232635036,0.29046234922036096,0,0.28335984743560994,0.098525107770901413,0
1.2675,0,0.47100586229699964,-0.35503759693310361,0,0.13259456708853579,-0.48209820657061564,0
1.2675,1,-0.093762639707469245,0.2907077844480257,0,0.28360297269702234,0.097823074360867887,0
1.27,0,0.47133577060794013,-0.35624327426534741,0,0.13133208166385646,-0.48244365922440968,0
1.27,1,-0.09305333052176655,0.29095146377935183,0,0.28384437586513661,0.097120390700053003,0
1.2725,0,0.47166252153078847,-0.3574498111099419,0,0.13006865661479619,-0.48278581645116964,0
1.2725,1,-0.092343419983059963,0.29119338559388608,0,0.28408405510013235,0.096417060927332113,0
1.275,0,0.47198611272767843,-0.35865719922487233,0,0.12880430089717154,-0.48312467549318067,0
1.275,1,-0.091632912403470199,0.29143354828152929,0,0.28432200857168138,0.095713089187240363,0
1.2775,0,0.47230654188314475,-0.3598654303612624,0,0.12753902347587648,-0.48346023361887797,0
1.2775,1,-0.090921812099681892,0.29167195024255077,0,0.28455823445896733,0.09500847962995343,0
1.28,0,0.47262380670414561,-0.36107449626343957,0,0.12627283332479711,-0.48379248812288128,0
1.28,1,-0.090210123392919797,0.29190858988760232,0,0.28479273095070451,0.094303236411268074,0
1.2825,0,0.47293790492008503,-0.3622843886690007,0,0.12500573942672633,-0.48412143632602928,0
1.2825,1,-0.08949785060892497,0.29214346563773214,0,0.28502549624515749,0.093597363692582689,0
1.285,0,0.47324883428283504,-0.36349509930887752,0,0.12373775077327839,-0.48444707557541333,0
1.285,1,-0.088784998077930818,0.29237657592439897,0,0.28525652855016004,0.092890865640877757,0
1.2875,0,0.47355659256675764,-0.36470661990740233,0,0.12246887636480323,-0.48476940324441137,0
1.2875,1,-0.088071570134639204,0.29260791918948592,0,0.2854858260831345,0.092183746428696214,0
1.29,0,0.47386117756872653,-0.36591894218237375,0,0.12119912521030064,-0.48508841673272107,0
1.29,1,-0.087357571118196392,0.29283749388531444,0,0.28571338707111077,0.0914760102341238,0
1.2925,0,0.47416258710814857,-0.36713205784512265,0,0.11992850632733439,-0.48540411346639278,0
1.2925,1,-0.086643005372169069,0.29306529847465806,0,0.28593920975074555,0.090767661240769251,0
1.295,0,0.47446081902698517,-0.36834595860057795,0,0.11865702874194609,-0.48571649089786234,0
1.295,1,-0.085927877244520209,0.2932913314307562,0,0.28616329236834137,0.0900587036377445,0
1.2975,0,0.4747558711897733,-0.36956063614733276,0,0.11738470148856901,-0.48602554650598334,0
1.2975,1,-0.085212191087584946,0.29351559123732796,0,0.28638563317986571,0.089349141619644745,0
1.3,0,0.47504774148364642,-0.3707760821777103,0,0.11611153360994167,-0.48633127779605911,0
1.3,1,-0.084495951258046403,0.29373807638858568,0,0.28660623045097,0.088638979386528483,0
1.3025,0,0.47533642781835511,-0.37199228837783022,0,0.11483753415702133,-0.48663368229987453,0
1.3025,1,-0.083779162116911429,0.29395878538924869,0,0.28682508245700866,0.08792822114389745,0
1.305,0,0.47562192812628751,-0.37320924642767472,0,0.11356271218889734,-0.48693275757572718,0
1.305,1,-0.083061828029486348,0.29417771675455689,0,0.2870421874830581,0.087216871102676508,0
1.3075,0,0.47590424036248952,-0.37442694800115495,0,0.11228707677270433,-0.48722850120845868,0
1.3075,1,-0.082343953365352607,0.29439486901028422,0,0.28725754382393559,0.086504933479193427,0
1.31,0,0.47618336250468479,-0.37564538476617737,0,0.1110106369835353,-0.48752091080948512,0
1.31,1,-0.081625542498342418,0.29461024069275216,0,0.28747114978421834,0.085792412495158621,0
1.3125,0,0.47645929255329467,-0.37686454838471029,0,0.10973340190435454,-0.48780998401682762,0
1.3125,1,-0.080906599806514323,0.29482383034884319,0,0.28768300367826227,0.085079312377644808,0
1.315,0,0.47673202853145752,-0.37808443051285023,0,0.1084553806259104,-0.48809571849514222,0
1.315,1,-0.080187129672128724,0.29503563653601406,0,0.28789310383022099,0.084365637359066589,0
1.3175,0,0.47700156848504821,-0.37930502280088885,0,0.10717658224664799,-0.48837811193574976,0
1.3175,1,-0.07946713648162336,0.29524565782230933,0,0.28810144857406444,0.083651391677159945,0
1.32,0,0.47726791048269729,-0.38052631689337935,0,0.10589701587262168,-0.48865716205666521,0
1.32,1,-0.078746624625588776,0.29545389278637446,0,0.28830803625359797,0.0829365795749617,0
1.3225,0,0.4775310526158098,-0.38174830442920343,0,0.10461669061740751,-0.48893286660262664,0
1.3225,1,-0.078025598498743673,0.29566034001746916,0,0.28851286522248093,0.082221205300788858,0
1.325,0,0.47779099299858407,-0.38297097704163813,0,0.10333561560201547,-0.48920522334512412,0
1.325,1,-0.077304062499910259,0.29586499811548039,0,0.28871593384424549,0.081505273108217882,0
1.3275,0,0.47804772976803012,-0.38419432635842254,0,0.10205379995480163,-0.48947423008242796,0
1.3275,1,-0.076582021031989564,0.29606786569093574,0,0.28891724049231532,0.080788787256063962,0
1.33,0,0.47830126108398785,-0.38541834400182512,0,0.10077125281138015,-0.48973988463961682,0
1.33,1,-0.075859478501936639,0.29626894136501625,0,0.28911678355002429,0.0800717520083601,0
1.3325,0,0.47855158512914525,-0.38664302158871039,0,0.099487983314535178,-0.49000218486860553,0
1.3325,1,-0.075136439320735812,0.29646822376956961,0,0.28931456141063522,0.07935417163433621,0
1.335,0,0.47879870010905606,-0.38786835073060638,0,0.098204000614132633,-0.49026112864817228,0
1.335,1,-0.074412907903375819,0.29666571154712301,0,0.2895105724773584,0.078636050408398092,0
1.3375,0,0.4790426042521575,-0.38909432303377156,0,0.096919313867031814,-0.49051671388398588,0
1.3375,1,-0.073688888668824906,0.29686140335089617,0,0.28970481516337016,0.077917392610106384,0
1.34,0,0.47928329580978751,-0.39032093009926233,0,0.095633932236996969,-0.49076893850863235,0
1.34,1,-0.072964386040005907,0.29705529784481399,0,0.28989728789183145,0.077198202524155393,0
1.3425,0,0.479520773056202,-0.39154816352300015,0,0.094347864894608668,-0.49101780048164134,0
1.3425,1,-0.072239404443771235,0.2972473937035196,0,0.2900879890959065,0.076478484440351865,0
1.345,0,0.47975503428859173,-0.39277601489583908,0,0.093061121017175119,-0.49126329778951222,0
1.345,1,-0.071513948310877873,0.29743768961238704,0,0.29027691721878113,0.075758242653593683,0
1.3475,0,0.47998607782709901,-0.39400447580363313,0,0.091773709788643312,-0.49150542844573969,0
1.3475,1,-0.070788022075962298,0.29762618426753384,0,0.29046407071368135,0.075037481463848532,0
1.35,0,0.48021390201483422,-0.39523353782730386,0,0.090485640399510112,-0.49174419049083928,0
1.35,1,-0.070061630177515336,0.29781287637583381,0,0.2906494480438917,0.074316205176132397,0
1.3525,0,0.480438505217892,-0.39646319254290785,0,0.089196922046733185,-0.49197958199237224,0
1.3525,1,-0.069334777057856997,0.29799776465492961,0,0.29083304768277357,0.073594418100488099,0
1.355,0,0.48065988582536745,-0.39769343152170455,0,0.087907563933641839,-0.4922116010449703,0
1.355,1,-0.068607467163111294,0.29818084783324517,0,0.2910148681137838,0.072872124551963652,0
1.3575,0,0.48087804224937181,-0.39892424633022372,0,0.086617575269847744,-0.49244024577036005,0
1.3575,1,-0.067879704943180949,0.29836212464999834,0,0.29119490783049284,0.072149328850590638,0
1.36,0,0.48109297292504805,-0.40015562853033343,0,0.085326965271155561,-0.49266551431738692,0
1.36,1,-0.067151494851722074,0.29854159385521328,0,0.29137316533660296,0.071426035321362449,0
1.3625,0,0.48130467631058632,-0.40138756967930772,0,0.084035743159473444,-0.4928874048620388,0
1.3625,1,-0.066422841346118866,0.29871925420973278,0,0.29154963914596671,0.070702248294212469,0
1.365,0,0.48151315088723906,-0.40262006132989459,0,0.082743918162723459,-0.49310591560746952,0
1.365,1,-0.065693748887458145,0.29889510448523054,0,0.29172432778260499,0.069977972103992175,0
1.3675,0,0.4817183951593359,-0.40385309503038397,0,0.081451499514751863,-0.49332104478402167,0
1.3675,1,-0.064964221940503983,0.29906914346422359,0,0.2918972297807253,0.069253211090449227,0
1.37,0,0.48192040765429839,-0.40508666232467555,0,0.080158496455239314,-0.49353279064924926,0
1.37,1,-0.064234264973672156,0.29924136994008438,0,0.29206834368473983,0.068527969598205368,0
1.3725,0,0.48211918692265443,-0.40632075475234702,0,0.078864918229610989,-0.49374115148794018,0
1.3725,1,-0.063503882459004624,0.29941178271705304,0,0.29223766804928364,0.067802251976734354,0
1.375,0,0.48231473153805265,-0.4075553638487221,0,0.07757077408894654,-0.49394612561213791,0
1.375,1,-0.062773078872143978,0.29958038061024939,0,0.29240520143923265,0.067076062580339768,0
1.3775,0,0.48250704009727619,-0.40879048114493871,0,0.076276073289890042,-0.49414771136116337,0
1.3775,1,-0.062041858692307786,0.299747162445685,0,0.29257094242972176,0.066349405768132752,0
1.38,0,0.48269611122025674,-0.41002609816801722,0,0.074980825094559778,-0.49434590710163601,0
1.38,1,-0.061310226402262927,0.2999121270602752,0,0.29273488960616278,0.065622285904009689,0
1.3825,0,0.48288194355008801,-0.41126220644092865,0,0.073685038770457942,-0.49454071122749482,0
1.3825,1,-0.060578186488299893,0.30007527330185102,0,0.29289704156426244,0.064894707356629791,0
1.385,0,0.48306453575303904,-0.41249879748266305,0,0.072388723590380261,-0.49473212216001888,0
1.385,1,-0.059845743440207017,0.30023660002917107,0,0.29305739691004029,0.064166674499392617,0
1.3875,0,0.48324388651856742,-0.41373586280829788,0,0.071091888832325534,-0.49492013834784759,0
1.3875,1,-0.059112901751244659,0.30039610611193335,0,0.29321595425984659,0.063438191710415537,0
1.39,0,0.4834199945593321,-0.41497339392906646,0,0.069794543779405083,-0.49510475826700057,0
1.39,1,-0.058379665918119376,0.300553790430787,0,0.2933727122403802,0.062709263372511093,0
1.3925,0,0.48359285861120604,-0.41621138235242633,0,0.068496697719752045,-0.49528598042089711,0
1.3925,1,-0.057646040440958016,0.30070965187734411,0,0.29352766948870623,0.061979893873164306,0
1.395,0,0.48376247743328876,-0.4174498195821279,0,0.067198359946430683,-0.49546380334037549,0
1.395,1,-0.056912029823281793,0.30086368935419122,0,0.29368082465227408,0.061250087604509895,0
1.3975,0,0.4839288498079185,-0.41868869711828299,0,0.065899539757345568,-0.49563822558371179,0
1.3975,1,-0.056177638571980285,0.30101590177490101,0,0.29383217638893483,0.060519848963309447,0
1.4,0,0.48409197454068414,-0.41992800645743344,0,0.064600246455150626,-0.49580924573663826,0
1.4,1,-0.055442871197285415,0.30116628806404383,0,0.29398172336695921,0.059789182350928484,0
1.4025,0,0.48425185046043701,-0.42116773909261968,0,0.063300489347158165,-0.49597686241236161,0
1.4025,1,-0.0547077322127454,0.30131484715719914,0,0.2941294642650551,0.05905809217331346,0
1.405,0,0.48440847641930251,-0.42240788651344963,0,0.062000277745247849,-0.49614107425158066,0
1.405,1,-0.0539722261351986,0.30146157800096701,0,0.29427539777238521,0.05832658284096872,0
1.4075,0,0.4845618512926913,-0.42364844020616721,0,0.06069962096577549,-0.49630187992250396,0
1.4075,1,-0.053236357484747386,0.30160647955297937,0,0.29441952258858456,0.057594658768933327,0
1.41,0,0.48471197397931037,-0.42488939165372142,0,0.059398528329481844,-0.49645927812086671,0
1.41,1,-0.052500130784731931,0.30174955078191146,0,0.29456183742377812,0.056862324376757867,0
1.4125,0,0.48485884340117397,-0.42613073233583493,0,0.058097009161401307,-0.49661326756994761,0
1.4125,1,-0.05176355056170396,0.30189079066749303,0,0.29470234099859821,0.056129584088481149,0
1.415,0,0.48500245850361418,-0.42737245372907312,0,0.056795072790770548,-0.49676384702058524,0
1.415,1,-0.051026621345400459,0.30203019820051941,0,0.29484103204420192,0.055396442332606849,0
1.4175,0,0.48514281825529132,-0.42861454730691284,0,0.055492728550937044,-0.49691101525119402,0
1.4175,1,-0.050289347668717344,0.30216777238286274,0,0.29497790930228857,0.054662903542080074,0
1.42,0,0.48527992164820405,-0.42985700453981157,0,0.054189985779267563,-0.49705477106777995,0
1.42,1,-0.049551734067683088,0.3023035122274832,0,0.29511297152511706,0.053928972154263836,0
1.4225,0,0.48541376769769945,-0.43109981689527627,0,0.05288685381705658,-0.49719511330395599,0
1.4225,1,-0.04881378508143229,0.30243741675843966,0,0.29524621747552321,0.053194652610915487,0
1.425,0,0.48554435544248259,-0.43234297583793241,0,0.051583342009434596,-0.497332040820957,0
1.425,1,-0.048075505252179213,0.30256948501090103,0,0.29537764592693688,0.052459949358163047,0
1.4275,0,0.48567168394462595,-0.43358647282959317,0,0.050279459705276447,-0.49746555250765434,0
1.4275,1,-0.04733689912519129,0.30269971603115686,0,0.29550725566339936,0.051724866846481476,0
1.43,0,0.48579575228957894,-0.43483029932932843,0,0.048975216257109482,-0.49759564728057026,0
1.43,1,-0.046597971248762568,0.30282810887662831,0,0.29563504547958053,0.050989409530668869,0
1.4325,0,0.48591655958617663,-0.43607444679353402,0,0.047670621021021722,-0.49772232408389161,0
1.4325,1,-0.045858726174187098,0.30295466261587894,0,0.29576101418079592,0.050253581869822581,0
1.435,0,0.48603410496664862,-0.43731890667600076,0,0.046365683356569952,-0.49784558188948369,0
1.435,1,-0.045119168455732321,0.30307937632862536,0,0.29588516058302383,0.049517388327315261,0
1.4375,0,0.48614838758662771,-0.43856367042798372,0,0.045060412626687724,-0.49796541969690322,0
1.4375,1,-0.044379302650612386,0.30320224910574795,0,0.29600748351292239,0.04878083337077084,0
1.44,0,0.48625940662515804,-0.4398087294982716,0,0.043754818197593345,-0.49808183653341132,0
1.44,1,-0.043639133318961423,0.30332328004930148,0,0.29612798180784661,0.048043921472040431,0
1.4425,0,0.48636716128470342,-0.44105407533325586,0,0.042448909438697766,-0.49819483145398602,0
1.4425,1,-0.042898665023806785,0.30344246827252552,0,0.29624665431586528,0.047306657107178136,0
1.445,0,0.48647165079115495,-0.44229969937700003,0,0.041142695722512453,-0.49830440354133443,0
1.445,1,-0.042157902331042232,0.30355981289985501,0,0.29636349989577793,0.046569044756416815,0
1.4475,0,0.48657287439383878,-0.44354559307130909,0,0.039836186424557177,-0.49841055190590444,0
1.4475,1,-0.041416849809401093,0.30367531306693069,0,0.29647851741713155,0.045831088904143766,0
1.45,0,0.48667083136552358,-0.44479174785579884,0,0.038529390923267758,-0.49851327568589621,0
1.45,1,-0.040675512030429385,0.30378896792060944,0,0.29659170576023763,0.045092794038876324,0
1.4525,0,0.48676552100242754,-0.4460381551679653,0,0.037222318599903763,-0.49861257404727333,0
1.4525,1,-0.039933893568458854,0.30390077661897458,0,0.29670306381618883,0.044354164653237396,0
1.455,0,0.48685694262422546,-0.44728480644325413,0,0.035914978838456159,-0.49870844618377341,0
1.455,1,-0.039191999000580027,0.30401073833134606,0,0.29681259048687558,0.043615205243930921,0
1.4575,0,0.48694509557405546,-0.44853169311513003,0,0.034607381025554898,-0.49880089131691857,0
1.4575,1,-0.038449832906615182,0.3041188522382906,0,0.29692028468500292,0.042875920311717254,0
1.46,0,0.48702997921852537,-0.44977880661514619,0,0.0332995345503765,-0.49888990869602545,0
1.46,1,-0.037707399869091295,0.30422511753163201,0,0.29702614533410715,0.042136314361388476,0
1.4625,0,0.48711159294771905,-0.45102613837301397,0,0.031991448804551535,-0.4989754975982148,0
1.4625,1,-0.036964704473212942,0.3043295334144609,0,0.29713017136857234,0.041396391901743636,0
1.465,0,0.48718993617520234,-0.45227367981667227,0,0.030683133182072095,-0.49905765732842083,0
1.465,1,-0.036221751306835165,0.30443209910114505,0,0.29723236173364675,0.040656157445563917,0
1.4675,0,0.48726500833802894,-0.45352142237235704,0,0.029374597079199226,-0.49913638721940018,0
1.4675,1,-0.03547854496043628,0.30453281381733899,0,0.29733271538545952,0.039915615509587728,0
1.47,0,0.48733680889674591,-0.45476935746467095,0,0.028065849894370318,-0.49921168663174037,0
1.47,1,-0.034735090027090659,0.30463167679999409,0,0.29743123129103699,0.039174770614485724,0
1.4725,0,0.48740533733539898,-0.45601747651665298,0,0.026756901028106447,-0.49928355495386828,0
1.4725,1,-0.033991391102441461,0.30472868729736824,0,0.29752790842831911,0.038433627284835743,0
1.475,0,0.48747059316153779,-0.45726577094984788,0,0.025447759882919689,-0.49935199160205773,0
1.475,1,-0.033247452784673344,0.30482384456903566,0,0.29762274578617576,0.037692190049097699,0
1.4775,0,0.48753257590622046,-0.45851423218437598,0,0.024138435863220394,-0.49941699602043726,0
1.4775,1,-0.032503279674485096,0.30491714788589652,0,0.29771574236442311,0.036950463439588362,0
1.48,0,0.4875912851240185,-0.45976285163900277,0,0.022828938375224442,-0.49947856768099713,0
1.48,1,-0.031758876375062264,0.30500859653018658,0,0.29780689717383968,0.036208451992456092,0
1.4825,0,0.48764672039302109,-0.46101162073120849,0,0.021519276826860445,-0.49953670608359618,0
1.4825,1,-0.031014247492049736,0.3050981897954867,0,0.29789620923618271,0.035466160247655504,0
1.485,0,0.48769888131483924,-0.46226053087725794,0,0.020209460627676937,-0.49959141075596825,0
1.485,1,-0.030269397633524254,0.30518592698673241,0,0.29798367758420413,0.034723592748922033,0
1.4875,0,0.4877477675146098,-0.46350957349227007,0,0.018899499188749527,-0.49964268125372824,0
1.4875,1,-0.029524331409966915,0.30527180742022325,0,0.29806930126166686,0.033980754043746446,0
1.49,0,0.48779337864099898,-0.46475873999028772,0,0.017589401922588028,-0.49969051716037788,0
1.49,1,-0.028779053434235632,0.30535583042363212,0,0.2981530793233606,0.033237648683349282,0
1.4925,0,0.48783571436620604,-0.4660080217843473,0,0.016279178243043566,-0.49973491808731102,0
1.4925,1,-0.028033568321537534,0.30543799533601462,0,0.29823501083511794,0.032494281222655221,0
1.495,0,0.48787477438596638,-0.46725741028654871,0,0.014968837565215654,-0.49977588367381875,0
1.495,1,-0.027287880689401349,0.30551830150781828,0,0.29831509487383023,0.031750656220267355,0
1.4975,0,0.48791055841955461,-0.46850689690812486,0,0.013658389305359255,-0.49981341358709397,0
1.4975,1,-0.026541995157649732,0.30559674830089167,0,0.29839333052746347,0.031006778238441432,0
1.5,0,0.48794306620978728,-0.46975647305951151,0,0.012347842880791817,-0.49984750752223572,0
1.5,1,-0.025795916348371559,0.30567333508849354,0,0.29846971689507412,0.030262651843059978,0
1.5025,0,0.48797229752302551,-0.47100613015041715,0,0.0110372077098003,-0.49987816520225298,0
1.5025,1,-0.025049648885894185,0.30574806125530185,0,0.29854425308682486,0.029518281603606381,0
1.505,0,0.48799825214917719,-0.47225585958989252,0,0.0097264932115481758,-0.49990538637806847,0
1.505,1,-0.024303197396755655,0.30582092619742279,0,0.29861693822400037,0.028773672093138889,0
1.5075,0,0.4880209299016991,-0.47350565278640078,0,0.0084157088059824119,-0.49992917082852162,0
1.5075,1,-0.023556566509676875,0.30589192932239956,0,0.29868777143902286,0.028028827888264544,0
1.51,0,0.48804033061759877,-0.47475550114788689,0,0.0071048639137404552,-0.49994951836037155,0
1.51,1,-0.02280976085553376,0.3059610700492213,0,0.2987567518754678,0.027283753569113028,0
1.5125,0,0.48805645415743604,-0.47600539608184772,0,0.0057939679560571888,-0.4999664288082995,0
1.5125,1,-0.022062785067329328,0.30602834780833182,0,0.2988238786880793,0.026538453719310448,0
1.515,0,0.48806930040532442,-0.47725532899540174,0,0.0044830303546718846,-0.49997990203491111,0
1.515,1,-0.021315643780165747,0.30609376204163841,0,0.29888915104278579,0.025792932925953058,0
1.5175,0,0.48807886926893246,-0.47850529129535879,0,0.003172060531735149,-0.49998993793073798,0
1.5175,1,-0.020568341631216371,0.30615731220252035,0,0.29895256811671528,0.025047195779580887,0
1.52,0,0.48808516067948426,-0.47975527438829002,0,0.0018610679097158579,-0.49999653641423919,0
1.52,1,-0.019820883259697712,0.3062189977558375,0,0.29901412909821085,0.024301246874151316,0
1.5225,0,0.48808817459176057,-0.48100526968059759,0,0.00055006191130808728,-0.49999969743180239,0
1.5225,1,-0.019073273306841391,0.30627881817793895,0,0.29907383318684594,0.023555090807012562,0
1.525,0,0.48808791098409887,-0.48225526857858453,0,-0.00076094804066195948,-0.49999942095774436,0
1.525,1,-0.018325516415866033,0.30633677295667133,0,0.29913167959343961,0.022808732178877109,0
1.5275,0,0.48808436985839387,-0.4835052624885246,0,-0.0020719525233290265,-0.4999957069943114,0
1.5275,1,-0.017577617231949144,0.30639286159138718,0,0.29918766754007176,0.022062175593795065,0
1.53,0,0.48807755124009738,-0.4847552428167321,0,-0.0033829421138818821,-0.49998855557167943,0
1.53,1,-0.016829580402198931,0.30644708359295331,0,0.29924179626009828,0.021315425659127436,0
1.5325,0,0.48806745517821798,-0.48600520096963162,0,-0.0046939073896563937,-0.49997796674795336,0
1.5325,1,-0.0160814105756261,0.3064994384837591,0,0.29929406499816613,0.020568486985519333,0
1.535,0,0.48805408174532061,-0.487255128353828,0,-0.0060048389282286009,-0.4999639406091666,0
1.535,1,-0.015333112403115606,0.30654992579772461,0,0.29934447301022832,0.019821364186873119,0
1.5375,0,0.48803743103752595,-0.48850501637617605,0,-0.0073157273075077824,-0.49994647726927971,0
1.5375,1,-0.014584690537398371,0.30659854508030859,0,0.29939301956355902,0.019074061880321461,0
1.54,0,0.48801750317450926,-0.48975485644385036,0,-0.0086265631058295225,-0.49992557687017913,0
1.54,1,-0.013836149633022963,0.30664529588851674,0,0.29943970393676839,0.01832658468620034,0
1.5425,0,0.48799429829949942,-0.49100463996441518,0,-0.0099373369020487583,-0.49990123958167521,0
1.5425,1,-0.013087494346327231,0.30669017779090951,0,0.2994845254198174,0.017578937228021962,0
1.545,0,0.48796781657927729,-0.49225435834589415,0,-0.011248039275632836,-0.49987346560150009,0
1.545,1,-0.012338729335409918,0.3067331903676101,0,0.29952748331403267,0.016831124132447618,0
1.5475,0,0.4879380582041743,-0.49350400299684016,0,-0.012558660806754537,-0.49984225515530512,0
1.5475,1,-0.011589859260102225,0.30677433321031222,0,0.2995685769321213,0.016083150029260463,0
1.55,0,0.48790502338807035,-0.49475356532640513,0,-0.013869192076385111,-0.49980760849665801,0
1.55,1,-0.010840888781939341,0.30681360592228796,0,0.29960780559818539,0.015335019551338229,0
1.5525,0,0.48786871236839185,-0.49600303674440976,0,-0.015179623666387273,-0.49976952590703955,0
1.5525,1,-0.010091822564131939,0.30685100811839539,0,0.29964516864773677,0.014586737334625861,0
1.555,0,0.48782912540610934,-0.49725240866141335,0,-0.01648994615960821,-0.49972800769583992,0
1.555,1,-0.0093426652715376292,0.30688653942508631,0,0.29968066542771149,0.013838308018108088,0
1.5575,0,0.48778626278573489,-0.49850167248878358,0,-0.017800150139972548,-0.49968305420035475,0
1.5575,1,-0.0085934215706323838,0.30692019948041366,0,0.29971429529648436,0.013089736243781923,0
1.56,0,0.4877401248153192,-0.49975081963876622,0,-0.019110226192575314,-0.49963466578578075,0
1.56,1,-0.0078440961294819235,0.30695198793403916,0,0.29974605762388329,0.012341026656629086,0
1.5625,0,0.48769071182644874,-0.50099984152455501,0,-0.020420164903774875,-0.49958284284521109,0
1.5625,1,-0.0070946936177130647,0.30698190444724066,0,0.29977595179120387,0.011592183904588367,0
1.565,0,0.4876380241742424,-0.50224872956036104,0,-0.02172995686128585,-0.49952758579963019,0
1.565,1,-0.0063452187064850308,0.30700994869291953,0,0.29980397719122348,0.010843212638527907,0
1.5675,0,0.48758206223734796,-0.50349747516148291,0,-0.023039592654272006,-0.49946889509790843,0
1.5675,1,-0.0055956760684607318,0.30703612035560796,0,0.29983013322821561,0.010094117512217424,0
1.57,0,0.48752282641793832,-0.5047460697443763,0,-0.024349062873439117,-0.49940677121679633,0
1.57,1,-0.0048460703777780077,0.30706041913147608,0,0.29985441931796403,0.0093449031823003501,0
1.5725,0,0.48746031714170762,-0.50599450472672347,0,-0.025658358111127818,-0.49934121466091835,0
1.5725,1,-0.0040964063100208314,0.3070828447283393,0,0.29987683488777694,0.0085955743082659127,0
1.575,0,0.48739453485786693,-0.50724277152750308,0,-0.0269674689614064,-0.49927222596276655,0
1.575,1,-0.0033466885421904839,0.30710339686566518,0,0.29989737937650102,0.0078461355524211442,0
1.5775,0,0.48732548003913995,-0.50849086156705992,0,-0.028276386020163604,-0.49919980568269351,0
1.5775,1,-0.0025969217526766886,0.30712207527458052,0,0.29991605223453538,0.0070965915798628116,0
1.58,0,0.48725315318175821,-0.5097387662671744,0,-0.029585099885201364,-0.49912395440890522,0
1.58,1,-0.0018471106212287125,0.3071388796978784,0,0.29993285292384558,0.0063469470584492926,0
1.5825,0,0.48717755480545633,-0.51098647705113232,0,-0.03089360115632753,-0.49904467275745362,0
1.5825,1,-0.0010972598289264337,0.30715380989002494,0,0.29994778091797736,0.0055972066587723687,0
1.585,0,0.48709868545346663,-0.51223398534379438,0,-0.032201880435448547,-0.49896196137222854,0
1.585,1,-0.00034737405815137381,0.30716686561716605,0,0.29996083570207055,0.0048473750541289532,0
1.5875,0,0.48701654569251401,-0.51348128257166581,0,-0.033509928326662088,-0.49887582092494942,0
1.5875,1,0.00040254200744230533,0.30717804665713433,0,0.29997201677287277,0.0040974569204927543,0
1.59,0,0.48693113611281025,-0.51472836016296597,0,-0.034817735436349688,-0.49878625211515665,0
1.59,1,0.0011524836829568379,0.30718735279945553,0,0.29998132363875313,0.003347456936485861,0
1.5925,0,0.48684245732804821,-0.51597520954769771,0,-0.03612529237326928,-0.49869325567020262,0
1.5925,1,0.001902446282279924,0.30719478384535531,0,0.29998875581971574,0.002597379783350267,0
1.595,0,0.48675050997539582,-0.51722182215771706,0,-0.03743258974864775,-0.49859683234524232,0
1.595,1,0.0026524251181138355,0.30720033960776566,0,0.29999431284741329,0.001847230144919322,0
1.5975,0,0.48665529471548968,-0.51846818942680262,0,-0.038739618176273402,-0.4984969829232237,0
1.5975,1,0.0034024155020045527,0.30720401991133128,0,0.29999799426516066,0.001097012707589115,0
1.6,0,0.48655681223242858,-0.51971430279072528,0,-0.040046368272588409,-0.4983937082148775,0
1.6,1,0.0041524127443709384,0.30720582459241613,0,0.29999979962794809,0.00034673216028978848,0
1.6025,0,0.48645506323376686,-0.5209601536873173,0,-0.041352830656781185,-0.49828700905870688,0
1.6025,1,0.0049024121545339422,0.30720575349910956,0,0.29999972850245465,-0.00040360680554321442,0
1.605,0,0.48635004845050728,-0.52220573355654187,0,-0.042658995950878749,-0.49817688632097651,0
1.605,1,0.0056524090407458379,0.30720380649123263,0,0.29999778046706149,-0.0011539994959979727,0
1.6075,0,0.4862417686370939,-0.52345103384056269,0,-0.043964854779839024,-0.49806334089570165,0
1.6075,1,0.0064023987102194962,0.30719998344034422,0,0.299993955111865,-0.0019044412147149776,0
1.61,0,0.48613022457140453,-0.52469604598381314,0,-0.045270397771643059,-0.49794637370463646,0
1.61,1,0.0071523764691576903,0.30719428422974715,0,0.29998825203869001,-0.0026549272629160922,0
1.6125,0,0.48601541705474327,-0.52594076143306556,0,-0.046575615557387248,-0.49782598569726222,0
1.6125,1,0.0079023376227824321,0.30718670875449422,0,0.2999806708611028,-0.0034054529394335767,0
1.615,0,0.48589734691183234,-0.52718517163750056,0,-0.04788049877137545,-0.49770217785077508,0
1.615,1,0.0086522774753643415,0.30717725692139403,0,0.29997121120442405,-0.0041560135407391835,0
1.6175,0,0.48577601499080408,-0.52842926804877666,0,-0.049185038051211084,-0.49757495117007361,0
1.6175,1,0.0094021913302520486,0.30716592864901687,0,0.29995987270574187,-0.0049066043609733209,0
1.62,0,0.48565142216319268,-0.52967304212109889,0,-0.050489224037889135,-0.49744430668774575,0
1.62,1,0.010152074489901632,0.30715272386770071,0,0.29994665501392459,-0.0056572206919742792,0
1.6225,0,0.48552356932392549,-0.53091648531128866,0,-0.051793047375888142,-0.49731024546405561,0
1.6225,1,0.010901922255906079,0.30713764251955661,0,0.29993155778963354,-0.006407857823307531,0
1.625,0,0.48539245739131404,-0.53215958907885241,0,-0.053096498713262087,-0.49717276858692977,0
1.625,1,0.011651729929024791,0.30712068455847463,0,0.29991458070533572,-0.0071585110422950947,0
1.6275,0,0.48525808730704528,-0.53340234488605098,0,-0.054399568701732258,-0.49703187717194336,0
1.6275,1,0.012401492809213106,0.30710184995012918,0,0.29989572344531662,-0.0079091756340449668,0
1.63,0,0.48512046003617215,-0.53464474419796881,0,-0.05570224799677901,-0.49688757236230574,0
1.63,1,0.013151206195651868,0.30708113867198478,0,0.29987498570569254,-0.0086598468814806182,0
1.6325,0,0.484979576567104,-0.5358867784825827,0,-0.057004527257733494,-0.49673985532884574,0
1.6325,1,0.013900865386777013,0.30705855071330124,0,0.29985236719442326,-0.0094105200653705617,0
1.635,0,0.484835437911597,-0.53712843921083131,0,-0.058306397147869289,-0.49658872726999675,0
1.635,1,0.014650465680309198,0.3070340860751391,0,0.29982786763132446,-0.010161190464357983,0
1.6375,0,0.48468804510474406,-0.53836971785668353,0,-0.059607848334494007,-0.49643418941178119,0
1.6375,1,0.015400002373283452,0.30700774477036491,0,0.29980148674807999,-0.010911853354990439,0
1.64,0,0.48453739920496464,-0.539610605897208,0,-0.060908871489040776,-0.49627624300779483,0
1.64,1,0.016149470762078871,0.30697952682365648,0,0.29977322428825415,-0.011662504011749626,0
1.6425,0,0.48438350129399438,-0.54085109481264171,0,-0.062209457287159702,-0.49611488933919062,0
1.6425,1,0.016898866142448319,0.30694943227150795,0,0.29974308000730399,-0.012413137707081206,0
1.645,0,0.4842263524768744,-0.54209117608645907,0,-0.06350959640880921,-0.4959501297146624,0
1.645,1,0.017648183809548187,0.30691746116223484,0,0.29971105367259143,-0.013163749711424704,0
1.6475,0,0.48406595388194046,-0.5433308412054404,0,-0.064809279538347364,-0.49578196547042797,0
1.6475,1,0.01839741905796817,0.30688361355597898,0,0.29967714506339521,-0.013914335293243478,0
1.65,0,0.48390230666081174,-0.54457008165974119,0,-0.066108497364623056,-0.495610397970212,0
1.65,1,0.019146567181761068,0.30684788952471359,0,0.29964135397092301,-0.014664889719054738,0
1.6525,0,0.4837354119883796,-0.54580888894296054,0,-0.06740724058106716,-0.49543542860522843,0
1.6525,1,0.019895623474472626,0.30681028915224795,0,0.29960368019832329,-0.015415408253459648,0
1.655,0,0.48356527106279606,-0.54704725455220982,0,-0.068705499885783575,-0.49525705879416282,0
1.655,1,0.020644583229171402,0.30677081253423216,0,0.29956412356069717,-0.016165886159173477,0
1.6575,0,0.48339188510546177,-0.54828516998818144,0,-0.070003265981640209,-0.49507528998315398,0
1.6575,1,0.021393441738478659,0.30672945977816185,0,0.29952268388511016,-0.01691631869705584,0
1.66,0,0.48321525536101428,-0.54952262675521757,0,-0.071300529576359878,-0.49489012364577545,0
1.66,1,0.022142194294598301,0.30668623100338288,0,0.29947936101060385,-0.017666701126140966,0
1.6625,0,0.48303538309731558,-0.5507596163613786,0,-0.072597281382611123,-0.49470156128301662,0
1.6625,1,0.022890836189346814,0.30664112634109564,0,0.29943415478820756,-0.018417028703668074,0
1.665,0,0.4828522696054397,-0.55199613031851147,0,-0.0738935121180989,-0.49450960442326358,0
1.665,1,0.023639362714183262,0.30659414593435969,0,0.29938706508094981,-0.019167296685111773,0
1.6675,0,0.48266591619965998,-0.55323216014231835,0,-0.075189212505655245,-0.4943142546222794,0
1.6675,1,0.024387769160239287,0.30654528993809804,0,0.29933809176386983,-0.019917500324212564,0
1.67,0,0.48247632421743625,-0.55446769735242518,0,-0.076484373273329839,-0.49411551346318422,0
1.67,1,0.025136050818349159,0.30649455851910151,0,0.29928723472402896,-0.020667634873007375,0
1.6725,0,0.48228349501940149,-0.55570273347244969,0,-0.077778985154480437,-0.49391338255643502,0
1.6725,1,0.025884202979079847,0.3064419518560329,0,0.29923449386052192,-0.021417695581860179,0
1.675,0,0.48208742998934856,-0.55693726003007005,0,-0.079073038887863226,-0.49370786353980495,0
1.675,1,0.02663222093276111,0.30638747013943118,0,0.29917986908448801,-0.022167677699492669,0
1.6775,0,0.48188813053421659,-0.55817126855709276,0,-0.080366525217723139,-0.49349895807836236,0
1.6775,1,0.027380099969515622,0.30633111357171555,0,0.29912336031912234,-0.022917576473015004,0
1.68,0,0.48168559808407707,-0.55940475058952133,0,-0.081659434893883998,-0.49328666786444947,0
1.68,1,0.028127835379289135,0.30627288236718936,0,0.29906496749968681,-0.0236673871479566,0
1.6825,0,0.48147983409211992,-0.56063769766762395,0,-0.082951758671838613,-0.49307099461766074,0
1.6825,1,0.028875422451880645,0.30621277675204406,0,0.29900469057352119,-0.024417104968297011,0
1.685,0,0.48127084003463905,-0.56187010133600201,0,-0.084243487312838775,-0.49285194008482075,0
1.685,1,0.029622856476972614,0.30615079696436309,0,0.29894252950005401,-0.025166725176496849,0
1.6875,0,0.48105861741101802,-0.56310195314365796,0,-0.085534611583985121,-0.49262950603996203,0
1.6875,1,0.030370132744161199,0.30608694325412555,0,0.29887848425081337,-0.025916243013528784,0
1.69,0,0.48084316774371516,-0.56433324464406331,0,-0.086825122258316914,-0.49240369428430214,0
1.69,1,0.031117246542986515,0.30602121588321002,0,0.29881255480943775,-0.0266656537189086,0
1.6925,0,0.48062449257824863,-0.56556396739522652,0,-0.088115010114901762,-0.49217450664622087,0
1.6925,1,0.03186419316296292,0.30595361512539798,0,0.29874474117168659,-0.027414952530726309,0
1.695,0,0.48040259348318137,-0.56679411295976079,0,-0.089404265938925143,-0.49194194498123667,0
1.695,1,0.032610967893609344,0.30588414126637747,0,0.29867504334545097,-0.028164134685677338,0
1.6975,0,0.48017747205010547,-0.56802367290495226,0,-0.090692880521779928,-0.49170601117198304,0
1.6975,1,0.033357566024479611,0.3058127946037465,0,0.29860346135076415,-0.028913195419093769,0
1.7,0,0.47994912989362681,-0.5692526388028275,0,-0.09198084466115572,-0.4914667071281843,0
1.7,1,0.03410398284519283,0.30573957544701641,0,0.29852999521981188,-0.029662129964975647,0
1.7025,0,0.47971756865134896,-0.57048100223022102,0,-0.093268149161128105,-0.49122403478663146,0
1.7025,1,0.034850213645463771,0.30566448411761515,0,0.29845464499694291,-0.030410933556022344,0
1.705,0,0.47948278998385724,-0.57170875476884331,0,-0.094554784832247815,-0.49097799611115717,0
1.705,1,0.035596253715133301,0.30558752094889052,0,0.29837741073867913,-0.031159601423663995,0
1.7075,0,0.4792447955747024,-0.572935888005348,0,-0.095840742491629757,-0.49072859309261085,0
1.7075,1,0.036342098344198805,0.30550868628611333,0,0.29829829251372586,-0.031908128798092981,0
1.71,0,0.47900358713038405,-0.57416239353139986,0,-0.097126012963041922,-0.49047582774883325,0
1.71,1,0.037087742822844688,0.30542798048648034,0,0.29821729040298189,-0.032656510908295494,0
1.7125,0,0.478759166380334,-0.57538826294374168,0,-0.09841058707699421,-0.49021970212463051,0
1.7125,1,0.037833182441472851,0.30534540391911735,0,0.29813440449954953,-0.033404742982083124,0
1.715,0,0.4785115350768992,-0.57661348784426214,0,-0.099694455670827131,-0.48996021829174824,0
1.715,1,0.038578412490733217,0.3052609569650821,0,0.29804963490874459,-0.034152820246124566,0
1.7175,0,0.47826069499532464,-0.57783805984006287,0,-0.10097760958880034,-0.48969737834884508,0
1.7175,1,0.039323428261554279,0.30517464001736699,0,0.2979629817481062,-0.034900737925977324,0
1.72,0,0.47800664793373593,-0.57906197054352571,0,-0.10226003968218111,-0.48943118442146577,0
1.72,1,0.040068225045173669,0.30508645348090185,0,0.29787444514740663,-0.035648491246119532,0
1.7225,0,0.47774939571312153,-0.58028521157238011,0,-0.10354173680933271,-0.48916163866201423,0
1.7225,1,0.040812798133168751,0.30499639777255672,0,0.29778402524866088,-0.036396075429981786,0
1.725,0,0.47748894017731514,-0.58150777454976976,0,-0.10482269183580255,-0.48888874324972598,0
1.725,1,0.04155714281748725,0.30490447332114429,0,0.29769172220613638,-0.037143485699979079,0
1.7275,0,0.47722528319297736,-0.58272965110432018,0,-0.10610289563441029,-0.48861250039064036,0
1.7275,1,0.042301254390477876,0.30481068056742239,0,0.29759753618636253,-0.037890717277542757,0
1.73,0,0.47695842664957766,-0.58395083287020544,0,-0.10738233908533584,-0.48833291231757259,0
1.73,1,0.043045128144921001,0.3047150199640965,0,0.29750146736814004,-0.038637765383152563,0
1.7325,0,0.47668837245937573,-0.58517131148721502,0,-0.10866101307620717,-0.48804998129008509,0
1.7325,1,0.043788759374059363,0.30461749197582211,0,0.29740351594255038,-0.039384625236368737,0
1.735,0,0.47641512255740276,-0.58639107860082074,0,-0.10993890850218797,-0.48776370959445886,0
1.735,1,0.044532143371628759,0.3045180970792068,0,0.29730368211296504,-0.040131292055864159,0
1.7375,0,0.47613867890144246,-0.58761012586224337,0,-0.11121601626606535,-0.48747409954366433,0
1.7375,1,0.045275275431888785,0.30441683576281264,0,0.29720196609505467,-0.040877761059456563,0
1.74,0,0.47585904347201197,-0.5888284449285196,0,-0.11249232727833718,-0.48718115347733182,0
1.74,1,0.046018150849653598,0.30431370852715817,0,0.29709836811679813,-0.04162402746414081,0
1.7425,0,0.47557621827234242,-0.5900460274625684,0,-0.11376783245729945,-0.48688487376172196,0
1.7425,1,0.04676076492032271,0.30420871588472032,0,0.2969928884184917,-0.0423700864861212,0
1.745,0,0.47529020532835936,-0.59126286513325765,0,-0.11504252272913346,-0.48658526278969538,0
1.745,1,0.047503112939911774,0.30410185835993658,0,0.29688552725275774,-0.04311593334084389,0
1.7475,0,0.47500100668866296,-0.59247894961547065,0,-0.11631638902799285,-0.48628232298068241,0
1.7475,1,0.048245190205083416,0.30399313648920673,0,0.29677628488455371,-0.043861563243029304,0
1.75,0,0.47470862442450784,-0.59369427259017227,0,-0.11758942229609054,-0.48597605678065231,0
1.75,1,0.048986992013178084,0.30388255082089455,0,0.29666516159118089,-0.044606971406704665,0
1.7525,0,0.474413060629783,-0.59490882574447568,0,-0.11886161348378547,-0.48566646666208207,0
1.7525,1,0.049728513662244928,0.3037701019153296,0,0.29655215766229298,-0.045352153045236529,0
1.755,0,0.47411431742099119,-0.5961226007717082,0,-0.12013295354966926,-0.4853535551239252,0
1.755,1,0.050469750451072673,0.30365579034480883,0,0.29643727339990472,-0.046097103371363427,0
1.7575,0,0.47381239693722826,-0.59733558937147757,0,-0.12140343346065266,-0.48503732469157979,0
1.7575,1,0.051210697679220554,0.30353961669359808,0,0.29632050911840035,-0.046841817597228518,0
1.76,0,0.47350730134016239,-0.59854778324973812,0,-0.12267304419205198,-0.48471777791685644,0
1.76,1,0.051951350647049234,0.30342158155793353,0,0.29620186514454205,-0.047586290934412329,0
1.7625,0,0.47319903281401271,-0.5997591741188566,0,-0.12394177672767523,-0.4843949173779461,0
1.7625,1,0.052691704655751757,0.30330168554602305,0,0.29608134181747819,-0.048330518593965539,0
1.765,0,0.47288759356552823,-0.60096975369767824,0,-0.12520962205990818,-0.48406874567938701,0
1.765,1,0.053431755007384542,0.30317992927804754,0,0.29595893948875157,-0.049074495786441831,0
1.7675,0,0.47257298582396612,-0.60217951371159251,0,-0.12647657118980035,-0.483739265452032,0
1.7675,1,0.054171497004898365,0.30305631338616207,0,0.29583465852230756,-0.04981821772193077,0
1.77,0,0.47225521184106994,-0.60338844589259877,0,-0.12774261512715071,-0.48340647935301484,0
1.77,1,0.054910925952169377,0.30293083851449704,0,0.2957084992945021,-0.050561679610090789,0
1.7725,0,0.47193427389104775,-0.60459654197937218,0,-0.1290077448905933,-0.48307039006571673,0
1.7725,1,0.055650037154030142,0.30280350531915917,0,0.29558046219410972,-0.051304876660182172,0
1.775,0,0.47161017427054991,-0.60580379371732895,0,-0.13027195150768273,-0.4827310002997322,0
1.775,1,0.056388825916300692,0.30267431446823256,0,0.29545054762233131,-0.052047804081100137,0
1.7775,0,0.47128291529864658,-0.60701019285869218,0,-0.13153522601497944,-0.48238831279083488,0
1.7775,1,0.057127287545819611,0.30254326664177944,0,0.29531875599280188,-0.052790457081407942,0
1.78,0,0.47095249931680516,-0.60821573116255689,0,-0.13279755945813496,-0.48204233030094273,0
1.78,1,0.05786541735047511,0.30241036253184095,0,0.29518508773159841,-0.053532830869370072,0
1.7825,0,0.47061892868886751,-0.60942040039495571,0,-0.13405894289197681,-0.48169305561808318,0
1.7825,1,0.058603210639236167,0.30227560284243798,0,0.29504954327724719,-0.054274920652985469,0
1.785,0,0.47028220580102681,-0.61062419232892373,0,-0.13531936738059344,-0.48134049155635772,0
1.785,1,0.059340662722183642,0.30213898828957175,0,0.29491212308073145,-0.055016721640020805,0
1.7875,0,0.46994233306180427,-0.61182709874456409,0,-0.13657882399741883,-0.48098464095590637,0
1.7875,1,0.060077768910541431,0.30200051960122415,0,0.29477282760549872,-0.055758229038043838,0
1.79,0,0.46959931290202583,-0.61302911142911254,0,-0.13783730382531711,-0.48062550668287185,0
1.79,1,0.060814524516707637,0.30186019751735854,0,0.29463165732746815,-0.056499438054456785,0
1.7925,0,0.46925314777479837,-0.61423022217700285,0,-0.13909479795666688,-0.4802630916293632,0
1.7925,1,0.061550924854285767,0.30171802278991983,0,0.29448861273503774,-0.05724034389652978,0
1.795,0,0.46890384015548575,-0.61543042278993132,0,-0.14035129749344544,-0.47989739871341924,0
1.795,1,0.062286965238115929,0.30157399618283487,0,0.29434369432909135,-0.057980941771434369,0
1.7975,0,0.46855139254168482,-0.61662970507692183,0,-0.14160679354731281,-0.47952843087897179,0
1.7975,1,0.063022640984306044,0.30142811847201273,0,0.29419690262300585,-0.05872122688627706,0
1.8,0,0.46819580745320105,-0.61782806085439035,0,-0.14286127723969572,-0.47915619109580843,0
1.8,1,0.063757947410263124,0.30128039044534471,0,0.29404823814265807,-0.059461194448132922,0
1.8025,0,0.46783708743202407,-0.61902548194620954,0,-0.14411473970187116,-0.47878068235953508,0
1.8025,1,0.064492879834724487,0.30113081290270444,0,0.29389770142643146,-0.060200839664079242,0
1.805,0,0.46747523504230293,-0.6202219601837734,0,-0.14536717207505004,-0.47840190769153806,0
1.805,1,0.065227433577789054,0.30097938665594781,0,0.29374529302522301,-0.060940157741229253,0
1.8075,0,0.46711025287032104,-0.62141748740606151,0,-0.14661856551046057,-0.47801987013894609,0
1.8075,1,0.065961603960948648,0.30082611252891284,0,0.29359101350244982,-0.061679143886765868,0
1.81,0,0.46674214352447119,-0.62261205545970344,0,-0.14786891116943143,-0.47763457277459187,0
1.81,1,0.066695386307119284,0.30067099135741943,0,0.29343486343405567,-0.062417793307975498,0
1.8125,0,0.46637090963523004,-0.62380565619904293,0,-0.14911820022347486,-0.47724601869697325,0
1.8125,1,0.067428775940672495,0.30051402398926913,0,0.29327684340851745,-0.063156101212281934,0
1.815,0,0.46599655385513272,-0.62499828148620196,0,-0.15036642385436944,-0.47685421103021436,0
1.815,1,0.068161768187466706,0.30035521128424469,0,0.29311695402685151,-0.06389406280728023,0
1.8175,0,0.46561907885874698,-0.62618992319114475,0,-0.15161357325424288,-0.47645915292402602,0
1.8175,1,0.068894358374878548,0.30019455411410961,0,0.29295519590262004,-0.064631673300770687,0
1.82,0,0.46523848734264711,-0.6273805731917419,0,-0.15285963962565446,-0.47606084755366634,0
1.82,1,0.069626541831834241,0.30003205336260763,0,0.29279156966193715,-0.065368927900792864,0
1.8225,0,0.46485478202538794,-0.62857022337383384,0,-0.15410461418167751,-0.47565929811990054,0
1.8225,1,0.070358313888841006,0.29986770992546208,0,0.29262607594347484,-0.066105821815659632,0
1.825,0,0.46446796564747839,-0.62975886563129491,0,-0.15534848814598134,-0.47525450784896084,0
1.825,1,0.07108966987801843,0.29970152471037503,0,0.29245871539846918,-0.066842350253991323,0
1.8275,0,0.46407804097135474,-0.63094649186609675,0,-0.15659125275291347,-0.47484647999250584,0
1.8275,1,0.071820605133129919,0.29953349863702661,0,0.29228948869072602,-0.067578508424749842,0
1.83,0,0.4636850107813541,-0.63213309398837181,0,-0.15783289924758126,-0.47443521782757964,0
1.83,1,0.072551114989614113,0.29936363263707411,0,0.29211839649662691,-0.068314291537272934,0
1.8325,0,0.46328887788368722,-0.63331866391647695,0,-0.15907341888593363,-0.47402072465657064,0
1.8325,1,0.07328119478461631,0.29919192765415087,0,0.29194543950513463,-0.069049694801308389,0
1.835,0,0.46288964510641123,-0.63450319357705665,0,-0.16031280293484243,-0.47360300380717019,0
1.835,1,0.074010839857019978,0.29901838464386543,0,0.29177061841779883,-0.069784713427048423,0
1.8375,0,0.46248731529940246,-0.635686674905106,0,-0.16155104267218379,-0.47318205863233059,0
1.8375,1,0.074740045547478179,0.29884300457380014,0,0.29159393394876165,-0.070519342625163961,0
1.84,0,0.46208189133432859,-0.63686909984403417,0,-0.16278812938691906,-0.47275789251022327,0
1.84,1,0.075468807198445079,0.29866578842351016,0,0.29141538682476292,-0.071253577606839105,0
1.8425,0,0.46167337610462095,-0.63805046034572721,0,-0.1640240543791758,-0.4723305088441962,0
1.8425,1,0.076197120154207459,0.29848673718452184,0,0.29123497778514545,-0.07198741358380556,0
1.845,0,0.46126177252544659,-0.63923074837061089,0,-0.16525880896032846,-0.47189991106273138,0
1.845,1,0.076924979760916223,0.29830585186033159,0,0.29105270758186041,-0.072720845768377146,0
1.8475,0,0.46084708353367981,-0.64040995588771354,0,-0.16649238445307882,-0.47146610261940181,0
1.8475,1,0.077652381366617895,0.29812313346640429,0,0.29086857697947222,-0.073453869373484332,0
1.85,0,0.46042931208787402,-0.6415880748747288,0,-0.16772477219153636,-0.47102908699282825,0
1.85,1,0.078379320321286194,0.29793858303017157,0,0.29068258675516356,-0.074186479612708855,0
1.8525,0,0.46000846116823296,-0.64276509731807818,0,-0.16895596352129838,-0.4705888676866356,0
1.8525,1,0.079105791976853579,0.29775220159103027,0,0.2904947376987404,-0.074918671700318351,0
1.855,0,0.45958453377658193,-0.6439410152129732,0,-0.17018594979952989,-0.47014544822940912,0
1.855,1,0.079831791687242804,0.29756399020034074,0,0.29030503061263663,-0.075650440851301029,0
1.8575,0,0.45915753293633871,-0.64511582056347827,0,-0.17141472239504343,-0.4696988321746503,0
1.8575,1,0.080557314808398492,0.29737394992142485,0,0.29011346631191876,-0.076381782281400454,0
1.86,0,0.45872746169248441,-0.64628950538257246,0,-0.17264227268837851,-0.46924902310073241,0
1.86,1,0.08128235669831875,0.29718208182956418,0,0.28992004562429063,-0.077112691207150266,0
1.8625,0,0.45829432311153406,-0.64746206169221199,0,-0.17386859207188096,-0.46879602461085568,0
1.8625,1,0.082006912717086738,0.29698838701199787,0,0.28972476939009784,-0.077843162845909045,0
1.865,0,0.45785812028150696,-0.64863348152339184,0,-0.17509367194978218,-0.46833984033300241,0
1.865,1,0.082730978226902271,0.29679286656792059,0,0.28952763846233193,-0.078573192415895179,0
1.8675,0,0.45741885631189688,-0.64980375691620795,0,-0.17631750373827798,-0.46788047391989168,0
1.8675,1,0.083454548592113487,0.29659552160848046,0,0.28932865370663502,-0.079302775136221762,0
1.87,0,0.45697653433364205,-0.65097287991991903,0,-0.17754007886560735,-0.4674179290489337,0
1.87,1,0.084177619179248403,0.29639635325677655,0,0.28912781600130366,-0.080031906226931585,0
1.8725,0,0.4565311574990949,-0.65214084259300797,0,-0.17876138877213105,-0.46695220942218391,0
1.8725,1,0.084900185357046645,0.29619536264785656,0,0.28892512623729311,-0.080760580909032098,0
1.875,0,0.4560827289819917,-0.65330763700324357,0,-0.17998142491040983,-0.46648331876629689,0
1.875,1,0.085622242496491044,0.29599255092871463,0,0.2887205853182212,-0.081488794404530482,0
1.8775,0,0.4556312519774221,-0.65447325522774202,0,-0.18120017874528271,-0.46601126083247996,0
1.8775,1,0.08634378597083929,0.2957879192582884,0,0.28851419416037222,-0.08221654193646874,0
1.88,0,0.45517672970179807,-0.65563768935302813,0,-0.18241764175394484,-0.46553603939644622,0
1.88,1,0.087064811155655633,0.29558146880745662,0,0.28830595369270073,-0.08294381872895884,0
1.8825,0,0.45471916539282309,-0.65680093147509666,0,-0.18363380542602523,-0.46505765825836781,0
1.8825,1,0.087785313428842549,0.29537320075903639,0,0.28809586485683519,-0.083670620007217866,0
1.885,0,0.45425856230946099,-0.65796297369947321,0,-0.18484866126366423,-0.46457612124282843,0
1.885,1,0.08850528817067245,0.29516311630778036,0,0.28788392860708145,-0.08439694099760324,0
1.8875,0,0.45379492373190444,-0.65912380814127525,0,-0.18606220078159089,-0.46409143219877597,0
1.8875,1,0.089224730763819329,0.29495121666037377,0,0.28767014591042633,-0.085122776927648011,0
1.89,0,0.45332825296154344,-0.66028342692527309,0,-0.18727441550720006,-0.4636035949994744,0
1.89,1,0.089943636593390539,0.29473750303543161,0,0.28745451774654085,-0.085848123026096138,0
1.8925,0,0.45285855332093367,-0.66144182218595049,0,-0.18848529698062924,-0.46311261354245586,0
1.8925,1,0.090662001046958443,0.29452197666349533,0,0.28723704510778353,-0.086572974522937815,0
1.895,0,0.45238582815376432,-0.6625989860675654,0,-0.18969483675483526,-0.46261849174947223,0
1.895,1,0.091379819514592175,0.29430463878702984,0,0.28701772899920353,-0.087297326649444909,0
1.8975,0,0.4519100808248262,-0.66375491072421033,0,-0.19090302639567075,-0.46212123356644624,0
1.8975,1,0.092097087388889359,0.29408549066042028,0,0.28679657043854362,-0.088021174638206329,0
1.9,0,0.45143131471997916,-0.66490958831987268,0,-0.19210985748196038,-0.46162084296342276,0
1.9,1,0.092813800065007848,0.29386453354996855,0,0.28657357045624315,-0.088744513723163526,0
1.9025,0,0.45094953324611975,-0.66606301102849508,0,-0.19331532160557691,-0.46111732393451943,0
1.9025,1,0.09352995294069745,0.29364176873389003,0,0.28634873009544093,-0.089467339139645982,0
1.905,0,0.45046473983114838,-0.6672151710340356,0,-0.19451941037151699,-0.46061068049787723,0
1.905,1,0.094245541416331721,0.29341719750230999,0,0.28612205041197786,-0.090189646124406761,0
1.9075,0,0.4499769379239365,-0.66836606053052749,0,-0.19572211539797674,-0.46010091669561065,0
1.9075,1,0.094960560894939691,0.29319082115725992,0,0.28589353247439947,-0.090911429915658107,0
1.91,0,0.44948613099429352,-0.66951567172213922,0,-0.19692342831642712,-0.45958803659375769,0
1.91,1,0.095675006782237643,0.29296264101267394,0,0.28566317736395858,-0.091632685753107054,0
1.9125,0,0.44899232253293336,-0.67066399682323419,0,-0.19812334077168911,-0.45907204428222953,0
1.9125,1,0.096388874486660864,0.29273265839438506,0,0.28543098617461754,-0.092353408877991094,0
1.915,0,0.44849551605144122,-0.6718110280584304,0,-0.19932184442200868,-0.45855294387475992,0
1.915,1,0.097102159419395442,0.2925008746401212,0,0.28519696001305067,-0.093073594533113854,0
1.9175,0,0.44799571508223979,-0.67295675766265994,0,-0.2005189309391314,-0.45803073950885437,0
1.9175,1,0.09781485699441006,0.29226729109950123,0,0.28496109999864633,-0.093793237962880888,0
1.92,0,0.44749292317855538,-0.67410117788122814,0,-0.20171459200837699,-0.45750543534573901,0
1.92,1,0.098526962628487758,0.29203190913403093,0,0.28472340726350892,-0.094512334413335411,0
1.9225,0,0.44698714391438399,-0.67524428096987321,0,-0.20290881932871363,-0.45697703557030916,0
1.9225,1,0.099238471741257717,0.291794730117099,0,0.28448388295246102,-0.095230879132194107,0
1.925,0,0.44647838088445707,-0.67638605919482497,0,-0.20410160461283189,-0.45644554439107782,0
1.925,1,0.099949379755227094,0.29155575543397266,0,0.28424252822304513,-0.095948867368883015,0
1.9275,0,0.44596663770420703,-0.67752650483286403,0,-0.20529293958721864,-0.4559109660401236,0
1.9275,1,0.1006596820958128,0.29131498648179333,0,0.28399934424552536,-0.096666294374573386,0
1.93,0,0.44545191800973272,-0.6786656101713805,0,-0.20648281599223056,-0.45537330477303872,0
1.93,1,0.10136937419137332,0.29107242466957234,0,0.28375433220288926,-0.097383155402217633,0
1.9325,0,0.44493422545776473,-0.67980336750843284,0,-0.20767122558216755,-0.45483256486887635,0
1.9325,1,0.10207845147324049,0.29082807141818634,0,0.28350749329084907,-0.098099445706585256,0
1.935,0,0.44441356372563035,-0.68093976915280652,0,-0.20885816012534583,-0.45428875063009821,0
1.935,1,0.10278690937575136,0.29058192816037276,0,0.28325882871784341,-0.098815160544298855,0
1.9375,0,0.44388993651121844,-0.68207480742407234,0,-0.2100436114041708,-0.45374186638252134,0
1.9375,1,0.10349474333627996,0.29033399634072504,0,0.28300833970503836,-0.099530295173870173,0
1.94,0,0.44336334753294421,-0.68320847465264456,0,-0.21122757121520977,-0.45319191647526508,0
1.94,1,0.10420194879526917,0.29008427741568804,0,0.28275602748632878,-0.10024484485573613,0
1.9425,0,0.44283380052971361,-0.6843407631798395,0,-0.21241003136926431,-0.45263890528069756,0
1.9425,1,0.10490852119626251,0.28983277285355302,0,0.28250189330833936,-0.10095880485229497,0
1.945,0,0.44230129926088774,-0.68547166535793336,0,-0.21359098369144253,-0.45208283719438197,0
1.945,1,0.10561445598593597,0.28957948413445272,0,0.28224593843042556,-0.10167217042794231,0
1.9475,0,0.44176584750624692,-0.6866011735502201,0,-0.21477042002123098,-0.45152371663502261,0
1.9475,1,0.10631974861412985,0.28932441275035642,0,0.28198816412467459,-0.10238493684910741,0
1.95,0,0.44122744906595468,-0.68772928013106938,0,-0.21594833221256637,-0.45096154804441058,0
1.95,1,0.10702439453388057,0.28906756020506469,0,0.28172857167590598,-0.10309709938428928,0
1.9525,0,0.44068610776052158,-0.68885597748598415,0,-0.21712471213390711,-0.45039633588736949,0
1.9525,1,0.10772838920145254,0.28880892801420421,0,0.28146716238167241,-0.10380865330409297,0
1.955,0,0.4401418274307688,-0.68998125801165799,0,-0.21829955166830445,-0.44982808465170054,0
1.955,1,0.10843172807636996,0.2885485177052225,0,0.28120393755226009,-0.10451959388126582,0
1.9575,0,0.43959461193779159,-0.69110511411603281,0,-0.21947284271347364,-0.44925679884812769,0
1.9575,1,0.10913440662144865,0.28828633081738247,0,0.28093889851068921,-0.10522991639073373,0
1.96,0,0.43904446516292239,-0.69222753821835581,0,-0.22064457718186459,-0.44868248301024233,0
1.96,1,0.10983642030282791,0.28802236890175703,0,0.28067204659271427,-0.10593961610963754,0
1.9625,0,0.43849139100769413,-0.69334852274923664,0,-0.22181474700073237,-0.44810514169444798,0
1.9625,1,0.11053776459000234,0.28775663352122327,0,0.28040338314682434,-0.10664868831736932,0
1.965,0,0.43793539339380294,-0.69446806015070461,0,-0.2229833441122076,-0.44752477947990438,0
1.965,1,0.11123843495585367,0.28748912625045703,0,0.28013290953424291,-0.10735712829560885,0
1.9675,0,0.43737647626307097,-0.69558614287626508,0,-0.22415036047336645,-0.44694140096847162,0
1.9675,1,0.11193842687668264,0.28721984867592709,0,0.27986062712892823,-0.10806493132835997,0
1.97,0,0.4368146435774089,-0.69670276339095649,0,-0.22531578805630037,-0.446355010784654,0
1.97,1,0.11263773583224077,0.28694880239588916,0,0.27958653731757271,-0.10877209270198705,0
1.9725,0,0.43624989931877828,-0.69781791417140671,0,-0.22647961884818574,-0.44576561357554351,0
1.9725,1,0.11333635730576223,0.28667598902038011,0,0.27931064149960311,-0.10947860770525149,0
1.975,0,0.43568224748915385,-0.69893158770588959,0,-0.22764184485135314,-0.44517321401076315,0
1.975,1,0.11403428678399571,0.28640141017121185,0,0.27903294108717974,-0.11018447162934818,0
1.9775,0,0.43511169211048545,-0.7000437764943811,0,-0.22880245808335636,-0.4445778167824101,0
1.9775,1,0.11473151975723618,0.28612506748196526,0,0.27875343750519632,-0.11088967976794212,0
1.98,0,0.43453823722465995,-0.70115447304861533,0,-0.22996145057704132,-0.44397942660499845,0
1.98,1,0.11542805171935677,0.28584696259798381,0,0.27847213219127925,-0.11159422741720491,0
1.9825,0,0.43396188689346288,-0.70226366989214084,0,-0.23111881438061449,-0.44337804821540194,0
1.9825,1,0.1161238781678406,0.28556709717636747,0,0.27818902659578676,-0.11229810987585141,0
1.985,0,0.43338264519853997,-0.70337135956037611,0,-0.23227454155771135,-0.44277368637279613,0
1.985,1,0.11681899460381259,0.28528547288596617,0,0.27790412218180832,-0.11300132244517631,0
1.9875,0,0.43280051624135851,-0.70447753460066531,0,-0.23342862418746438,-0.44216634585860076,0
1.9875,1,0.11751339653207131,0.28500209140737331,0,0.27761742042516352,-0.11370386042909084,0
1.99,0,0.43221550414316845,-0.70558218757233404,0,-0.2345810543645708,-0.44155603147642147,0
1.99,1,0.11820707946112076,0.28471695443291928,0,0.27732892281440102,-0.11440571913415935,0
1.9925,0,0.43162761304496355,-0.70668531104674459,0,-0.23573182419936031,-0.44094274805199157,0
1.9925,1,0.11890003890320226,0.28443006366666451,0,0.27703863085079755,-0.11510689386963616,0
1.995,0,0.431036847107442,-0.70778689760735092,0,-0.23688092581786221,-0.4403265004331135,0
1.995,1,0.11959227037432621,0.28414142082439309,0,0.27674654604835636,-0.11580737994750213,0
1.9975,0,0.43044321051096734,-0.70888693984975426,0,-0.23802835136187256,-0.43970729348959997,0
1.9975,1,0.12028376939430391,0.28385102763360559,0,0.27645266993380602,-0.11650717268250159,0
2,0,0.42984670745552872,-0.70998543038175776,0,-0.23917409298902093,-0.43908513211321493,0
2,1,0.12097453148677942,0.28355888583351224,0,0.27615700404659882,-0.11720626739217896,0
2.0025,0,0.42924734216070137,-0.71108236182342133,0,-0.24031814287283698,-0.43846002121761446,0
2.0025,1,0.12166455217926131,0.2832649971750259,0,0.27585954993890904,-0.11790465939691566,0
2.005,0,0.4286451188656068,-0.71217772680711622,0,-0.24146049320281673,-0.4378319657382872,0
2.005,1,0.12235382700315449,0.28296936342075479,0,0.2755603091756314,-0.11860234401996692,0
2.0075,0,0.42804004182887267,-0.71327151797757971,0,-0.24260113618448853,-0.43720097063249463,0
2.0075,1,0.123042351493792,0.28267198634499546,0,0.27525928333437899,-0.11929931658749861,0
2.01,0,0.42743211532859271,-0.71436372799196934,0,-0.24374006403947887,-0.43656704087921128,0
2.01,1,0.12373012119046682,0.28237286773372533,0,0.2749564740054814,-0.11999557242862416,0
2.0125,0,0.42682134366228641,-0.71545434951991715,0,-0.24487726900557794,-0.43593018147906437,0
2.0125,1,0.12441713163646365,0.28207200938459526,0,0.27465188279198255,-0.12069110687544145,0
2.015,0,0.42620773114685845,-0.7165433752435838,0,-0.24601274333680478,-0.43529039745427373,0
2.015,1,0.12510337837909066,0.28176941310692211,0,0.27434551130963852,-0.12138591526306972,0
2.0175,0,0.42559128211855812,-0.71763079785771233,0,-0.24714647930347236,-0.43464769384859098,0
2.0175,1,0.12578885696971134,0.28146508072168114,0,0.27403736118691524,-0.12207999292968653,0
2.02,0,0.42497200093293847,-0.71871661006968213,0,-0.24827846919225219,-0.43400207572723892,0
2.02,1,0.12647356296377621,0.28115901406149835,0,0.27372743406498584,-0.12277333521656476,0
2.0225,0,0.42434989196481537,-0.71980080459956219,0,-0.2494087053062389,-0.43335354817685046,0
2.0225,1,0.1271574919208546,0.28085121497064253,0,0.27341573159772831,-0.12346593746810955,0
2.025,0,0.42372495960822631,-0.72088337418016502,0,-0.25053717996501434,-0.43270211630540723,0
2.025,1,0.12784063940466642,0.2805416853050175,0,0.27310225545172273,-0.12415779503189535,0
2.0275,0,0.42309720827638914,-0.7219643115570995,0,-0.25166388550471164,-0.43204778524217846,0
2.0275,1,0.12852300098311389,0.28023042693215428,0,0.27278700730624833,-0.12484890325870297,0
2.03,0,0.42246664240166065,-0.72304360948882429,0,-0.25278881427807864,-0.43139056013765903,0
2.03,1,0.1292045722283133,0.2799174417312027,0,0.27246998885328078,-0.12553925750255659,0
2.0325,0,0.4218332664354949,-0.7241212607467008,0,-0.25391195865454164,-0.43073044616350781,0
2.0325,1,0.12988534871662677,0.27960273159292354,0,0.27215120179748892,-0.1262288531207609,0
2.035,0,0.4211970848484014,-0.72519725811504576,0,-0.25503331102026822,-0.43006744851248541,0
2.035,1,0.13056532602869392,0.27928629841968017,0,0.27183064785623179,-0.12691768547393811,0
2.0375,0,0.4205581021299033,-0.72627159439118438,0,-0.25615286377823027,-0.42940157239839211,0
2.0375,1,0.13124449974946364,0.27896814412543014,0,0.27150832875955516,-0.12760574992606516,0
2.04,0,0.41991632278849517,-0.72734426238550243,0,-0.25727060934826651,-0.42873282305600513,0
2.04,1,0.13192286546822582,0.2786482706357169,0,0.27118424625018833,-0.12829304184451076,0
2.0425,0,0.41927175135160089,-0.72841525492149872,0,-0.25838654016714496,-0.42806120574101614,0
2.0425,1,0.13260041877864298,0.27832667988766119,0,0.27085840208354039,-0.12897955660007268,0
2.045,0,0.41862439236553117,-0.72948456483583746,0,-0.25950064868862477,-0.42738672572996822,0
2.045,1,0.13327715527878203,0.27800337382995233,0,0.2705307980276967,-0.12966528956701473,0
2.0475,0,0.417974250395441,-0.73055218497840013,0,-0.26061292738351827,-0.42670938832019289,0
2.0475,1,0.13395307057114592,0.27767835442283967,0,0.27020143586341505,-0.13035023612310412,0
2.05,0,0.41732133002528693,-0.73161810821233753,0,-0.26172336873975233,-0.4260291988297466,0
2.05,1,0.13462816026270533,0.27735162363812371,0,0.26987031738412193,-0.13103439164964856,0
2.0525,0,0.41666563585778421,-0.73268232741412143,0,-0.26283196526242958,-0.42534616259734748,0
2.0525,1,0.13530241996493036,0.27702318345914723,0,0.26953744439590832,-0.13171775153153356,0
2.055,0,0.41600717251436381,-0.73374483547359604,0,-0.26393870947388948,-0.4246602849823114,0
2.055,1,0.13597584529382215,0.27669303588078625,0,0.26920281871752572,-0.13240031115725959,0
2.0575,0,0.41534594463512925,-0.73480562529402949,0,-0.26504359391376903,-0.42397157136448815,0
2.0575,1,0.13664843186994452,0.27636118290944095,0,0.2688664421803818,-0.13308206591897939,0
2.06,0,0.41468195687881321,-0.73586468979216535,0,-0.26614661113906307,-0.42328002714419743,0
2.06,1,0.13732017531845567,0.27602762656302654,0,0.2685283166285361,-0.13376301121253523,0
2.0625,0,0.41401521392273416,-0.73692202189827327,0,-0.26724775372418458,-0.42258565774216444,0
2.0625,1,0.1379910712691397,0.27569236887096399,0,0.26818844391869551,-0.13444314243749614,0
2.065,0,0.41334572046275264,-0.73797761455620026,0,-0.26834701426102447,-0.42188846859945545,0
2.065,1,0.13866111535643832,0.27535541187417062,0,0.26784682592020964,-0.1351224549971953,0
2.0675,0,0.41267348121322761,-0.7390314607234213,0,-0.26944438535901122,-0.42118846517741299,0
2.0675,1,0.13933030321948242,0.27501675762505068,0,0.26750346451506618,-0.1358009442987673,0
2.07,0,0.41199850090697238,-0.74008355337109,0,-0.27053985964517008,-0.42048565295759122,0
2.07,1,0.13999863050212361,0.27467640818748573,0,0.26715836159788586,-0.13647860575318546,0
2.0725,0,0.41132078429521068,-0.74113388548408909,0,-0.27163342976418237,-0.41978003744169062,0
2.0725,1,0.14066609285296586,0.27433436563682512,0,0.26681151907591771,-0.13715543477529918,0
2.075,0,0.41064033614753243,-0.74218245006108052,0,-0.272725088378444,-0.41907162415149285,0
2.075,1,0.14133268592539705,0.27399063205987617,0,0.26646293886903383,-0.13783142678387134,0
2.0775,0,0.40995716125184922,-0.74322924011455593,0,-0.27381482816812414,-0.41836041862879525,0
2.0775,1,0.14199840537762048,0.2736452095548943,0,0.26611262290972415,-0.13850657720161555,0
2.08,0,0.40927126441435002,-0.7442742486708861,0,-0.2749026418312232,-0.41764642643534539,0
2.08,1,0.1426632468726865,0.27329810023157325,0,0.26576057314309121,-0.13918088145523366,0
2.0825,0,0.40858265045945646,-0.74531746877037119,0,-0.27598852208363106,-0.41692965315277497,0
2.0825,1,0.14332720607852392,0.27294930621103491,0,0.26540679152684454,-0.13985433497545305,0
2.085,0,0.40789132422977792,-0.74635889346729034,0,-0.27707246165918442,-0.41621010438253409,0
2.085,1,0.14399027866797159,0.27259882962581927,0,0.26505128003129513,-0.14052693319706405,0
2.0875,0,0.4071972905860668,-0.74739851582995076,0,-0.27815445330972444,-0.4154877857458249,0
2.0875,1,0.14465246031880991,0.27224667261987423,0,0.26469404063934987,-0.14119867155895743,0
2.09,0,0.4065005544071732,-0.74843632894073742,0,-0.27923448980515353,-0.41476270288353528,0
2.09,1,0.14531374671379221,0.27189283734854536,0,0.26433507534650547,-0.1418695455041617,0
2.0925,0,0.4058011205899999,-0.74947232589616208,0,-0.28031256393349241,-0.41403486145617241,0
2.0925,1,0.1459741335406764,0.27153732597856528,0,0.26397438616084268,-0.14253955047988059,0
2.095,0,0.40509899404945687,-0.75050649980691209,0,-0.28138866850093652,-0.41330426714379587,0
2.095,1,0.14663361649225623,0.27118014068804353,0,0.2636119751030202,-0.1432086819375305,0
2.0975,0,0.40439417971841579,-0.75153884379789926,0,-0.28246279633191229,-0.41257092564595094,0
2.0975,1,0.14729219126639284,0.27082128366645564,0,0.2632478442062684,-0.14387693533277796,0
2.1,0,0.40368668254766449,-0.75256935100830868,0,-0.28353494026913295,-0.41183484268160137,0
2.1,1,0.14794985356604615,0.27046075711463269,0,0.26288199551638297,-0.144544306125577,0
2.1025,0,0.402976507505861,-0.75359801459164699,0,-0.28460509317365434,-0.41109602398906225,0
2.1025,1,0.14860659909930626,0.27009856324475046,0,0.26251443109171868,-0.14521078978020677,0
2.105,0,0.40226365957948779,-0.75462482771579076,0,-0.28567324792493032,-0.41035447532593256,0
2.105,1,0.1492624235794249,0.26973470428031854,0,0.26214515300318253,-0.14587638176530884,0
2.1075,0,0.40154814377280557,-0.75564978356303447,0,-0.28673939742086774,-0.40961020246902757,0
2.1075,1,0.14991732272484667,0.26936918245616948,0,0.26177416333422732,-0.14654107755392476,0
2.11,0,0.40082996510780711,-0.75667287533013861,0,-0.28780353457788133,-0.40886321121431113,0
2.11,1,0.15057129225924051,0.26900200001844765,0,0.26140146418084459,-0.14720487262353354,0
2.1125,0,0.40010912862417108,-0.75769409622837758,0,-0.28886565233094808,-0.40811350737682767,0
2.1125,1,0.15122432791153101,0.26863315922459813,0,0.26102705765155781,-0.14786776245608918,0
2.115,0,0.39938563937921534,-0.75871343948358694,0,-0.28992574363366169,-0.40736109679063415,0
2.115,1,0.15187642541592972,0.26826266234335544,0,0.26065094586741538,-0.14852974253805806,0
2.1175,0,0.39865950244785042,-0.7597308983362111,0,-0.29098380145828634,-0.40660598530873193,0
2.1175,1,0.15252758051196647,0.26789051165473232,0,0.26027313096198318,-0.14919080836045651,0
2.12,0,0.39793072292253279,-0.76074646604135077,0,-0.29203981879581037,-0.40584817880299817,0
2.12,1,0.15317778894452061,0.26751670945000816,0,0.25989361508133757,-0.14985095541888832,0
2.1225,0,0.397199305913218,-0.76176013586880964,0,-0.29309378865599972,-0.40508768316411731,0
2.1225,1,0.15382704646385234,0.26714125803171757,0,0.25951240038405771,-0.15051017921358223,0
2.125,0,0.39646525654731368,-0.76277190110314164,0,-0.29414570406745094,-0.4043245043015124,0
2.125,1,0.15447534882563393,0.26676415971363882,0,0.25912948904121808,-0.15116847524942942,0
2.1275,0,0.39572857996963229,-0.76378175504369761,0,-0.29519555807764392,-0.40355864814327608,0
2.1275,1,0.15512269179098093,0.26638541682078198,0,0.25874488323638078,-0.15182583903602107,0
2.13,0,0.39498928134234401,-0.76478969100467187,0,-0.29624334375299449,-0.40279012063610159,0
2.13,1,0.15576907112648339,0.26600503168937734,0,0.2583585851655878,-0.15248226608768586,0
2.1325,0,0.39424736584492914,-0.76579570231514849,0,-0.29728905417890655,-0.40201892774521364,0
2.1325,1,0.15641448260423707,0.26562300666686334,0,0.25797059703735281,-0.15313775192352747,0
2.135,0,0.39350283867413072,-0.76679978231914792,0,-0.29833268245982403,-0.40124507545429883,0
2.135,1,0.15705892200187457,0.26523934411187461,0,0.25758092107265346,-0.15379229206746212,0
2.1375,0,0.39275570504390683,-0.76780192437567263,0,-0.29937422171928241,-0.40046856976543627,0
2.1375,1,0.15770238510259654,0.26485404639422994,0,0.25718955950492289,-0.1544458820482561,0
2.14,0,0.3920059701853828,-0.76880212185875318,0,-0.30041366509996015,-0.39968941669902786,0
2.14,1,0.15834486769520276,0.26446711589492017,0,0.25679651458004155,-0.15509851739956326,0
2.1425,0,0.39125363934680318,-0.76980036815749409,0,-0.30145100576372963,-0.39890762229372856,0
2.1425,1,0.15898636557412321,0.26407855500609578,0,0.25640178855632867,-0.15575019365996259,0
2.145,0,0.39049871779348388,-0.77079665667611919,0,-0.30248623689170789,-0.39812319260637619,0
2.145,1,0.15962687453944929,0.26368836613105456,0,0.25600538370453374,-0.1564009063729957,0
2.1475,0,0.38974121080776386,-0.77179098083401709,0,-0.30351935168430721,-0.39733613371192156,0
2.1475,1,0.16026639039696475,0.26329655168422933,0,0.25560730230782791,-0.15705065108720431,0
2.15,0,0.38898112368895688,-0.77278333406578614,0,-0.304550343361285,-0.39654645170335795,0
2.15,1,0.16090490895817677,0.26290311409117512,0,0.25520754666179496,-0.15769942335616791,0
2.1525,0,0.38821846175330305,-0.77377370982127991,0,-0.30557920516179382,-0.39575415269165087,0
2.1525,1,0.16154242604034705,0.26250805578855674,0,0.25480611907442247,-0.15834721873854107,0
2.155,0,0.38745323033392026,-0.77476210156565151,0,-0.30660593034443095,-0.39495924280566741,0
2.155,1,0.1621789374665227,0.26211137922413597,0,0.2544030218660927,-0.15899403279809118,0
2.1575,0,0.38668543478075562,-0.77574850277939877,0,-0.3076305121872876,-0.39416172819210554,0
2.1575,1,0.16281443906556728,0.2617130868567587,0,0.25399825736957349,-0.15963986110373579,0
2.16,0,0.38591508046053652,-0.77673290695840813,0,-0.30865294398799781,-0.39336161501542327,0
2.16,1,0.16344892667219177,0.26131318115634206,0,0.25359182793000873,-0.16028469922958022,0
2.1625,0,0.3851421727567218,-0.77771530761399965,0,-0.3096732190637872,-0.39255890945776767,0
2.1625,1,0.16408239612698541,0.26091166460386139,0,0.25318373590490911,-0.16092854275495505,0
2.165,0,0.38436671706945269,-0.77869569827297047,0,-0.31069133075152128,-0.39175361771890377,0
2.165,1,0.16471484327644673,0.26050853969133714,0,0.25277398366414239,-0.16157138726445361,0
2.1675,0,0.3835887188155036,-0.77967407247763931,0,-0.31170727240775353,-0.39094574601614318,0
2.1675,1,0.1653462639730143,0.26010380892182161,0,0.25236257358992376,-0.16221322834796945,0
2.17,0,0.38280818342823297,-0.78065042378588978,0,-0.31272103740877322,-0.39013530058427276,0
2.17,1,0.16597665407509771,0.25969747480938571,0,0.25194950807680599,-0.16285406160073393,0
2.1725,0,0.38202511635753367,-0.78162474577121444,0,-0.31373261915065281,-0.3893222876754831,0
2.1725,1,0.16660600944710829,0.25928953987910558,0,0.25153478953166941,-0.16349388262335363,0
2.175,0,0.38123952306978376,-0.78259703202275788,0,-0.31474201104929511,-0.38850671355929689,0
2.175,1,0.16723432595949003,0.25888000666704908,0,0.25111842037371196,-0.16413268702184783,0
2.1775,0,0.38045140904779656,-0.78356727614536015,0,-0.31574920654048028,-0.38768858452249699,0
2.1775,1,0.16786159948875021,0.25846887772026217,0,0.25070040303443875,-0.16477047040768605,0
2.18,0,0.37966077979077106,-0.78453547175959959,0,-0.3167541990799122,-0.38686790686905459,0
2.18,1,0.16848782591749031,0.25805615559675527,0,0.25028073995765188,-0.16540722839782548,0
2.1825,0,0.37886764081424207,-0.78550161250183603,0,-0.31775698214326498,-0.38604468692005711,0
2.1825,1,0.16911300113443667,0.25764184286548952,0,0.24985943359943996,-0.16604295661474841,0
2.185,0,0.37807199765003019,-0.7864656920242532,0,-0.31875754922622868,-0.38521893101363608,0
2.185,1,0.16973712103447117,0.25722594210636296,0,0.2494364864281674,-0.16667765068649976,0
2.1875,0,0.37727385584619172,-0.78742770399490136,0,-0.31975589384455522,-0.38439064550489477,0
2.1875,1,0.17036018151866195,0.25680845591019641,0,0.24901190092446374,-0.16731130624672449,0
2.19,0,0.37647322096696839,-0.78838764209773982,0,-0.32075200953410354,-0.38355983676583566,0
2.19,1,0.17098217849429403,0.25638938687871965,0,0.2485856795812128,-0.16794391893470503,0
2.1925,0,0.37567009859273715,-0.78934550003267867,0,-0.32174588985088476,-0.38272651118528811,0
2.1925,1,0.17160310787489999,0.25596873762455702,0,0.24815782490354171,-0.16857548439539868,0
2.195,0,0.37486449431995966,-0.79030127151562135,0,-0.32273752837110703,-0.38189067516883546,0
2.195,1,0.17222296558029043,0.25554651077121343,0,0.24772833940880973,-0.16920599827947513,0
2.1975,0,0.37405641376113175,-0.79125495027850579,0,-0.32372691869121989,-0.38105233513874237,0
2.1975,1,0.17284174753658468,0.25512270895305988,0,0.24729722562659703,-0.16983545624335375,0
2.2,0,0.3732458625447328,-0.7922065300693466,0,-0.32471405442795842,-0.38021149753388178,0
2.2,1,0.1734594496762413,0.25469733481531914,0,0.24686448609869338,-0.17046385394924107,0
2.2025,0,0.37243284631517487,-0.79315600465227598,0,-0.32569892921838717,-0.37936816880966195,0
2.2025,1,0.17407606793808852,0.25427039101405113,0,0.24643012337908654,-0.17109118706516813,0
2.205,0,0.37161737073275197,-0.7941033678075855,0,-0.32668153671994365,-0.37852235543795332,0
2.205,1,0.17469159826735481,0.2538418802161384,0,0.24599414003395073,-0.17171745126502783,0
2.2075,0,0.37079944147358895,-0.79504861333176668,0,-0.32766187061048163,-0.37767406390701513,0
2.2075,1,0.1753060366156993,0.25341180509927136,0,0.24555653864163482,-0.17234264222861234,0
2.21,0,0.36997906422959048,-0.79599173503755227,0,-0.32863992458831409,-0.37682330072142223,0
2.21,1,0.17591937894124215,0.25298016835193354,0,0.24511732179265044,-0.17296675564165045,0
2.2125,0,0.36915624470838976,-0.79693272675395654,0,-0.3296156923722558,-0.37597007240199132,0
2.2125,1,0.17653162120859503,0.25254697267338666,0,0.24467649208966,-0.17358978719584489,0
2.215,0,0.36833098863329733,-0.79787158232631616,0,-0.3305891677016658,-0.37511438548570758,0
2.215,1,0.17714275938889143,0.25211222077365569,0,0.24423405214746452,-0.1742117325889096,0
2.2175,0,0.36750330174324963,-0.79880829561633038,0,-0.33156034433648934,-0.37425624652565087,0
2.2175,1,0.17775278945981701,0.2516759153735138,0,0.24379000459299141,-0.17483258752460709,0
2.22,0,0.36667318979275737,-0.79974286050210108,0,-0.33252921605729957,-0.3733956620909219,0
2.22,1,0.17836170740563986,0.25123805920446707,0,0.24334435206528196,-0.17545234771278576,0
2.2225,0,0.36584065855185405,-0.80067527087817292,0,-0.33349577666533903,-0.37253263876656828,0
2.2225,1,0.17896950921724081,0.25079865500873932,0,0.24289709721547892,-0.17607100886941709,0
2.225,0,0.36500571380604419,-0.801605520655573,0,-0.33446001998256081,-0.37166718315351055,0
2.225,1,0.17957619089214366,0.25035770553925674,0,0.24244824270681381,-0.17668856671663302,0
2.2275,0,0.36416836135625141,-0.80253360376185046,0,-0.33542193985166929,-0.37079930186846799,0
2.2275,1,0.18018174843454543,0.2499152135596325,0,0.24199779121459408,-0.17730501698276308,0
2.23,0,0.36332860701876663,-0.80345951414111594,0,-0.33638153013616079,-0.36992900154388447,0
2.23,1,0.1807861778553464,0.2494711818441511,0,0.24154574542619028,-0.17792035540237167,0
2.2325,0,0.36248645662519596,-0.8043832457540806,0,-0.33733878472036355,-0.36905628882785391,0
2.2325,1,0.1813894751721804,0.24902561317775276,0,0.24109210804102296,-0.17853457771629527,0
2.235,0,0.36164191602240864,-0.80530479257809551,0,-0.33829369750947785,-0.36818117038404613,0
2.235,1,0.18199163640944488,0.2485785103560178,0,0.24063688177054951,-0.17914767967167963,0
2.2375,0,0.36079499107248475,-0.80622414860719005,0,-0.33924626242961547,-0.36730365289163208,0
2.2375,1,0.18259265759833088,0.24812987618515067,0,0.24018006933825087,-0.17975965702201693,0
2.24,0,0.35994568765266294,-0.80714130785211113,0,-0.3401964734278391,-0.36642374304520936,0
2.24,1,0.18319253477685321,0.24767971348196416,0,0.23972167347961806,-0.18037050552718295,0
2.2425,0,0.35909401165528787,-0.80805626434036104,0,-0.34114432447220122,-0.36554144755472739,0
2.2425,1,0.18379126398988041,0.24722802507386335,0,0.23926169694213867,-0.18098022095347421,0
2.245,0,0.3582399689877579,-0.80896901211623617,0,-0.34208980955178281,-0.36465677314541273,0
2.245,1,0.18438884128916469,0.24677481379882946,0,0.23880014248528314,-0.18158879907364503,0
2.2475,0,0.35738356557247225,-0.80987954524086503,0,-0.34303292267673174,-0.36376972655769396,0
2.2475,1,0.1849852627333719,0.24632008250540371,0,0.23833701288049092,-0.18219623566694471,0
2.25,0,0.35652480734677844,-0.81078785779224605,0,-0.34397365787830081,-0.36288031454712688,0
2.25,1,0.18558052438811146,0.24586383405267109,0,0.23787231091115657,-0.18280252651915455,0
2.2525,0,0.35566370026291944,-0.81169394386528537,0,-0.34491200920888548,-0.36198854388431928,0
2.2525,1,0.18617462232596618,0.24540607131024386,0,0.23740603937261567,-0.18340766742262493,0
2.255,0,0.35480025028798073,-0.81259779757183437,0,-0.34584797074206147,-0.36109442135485592,0
2.255,1,0.18676755262652212,0.24494679715824519,0,0.23693820107213059,-0.18401165417631232,0
2.2575,0,0.35393446340383738,-0.81349941304072693,0,-0.34678153657262167,-0.3601979537592232,0
2.2575,1,0.18735931137639839,0.24448601448729254,0,0.23646879882887614,-0.18461448258581625,0
2.26,0,0.35306634560710082,-0.81439878441781688,0,-0.34771270081661321,-0.35929914791273365,0
2.26,1,0.18794989466927689,0.24402372619848101,0,0.23599783547392514,-0.18521614846341641,0
2.2625,0,0.35219590290906583,-0.81529590586601464,0,-0.34864145761137383,-0.35839801064545079,0
2.2625,1,0.18853929860593208,0.24355993520336661,0,0.23552531385023384,-0.18581664762810948,0
2.265,0,0.35132314133565717,-0.81619077156532405,0,-0.34956780111556812,-0.3574945488021134,0
2.265,1,0.18912751929426067,0.2430946444239494,0,0.23505123681262713,-0.18641597590564613,0
2.2675,0,0.35044806692737618,-0.81708337571287926,0,-0.35049172550922353,-0.35658876924206001,0
2.2675,1,0.18971455284931119,0.24262785679265664,0,0.23457560722778373,-0.18701412912856796,0
2.27,0,0.34957068573924743,-0.81797371252298079,0,-0.35141322499376587,-0.35568067883915327,0
2.27,1,0.1903003953933137,0.24215957525232562,0,0.23409842797422123,-0.18761110313624432,0
2.2725,0,0.34869100384076518,-0.81886177622713185,0,-0.35233229379205466,-0.35477028448170411,0
2.2725,1,0.19088504305570933,0.24168980275618668,0,0.23361970194228091,-0.18820689377490926,0
2.275,0,0.34780902731583957,-0.81974756107407443,0,-0.35324892614841819,-0.353857593072396,0
2.275,1,0.19146849197317983,0.24121854226784592,0,0.23313943203411255,-0.18880149689769823,0
2.2775,0,0.34692476226274321,-0.82063106132982522,0,-0.35416311632868797,-0.35294261152820899,0
2.2775,1,0.19205073828967706,0.24074579676126795,0,0.23265762116365907,-0.18939490836468506,0
2.28,0,0.34603821479405705,-0.82151227127771087,0,-0.35507485862023336,-0.35202534678034375,0
2.28,1,0.19263177815645244,0.24027156922075846,0,0.23217427225664092,-0.18998712404291859,0
2.2825,0,0.34514939103661679,-0.82239118521840393,0,-0.35598414733199557,-0.35110580577414557,0
2.2825,1,0.19321160773208643,0.23979586264094674,0,0.23168938825054058,-0.19057813980645949,0
2.285,0,0.34425829713145867,-0.82326779746995793,0,-0.35689097679452131,-0.35018399546902823,0
2.285,1,0.19379022318251785,0.23931868002676815,0,0.23120297209458676,-0.19116795153641702,0
2.2875,0,0.34336493923376554,-0.82414210236784224,0,-0.35779534135999641,-0.3492599228383978,0
2.2875,1,0.19436762068107324,0.2388400243934464,0,0.23071502674973848,-0.19175655512098566,0
2.29,0,0.34246932351281267,-0.82501409426497718,0,-0.35869723540227877,-0.34833359486957632,0
2.29,1,0.19494379640849627,0.23835989876647581,0,0.23022555518866905,-0.19234394645548181,0
2.2925,0,0.34157145615191364,-0.82588376753176884,0,-0.35959665331693136,-0.34740501856372569,0
2.2925,1,0.1955187465529768,0.23787830618160349,0,0.22973456039574996,-0.19293012144238042,0
2.295,0,0.34067134334836591,-0.8267511165561432,0,-0.36049358952125465,-0.34647420093577103,0
2.295,1,0.19609246731018029,0.23739524968481132,0,0.2292420453670346,-0.19351507599135162,0
2.2975,0,0.33976899131339644,-0.82761613574358084,0,-0.36138803845431894,-0.34554114901432448,0
2.2975,1,0.1966649548832769,0.23691073233229801,0,0.22874801311024179,-0.19409880601929727,0
2.3,0,0.33886440627210729,-0.82847881951715074,0,-0.36227999457699611,-0.34460586984160846,0
2.3,1,0.19723620548297063,0.23642475719046091,0,0.22825246664473928,-0.19468130745038753,0
2.3025,0,0.33795759446342105,-0.82933916231754445,0,-0.36316945237199133,-0.34366837047337928,0
2.3025,1,0.19780621532752846,0.2359373273358778,0,0.22775540900152713,-0.19526257621609736,0
2.305,0,0.33704856214002621,-0.83019715860310972,0,-0.36405640634387432,-0.34272865797885044,0
2.305,1,0.1983749806428094,0.23544844585528862,0,0.22725684322322084,-0.19584260825524294,0
2.3075,0,0.33613731556832249,-0.83105280284988403,0,-0.36494085101911033,-0.34178673944061594,0
2.3075,1,0.19894249766229347,0.23495811584557705,0,0.22675677236403449,-0.19642139951401827,0
2.31,0,0.33522386102836599,-0.83190608955162804,0,-0.36582278094609089,-0.3408426219545736,0
2.31,1,0.1995087626271107,0.23446634041375197,0,0.22625519948976361,-0.19699894594603143,0
2.3125,0,0.3343082048138144,-0.83275701321985851,0,-0.36670219069516402,-0.33989631262984821,0
2.3125,1,0.20007377178607011,0.23397312267692902,0,0.22575212767776803,-0.19757524351234104,0
2.315,0,0.33339035323187211,-0.83360556838388167,0,-0.36757907485866453,-0.3389478185887147,0
2.315,1,0.20063752139568852,0.23347846576231174,0,0.22524756001695462,-0.19815028818149261,0
2.3175,0,0.33247031260323512,-0.83445174959082569,0,-0.36845342805094355,-0.33799714696652117,0
2.3175,1,0.20120000772021943,0.23298237280717293,0,0.22474149960775974,-0.19872407592955479,0
2.32,0,0.33154808926203594,-0.83529555140567335,0,-0.36932524490839808,-0.33704430491161208,0
2.32,1,0.20176122703168178,0.23248484695883578,0,0.2242339495621318,-0.19929660274015576,0
2.3225,0,0.33062368955578858,-0.83613696841129448,0,-0.37019452008950005,-0.33608929958525113,0
2.3225,1,0.20232117560988885,0.23198589137465495,0,0.22372491300351344,-0.19986786460451933,0
2.325,0,0.32969711984533318,-0.83697599520847799,0,-0.37106124827482534,-0.33513213816154425,0
2.325,1,0.20287984974247678,0.23148550922199743,0,0.22321439306682372,-0.20043785752150126,0
2.3275,0,0.3287683865047808,-0.8378126264159641,0,-0.37192542416708202,-0.33417282782736252,0
2.3275,1,0.20343724572493335,0.23098370367822352,0,0.22270239289844024,-0.20100657749762535,0
2.33,0,0.327837495921458,-0.83864685667047612,0,-0.37278704249113881,-0.33321137578226495,0
2.33,1,0.20399335986062664,0.23048047793066759,0,0.22218891565618099,-0.20157402054711962,0
2.3325,0,0.32690445449585154,-0.83947868062675202,0,-0.37364609799405291,-0.33224778923842146,0
2.3325,1,0.20454818846083347,0.22997583517661874,0,0.22167396450928609,-0.20214018269195239,0
2.335,0,0.32596926864155262,-0.84030809295757569,0,-0.37450258544509746,-0.3312820754205355,0
2.335,1,0.20510172784476807,0.22946977862330145,0,0.22115754263839954,-0.20270505996186827,0
2.3375,0,0.32503194478520153,-0.84113508835380857,0,-0.3753564996357891,-0.33031424156576683,0
2.3375,1,0.20565397433961052,0.22896231148785609,0,0.22063965323555065,-0.20326864839442427,0
2.34,0,0.32409248936643192,-0.84195966152442037,0,-0.37620783537991465,-0.32934429492365425,0
2.34,1,0.20620492428053513,0.22845343699731926,0,0.22012029950413556,-0.20383094403502569,0
2.3425,0,0.32315090883781511,-0.84278180719651996,0,-0.37705658751355808,-0.3283722427560381,0
2.3425,1,0.20675457401073893,0.22794315838860427,0,0.21959948465889834,-0.20439194293696214,0
2.345,0,0.32220720966480426,-0.84360152011538625,0,-0.37790275089512665,-0.32739809233698319,0
2.345,1,0.20730291988146995,0.22743147890848125,0,0.21907721192591229,-0.20495164116144335,0
2.3475,0,0.32126139832567863,-0.84441879504449835,0,-0.37874632040537709,-0.32642185095270104,0
2.3475,1,0.20784995825205554,0.22691840181355741,0,0.21855348454256079,-0.20551003477763502,0
2.35,0,0.32031348131148762,-0.84523362676556602,0,-0.37958729094744131,-0.32544352590147257,0
2.35,1,0.20839568548993065,0.22640393037025699,0,0.21802830575751836,-0.20606711986269474,0
2.3525,0,0.31936346512599478,-0.84604601007855984,0,-0.38042565744685192,-0.32446312449357073,0
2.3525,1,0.20894009797066596,0.22588806785480137,0,0.21750167883073127,-0.20662289250180763,0
2.355,0,0.31841135628562178,-0.84685593980174079,0,-0.38126141485156728,-0.32348065405118281,0
2.355,1,0.20948319207799612,0.22537081755318883,0,0.21697360703339819,-0.20717734878822208,0
2.3575,0,0.31745716131939233,-0.84766341077169016,0,-0.38209455813199639,-0.32249612190833293,0
2.3575,1,0.21002496420384781,0.22485218276117444,0,0.21644409364795072,-0.20773048482328554,0
2.36,0,0.31650088676887606,-0.84846841784333904,0,-0.3829250822810234,-0.32150953541080451,0
2.36,1,0.21056541074836779,0.22433216678424972,0,0.21591314196803377,-0.20828229671648002,0
2.3625,0,0.31554253918813224,-0.84927095588999757,0,-0.38375298231403188,-0.32052090191606264,0
2.3625,1,0.21110452811995095,0.2238107729376223,0,0.21538075529848572,-0.20883278058545776,0
2.365,0,0.31458212514365352,-0.85007101980338406,0,-0.38457825326892858,-0.3195302287931765,0
2.365,1,0.21164231273526821,0.22328800454619538,0,0.21484693695531859,-0.20938193255607676,0
2.3675,0,0.31361965121430968,-0.85086860449365398,0,-0.3854008902061673,-0.31853752342274161,0
2.3675,1,0.21217876101929448,0.22276386494454722,0,0.21431169026569805,-0.20992974876243628,0
2.37,0,0.31265512399129103,-0.85166370488942844,0,-0.38622088820877198,-0.31754279319680223,0
2.37,1,0.21271386940533651,0.22223835747691054,0,0.21377501856792319,-0.21047622534691229,0
2.3725,0,0.31168855007805213,-0.85245631593782289,0,-0.38703824238235984,-0.31654604551877369,0
2.3725,1,0.21324763433506067,0.22171148549715167,0,0.21323692521140633,-0.21102135846019288,0
2.375,0,0.31071993609025522,-0.85324643260447552,0,-0.38785294785516394,-0.31554728780336455,0
2.375,1,0.21378005225852073,0.22118325236874978,0,0.21269741355665253,-0.21156514426131362,0
2.3775,0,0.30974928865571372,-0.85403404987357534,0,-0.38866499977805563,-0.31454652747649892,0
2.3775,1,0.21431111963418559,0.22065366146477602,0,0.21215648697523912,-0.21210757891769288,0
2.38,0,0.30877661441433546,-0.85481916274789005,0,-0.38947439332456674,-0.31354377197523881,0
2.38,1,0.21484083292896688,0.22012271616787246,0,0.21161414884979504,-0.2126486586051671,0
2.3825,0,0.30780192001806611,-0.85560176624879369,0,-0.39028112369091122,-0.31253902874770617,0
2.3825,1,0.21536918861824661,0.21959041987023098,0,0.21107040257398002,-0.21318837950802602,0
2.385,0,0.30682521213083247,-0.85638185541629464,0,-0.39108518609600673,-0.31153230525300524,0
2.385,1,0.21589618318590467,0.21905677597357215,0,0.21052525155246371,-0.2137267378190478,0
2.3875,0,0.30584649742848558,-0.85715942530906231,0,-0.39188657578149566,-0.31052360896114473,0
2.3875,1,0.21642181312434638,0.21852178788912391,0,0.20997869920090462,-0.21426372973953417,0
2.39,0,0.30486578259874397,-0.85793447100445497,0,-0.39268528801176611,-0.30951294735295992,0
2.39,1,0.21694607493452991,0.2179854590376003,0,0.20943074894592892,-0.21479935147934551,0
2.3925,0,0.30388307434113682,-0.85870698759854625,0,-0.39348131807397252,-0.30850032792003496,0
2.3925,1,0.2174689651259937,0.21744779284917995,0,0.20888140422510923,-0.21533359925693585,0
2.395,0,0.3028983793669468,-0.8594769702061521,0,-0.39427466127805577,-0.30748575816462492,0
2.395,1,0.21799048021688378,0.21690879276348454,0,0.20833066848694307,-0.21586646929938783,0
2.3975,0,0.30191170439915327,-0.86024441396085738,0,-0.39506531295676328,-0.30646924559957806,0
2.3975,1,0.21851061673398101,0.21636846222955725,0,0.20777854519083144,-0.21639795784244761,0
2.4,0,0.30092305617237525,-0.86100931401504222,0,-0.39585326846566854,-0.3054507977482579,0
2.4,1,0.21902937121272836,0.21582680470584098,0,0.20722503780705706,-0.21692806113055979,0
2.4025,0,0.29993244143281417,-0.86177166553990814,0,-0.39663852318319059,-0.30443042214446531,0
2.4025,1,0.21954674019725814,0.21528382366015666,0,0.2066701498167626,-0.21745677541690214,0
2.405,0,0.29893986693819691,-0.86253146372550415,0,-0.39742107251061304,-0.30340812633236081,0
2.405,1,0.22006272024041901,0.21473952256968126,0,0.20611388471192874,-0.21798409696342039,0
2.4075,0,0.29794533945771851,-0.86328870378075262,0,-0.39820091187210271,-0.30238391786638658,0
2.4075,1,0.22057730790380312,0.21419390492092591,0,0.2055562459953521,-0.21851002204086292,0
2.41,0,0.29694886577198498,-0.86404338093347455,0,-0.39897803671472826,-0.30135780431118869,0
2.41,1,0.22109049975777309,0.21364697420971382,0,0.20499723718062313,-0.21903454692881544,0
2.4125,0,0.295950452672956,-0.86479549043041548,0,-0.39975244250847813,-0.30032979324153908,0
2.4125,1,0.22160229238148899,0.21309873394115814,0,0.20443686179210366,-0.21955766791573555,0
2.415,0,0.29495010696388757,-0.86554502753727025,0,-0.40052412474627863,-0.29929989224225789,0
2.415,1,0.22211268236293524,0.21254918762963973,0,0.2038751233649046,-0.22007938129898727,0
2.4175,0,0.29394783545927472,-0.86629198753870829,0,-0.40129307894401123,-0.29826810890813543,0
2.4175,1,0.22262166629894745,0.21199833879878491,0,0.20331202544486335,-0.22059968338487557,0
2.42,0,0.29294364498479403,-0.86703636573839826,0,-0.40205930064052997,-0.29723445084385441,0
2.42,1,0.22312924079523919,0.21144619098144296,0,0.20274757158852103,-0.22111857048868069,0
2.4225,0,0.29193754237724628,-0.86777815745903297,0,-0.40282278539767835,-0.29619892566391215,0
2.4225,1,0.22363540246642871,0.21089274771966374,0,0.20218176536309973,-0.22163603893469264,0
2.425,0,0.29092953448449882,-0.86851735804235353,0,-0.40358352880030601,-0.29516154099254249,0
2.425,1,0.22414014793606568,0.21033801256467508,0,0.20161461034647962,-0.22215208505624542,0
2.4275,0,0.2899196281654281,-0.86925396284917378,0,-0.40434152645628507,-0.29412230446363824,0
2.4275,1,0.22464347383665775,0.20978198907686008,0,0.2010461101271758,-0.2226667051957513,0
2.43,0,0.28890783028986211,-0.86998796725940419,0,-0.4050967739965261,-0.29308122372067313,0
2.43,1,0.22514537680969712,0.20922468082573448,0,0.20047626830431511,-0.22317989570473495,0
2.4325,0,0.28789414773852273,-0.87071936667207583,0,-0.40584926707499391,-0.29203830641662415,0
2.4325,1,0.22564585350568703,0.20866609138992373,0,0.1999050884876129,-0.22369165294386772,0
2.435,0,0.28687858740296807,-0.871448156505364,0,-0.40659900136872312,-0.29099356021389355,0
2.435,1,0.22614490058416822,0.20810622435714016,0,0.19933257429734952,-0.22420197328300157,0
2.4375,0,0.28586115618553487,-0.87217433219661167,0,-0.40734597257783306,-0.28994699278423131,0
2.4375,1,0.22664251471374536,0.20754508332415991,0,0.19875872936434674,-0.22471085310120312,0
2.44,0,0.28484186099928066,-0.87289788920235278,0,-0.40809017642554285,-0.288898611808657,0
2.44,1,0.22713869257211322,0.20698267189679992,0,0.19818355732994411,-0.22521828878678765,0
2.4425,0,0.28382070876792598,-0.87361882299833538,0,-0.40883160865818591,-0.28784842497738233,0
2.4425,1,0.22763343084608312,0.20641899368989475,0,0.19760706184597512,-0.22572427673735293,0
2.445,0,0.28279770642579671,-0.87433712907954431,0,-0.40957026504522409,-0.28679643998973331,0
2.445,1,0.22812672623160901,0.2058540523272733,0,0.19702924657474327,-0.22622881335981307,0
2.4475,0,0.2817728609177661,-0.87505280296022403,0,-0.41030614137926175,-0.28574266455407232,0
2.4475,1,0.2286185754338137,0.2052878514417355,0,0.19645011518899802,-0.22673189507043232,0
2.45,0,0.28074617919919692,-0.87576584017390124,0,-0.41103923347605936,-0.28468710638772066,0
2.45,1,0.22910897516701484,0.20472039467502889,0,0.19586967137191053,-0.22723351829485872,0
2.4525,0,0.27971766823588368,-0.87647623627340698,0,-0.41176953717454701,-0.28362977321688065,0
2.4525,1,0.22959792215475103,0.20415168567782513,0,0.19528791881704943,-0.22773367946815776,0
2.455,0,0.27868733500399445,-0.87718398683089882,0,-0.41249704833683731,-0.28257067277655817,0
2.455,1,0.23008541312980779,0.20358172810969638,0,0.1947048612283564,-0.22823237503484597,0
2.4575,0,0.27765518649001308,-0.87788908743788263,0,-0.41322176284823825,-0.28150981281048476,0
2.4575,1,0.23057144483424338,0.20301052563909167,0,0.19412050232012149,-0.22872960144892443,0
2.46,0,0.2766212296906812,-0.87859153370523457,0,-0.41394367661726561,-0.28044720107104021,0
2.46,1,0.23105601401941472,0.20243808194331311,0,0.19353484581695854,-0.22922535517391218,0
2.4625,0,0.27558547161294006,-0.87929132126322229,0,-0.41466278557565533,-0.27938284531917473,0
2.4625,1,0.23153911744600314,0.20186440070849213,0,0.19294789545378033,-0.22971963268287968,0
2.465,0,0.27454791927387251,-0.87998844576152668,0,-0.41537908567837523,-0.27831675332433159,0
2.465,1,0.23202075188404009,0.20128948562956542,0,0.1923596549757737,-0.230212430458482,0
2.4675,0,0.27350857970064502,-0.88068290286926254,0,-0.41609257290363666,-0.27724893286436941,0
2.4675,1,0.23250091411293278,0.20071334041025107,0,0.19177012813837443,-0.23070374499299218,0
2.47,0,0.27246745993044935,-0.88137468827499987,0,-0.41680324325290591,-0.27617939172548478,0
2.47,1,0.23297960092148981,0.20013596876302442,0,0.19117931870724211,-0.23119357278833436,0
2.4725,0,0.2714245670104446,-0.88206379768678445,0,-0.41751109275091502,-0.2751081377021346,0
2.4725,1,0.23345680910794667,0.19955737440909385,0,0.19058723045823484,-0.2316819103561169,0
2.475,0,0.27037990799769884,-0.88275022683215831,0,-0.41821611744567272,-0.27403517859695881,0
2.475,1,0.23393253547999118,0.19897756107837664,0,0.18999386717738376,-0.2321687542176655,0
2.4775,0,0.26933348995913114,-0.88343397145818037,0,-0.41891831340847474,-0.27296052222070277,0
2.4775,1,0.234406776854789,0.19839653250947448,0,0.18939923266086756,-0.232654100904056,0
2.48,0,0.26828531997145316,-0.88411502733144642,0,-0.41961767673391398,-0.27188417639214002,0
2.48,1,0.23487953005900883,0.19781429244964921,0,0.18880333071498678,-0.23313794695614748,0
2.4825,0,0.26723540512111088,-0.8847933902381091,0,-0.42031420353989035,-0.27080614893799487,0
2.4825,1,0.23535079192884772,0.19723084465479826,0,0.18820616515613811,-0.23362028892461498,0
2.485,0,0.26618375250422649,-0.88546905598389769,0,-0.42100788996762045,-0.26972644769286502,0
2.485,1,0.23582055931005638,0.19664619288943,0,0.18760773981078832,-0.23410112336998229,0
2.4875,0,0.26513036922653993,-0.8861420203941377,0,-0.42169873218164661,-0.26864508049914432,0
2.4875,1,0.23628882905796417,0.19606034092663921,0,0.18700805851544838,-0.23458044686265467,0
2.49,0,0.26407526240335055,-0.88681227931377027,0,-0.42238672636984609,-0.26756205520694559,0
2.49,1,0.23675559803750429,0.19547329254808221,0,0.18640712511664723,-0.23505825598295149,0
2.4925,0,0.26301843915945894,-0.88747982860737151,0,-0.42307186874343972,-0.2664773796740233,0
2.4925,1,0.23722086312323873,0.19488505154395211,0,0.18580494347090551,-0.23553454732113871,0
2.495,0,0.2619599066291084,-0.88814466415917115,0,-0.42375415553700013,-0.26539106176569649,0
2.495,1,0.23768462119938324,0.19429562171295386,0,0.1852015174447092,-0.23600931747746146,0
2.4975,0,0.26089967195592656,-0.88880678187307172,0,-0.42443358300846024,-0.26430310935477158,0
2.4975,1,0.23814686915983224,0.19370500686227932,0,0.18459685091448311,-0.23648256306217635,0
2.5,0,0.2598377422928671,-0.889466177672667,0,-0.42511014743912068,-0.26321353032146533,0
2.5,1,0.23860760390818356,0.19311321080758212,0,0.18399094776656416,-0.23695428069558391,0
2.5025,0,0.25877412480215112,-0.89012284750126047,0,-0.42578384513365758,-0.26212233255332779,0
2.5025,1,0.23906682235776322,0.19252023737295257,0,0.18338381189717476,-0.23742446700806077,0
2.505,0,0.25770882665520889,-0.89077678732188359,0,-0.4264546724201298,-0.26102952394516538,0
2.505,1,0.23952452143165018,0.19192609039089237,0,0.1827754472123958,-0.23789311864009188,0
2.5075,0,0.25664185503262127,-0.8914279931173138,0,-0.42712262564998582,-0.25993511239896383,0
2.5075,1,0.23998069806270084,0.19133077370228938,0,0.18216585762813978,-0.2383602322423026,0
2.51,0,0.25557321712406122,-0.89207646089009229,0,-0.42778770119807052,-0.25883910582381131,0
2.51,1,0.24043534919357368,0.19073429115639212,0,0.18155504707012354,-0.23882580447549076,0
2.5125,0,0.25450292012823533,-0.89272218666254188,0,-0.42844989546263157,-0.25774151213582169,0
2.5125,1,0.24088847177675363,0.19013664661078444,0,0.18094301947384123,-0.23928983201065865,0
2.515,0,0.25343097125282538,-0.89336516647678421,0,-0.42910920486532544,-0.25664233925805768,0
2.515,1,0.24134006277457659,0.18953784393135981,0,0.18032977878453674,-0.23975231152904483,0
2.5175,0,0.25235737771442968,-0.8940053963947574,0,-0.42976562585122341,-0.25554159512045405,0
2.5175,1,0.24179011915925372,0.1889378869922958,0,0.1797153289571764,-0.24021323972215602,0
2.52,0,0.25128214673850463,-0.8946428724982326,0,-0.43041915488881693,-0.254439287659741,0
2.52,1,0.24223863791289571,0.18833677967602835,0,0.17909967395642129,-0.24067261329179876,0
2.5225,0,0.2502052855593061,-0.89527759088883152,0,-0.43106978847002309,-0.25333542481936744,0
2.5225,1,0.24268561602753699,0.18773452587322598,0,0.17848281775659958,-0.24113042895011111,0
2.525,0,0.24912680141983085,-0.89590954768804254,0,-0.43171752311018941,-0.25223001454942456,0
2.525,1,0.24313105050515985,0.18713112948276384,0,0.17786476434167864,-0.24158668341959422,0
2.5275,0,0.24804670157175798,-0.89653873903723758,0,-0.43236235534809864,-0.25112306480656915,0
2.5275,1,0.24357493835771848,0.18652659441169792,0,0.17724551770523717,-0.2420413734331438,0
2.53,0,0.2469649932753904,-0.89716516109768818,0,-0.43300428174597327,-0.25001458355394723,0
2.53,1,0.24401727660716307,0.18592092457523887,0,0.1766250818504371,-0.24249449573408158,0
2.5325,0,0.24588168379959607,-0.89778881005058198,0,-0.4336432988894795,-0.24890457876111763,0
2.5325,1,0.24445806228546363,0.18531412389672602,0,0.17600346078999543,-0.24294604707618656,0
2.535,0,0.24479678042174957,-0.89840968209703831,0,-0.43427940338773124,-0.24779305840397561,0
2.535,1,0.24489729243463382,0.18470619630760113,0,0.17538065854615587,-0.24339602422372639,0
2.5375,0,0.24371029042767328,-0.89902777345812412,0,-0.43491259187329367,-0.2466800304646766,0
2.5375,1,0.24533496410675484,0.18409714574738212,0,0.17475667915066045,-0.24384442395148845,0
2.54,0,0.24262222111157894,-0.8996430803748694,0,-0.43554286100218642,-0.24556550293155996,0
2.54,1,0.24577107436399906,0.18348697616363674,0,0.17413152664472109,-0.24429124304481098,0
2.5425,0,0.24153257977600884,-0.90025559910828268,0,-0.43617020745388685,-0.24444948379907286,0
2.5425,1,0.2462056202786537,0.18287569151195621,0,0.17350520507899078,-0.24473647829961406,0
2.545,0,0.24044137373177732,-0.90086532593936619,0,-0.43679462793133256,-0.24333198106769413,0
2.545,1,0.24663859893314435,0.18226329575592864,0,0.17287771851353495,-0.24518012652243062,0
2.5475,0,0.23934861029791199,-0.9014722571691306,0,-0.43741611916092393,-0.24221300274385826,0
2.5475,1,0.24707000742005852,0.18164979286711255,0,0.17224907101780249,-0.24562218453043722,0
2.55,0,0.23825429680159518,-0.90207638911861032,0,-0.43803467789252648,-0.24109255683987943,0
2.55,1,0.24749984284216903,0.18103518682501016,0,0.17161926667059685,-0.24606264915148476,0
2.5525,0,0.23715844057810517,-0.90267771812887754,0,-0.43865030089947254,-0.23997065137387558,0
2.5525,1,0.24792810231245732,0.18041948161704063,0,0.17098830956004685,-0.2465015172241293,0
2.555,0,0.23606104897075764,-0.90327624056105704,0,-0.43926298497856303,-0.23884729436969268,0
2.555,1,0.24835478295413685,0.1798026812385134,0,0.17035620378357746,-0.24693878559766255,0
2.5575,0,0.23496212933084684,-0.90387195279634014,0,-0.4398727269500689,-0.23772249385682886,0
2.5575,1,0.24877988190067618,0.17918478969260113,0,0.16972295344788052,-0.2473744511321424,0
2.56,0,0.23386168901758708,-0.90446485123599918,0,-0.44047952365773213,-0.23659625787035879,0
2.56,1,0.24920339629582214,0.17856581099031291,0,0.1690885626688852,-0.24780851069842338,0
2.5625,0,0.23275973539805395,-0.90505493230140066,0,-0.44108337196876651,-0.23546859445085805,0
2.5625,1,0.24962532329362291,0.17794574915046715,0,0.16845303557172847,-0.24824096117818695,0
2.565,0,0.23165627584712567,-0.90564219243401967,0,-0.44168426877385836,-0.23433951164432756,0
2.565,1,0.25004566005845097,0.17732460819966445,0,0.16781637629072543,-0.24867179946397175,0
2.5675,0,0.23055131774742438,-0.90622662809545274,0,-0.44228221098716669,-0.23320901750211817,0
2.5675,1,0.25046440376502604,0.17670239217226047,0,0.16717858896933946,-0.24910102245920385,0
2.57,0,0.22944486848925752,-0.90680823576743141,0,-0.44287719554632321,-0.23207712008085524,0
2.57,1,0.25088155159843789,0.17607910511033867,0,0.16653967776015235,-0.24952862707822673,0
2.5725,0,0.22833693547055908,-0.90738701195183546,0,-0.44346921941243211,-0.2309438274423633,0
2.5725,1,0.25129710075416911,0.17545475106368297,0,0.16589964682483427,-0.24995461024633131,0
2.575,0,0.22722752609683095,-0.90796295317070541,0,-0.44405827957006949,-0.22980914765359087,0
2.575,1,0.25171104843811781,0.17482933408975032,0,0.16525850033411357,-0.25037896889978584,0
2.5775,0,0.22611664778108426,-0.90853605596625553,0,-0.44464437302728266,-0.22867308878653522,0
2.5775,1,0.25212339186662014,0.17420285825364326,0,0.16461624246774659,-0.25080169998586571,0
2.58,0,0.22500430794378068,-0.90910631690088639,0,-0.44522749681558899,-0.22753565891816738,0
2.58,1,0.25253412826647292,0.17357532762808234,0,0.16397287741448729,-0.25122280046288326,0
2.5825,0,0.22389051401277371,-0.90967373255719708,0,-0.44580764798997458,-0.22639686613035709,0
2.5825,1,0.25294325487495611,0.17294674629337847,0,0.16332840937205675,-0.25164226730021722,0
2.585,0,0.22277527342325013,-0.91023829953799729,0,-0.44638482362889265,-0.22525671850979789,0
2.585,1,0.25335076893985509,0.17231711833740526,0,0.16268284254711257,-0.25206009747834246,0
2.5875,0,0.22165859361767118,-0.91080001446631942,0,-0.4469590208342617,-0.22411522414793231,0
2.5875,1,0.25375666771948302,0.17168644785557127,0,0.1620361811552182,-0.25247628798885935,0
2.59,0,0.22054048204571403,-0.91135887398543047,0,-0.44753023673146336,-0.22297239114087705,0
2.59,1,0.25416094848270304,0.17105473895079204,0,0.16138842942081211,-0.25289083583452304,0
2.5925,0,0.21942094616421301,-0.91191487475884325,0,-0.44809846846934004,-0.22182822758934845,0
2.5925,1,0.25456360850895055,0.17042199573346228,0,0.16073959157717685,-0.25330373802927292,0
2.595,0,0.2182999934371011,-0.91246801347032813,0,-0.44866371322019216,-0.22068274159858775,0
2.595,1,0.254964645088255,0.16978822232142787,0,0.16008967186640805,-0.25371499159826155,0
2.5975,0,0.21717763133535115,-0.91301828682392427,0,-0.44922596817977534,-0.21953594127828671,0
2.5975,1,0.25536405552126223,0.16915342283995768,0,0.15943867453938326,-0.25412459357788408,0
2.6,0,0.21605386733691731,-0.91356569154395029,0,-0.44978523056729713,-0.21838783474251316,0
2.6,1,0.25576183711925615,0.16851760142171557,0,0.15878660385573068,-0.25453254101580686,0
2.6025,0,0.21492870892667643,-0.91411022437501543,0,-0.45034149762541353,-0.21723843010963673,0
2.6025,1,0.25615798720418054,0.16788076220673206,0,0.15813346408379778,-0.25493883097099662,0
2.605,0,0.21380216359636939,-0.9146518820820303,0,-0.45089476662022543,-0.21608773550225455,0
2.605,1,0.25655250310866107,0.16724290934237612,0,0.15747925950061989,-0.25534346051374912,0
2.6075,0,0.21267423884454251,-0.91519066145021699,0,-0.45144503484127441,-0.2149357590471172,0
2.6075,1,0.25694538217602669,0.16660404698332679,0,0.15682399439188854,-0.25574642672571801,0
2.61,0,0.211544942176489,-0.9157265592851197,0,-0.45199229960153864,-0.21378250887505459,0
2.61,1,0.25733662176033145,0.16596417929154472,0,0.15616767305191984,-0.25614772669994323,0
2.6125,0,0.2104142811041903,-0.91625957241261469,0,-0.45253655823742844,-0.21262799312090208,0
2.6125,1,0.2577262192263759,0.16532331043624368,0,0.15551029978362263,-0.25654735754087971,0
2.615,0,0.20928226314625753,-0.91678969767892005,0,-0.4530778081087814,-0.2114722199234266,0
2.615,1,0.25811417194972852,0.16468144459386205,0,0.15485187889846655,-0.25694531636442569,0
2.6175,0,0.20814889582787299,-0.91731693195060593,0,-0.4536160465988574,-0.21031519742525284,0
2.6175,1,0.25850047731674719,0.16403858594803408,0,0.15419241471645007,-0.25734160029795111,0
2.62,0,0.20701418668073152,-0.91784127211460353,0,-0.45415127111433334,-0.20915693377278968,0
2.62,1,0.25888513272460034,0.16339473868956123,0,0.15353191156606835,-0.2577362064803258,0
2.6225,0,0.20587814324298198,-0.91836271507821476,0,-0.45468347908529766,-0.20799743711615659,0
2.6225,1,0.25926813558128831,0.16274990701638339,0,0.15287037378428101,-0.2581291320619476,0
2.625,0,0.2047407730591688,-0.91888125776912133,0,-0.45521266796524451,-0.2068367156091101,0
2.625,1,0.25964948330566423,0.16210409513355001,0,0.15220780571647977,-0.25852037420477042,0
2.6275,0,0.20360208368017341,-0.91939689713539396,0,-0.45573883523106767,-0.2056747774089705,0
2.6275,1,0.2600291733274554,0.16145730725319113,0,0.15154421171645602,-0.25890993008233215,0
2.63,0,0.20246208266315577,-0.91990963014550087,0,-0.45626197838305443,-0.20451163067654857,0
2.63,1,0.26040720308728393,0.16080954759448848,0,0.15087959614636828,-0.25929779687978255,0
2.6325,0,0.20132077757149586,-0.92041945378831669,0,-0.45678209494487876,-0.20334728357607237,0
2.6325,1,0.26078357003668778,0.16016082038364637,0,0.15021396337670953,-0.25968397179391095,0
2.635,0,0.20017817597473528,-0.92092636507313064,0,-0.45729918246359474,-0.20218174427511423,0
2.635,1,0.26115827163814154,0.15951112985386251,0,0.14954731778627439,-0.2600684520331738,0
2.6375,0,0.19903428544851876,-0.92143036102965514,0,-0.45781323850962952,-0.20101502094451773,0
2.6375,1,0.26153130536507702,0.15886048024529889,0,0.14887966376212636,-0.26045123481772237,0
2.64,0,0.19788911357453576,-0.92193143870803373,0,-0.45832426067677579,-0.19984712175832486,0
2.64,1,0.26190266870190415,0.15820887580505244,0,0.14821100569956475,-0.26083231737943008,0
2.6425,0,0.19674266794046205,-0.92242959517884882,0,-0.45883224658218441,-0.1986780548937033,0
2.6425,1,0.26227235914403124,0.15755632078712575,0,0.14754134800209165,-0.26121169696191987,0
2.645,0,0.19559495613990138,-0.92292482753312954,0,-0.45933719386635657,-0.1975078285308737,0
2.645,1,0.26264037419788561,0.15690281945239762,0,0.14687069508137873,-0.26158937082059136,0
2.6475,0,0.19444598577232702,-0.92341713288235938,0,-0.45983910019313579,-0.19633645085303722,0
2.6475,1,0.2630067113809339,0.15624837606859357,0,0.14619905135723399,-0.26196533622264806,0
2.65,0,0.19329576444302349,-0.92390650835848354,0,-0.46033796324969939,-0.19516393004630303,0
2.65,1,0.26337136822170243,0.15559299491025635,0,0.14552642125756829,-0.2623395904471244,0
2.6525,0,0.19214429976302819,-0.92439295111391595,0,-0.46083378074655029,-0.19399027429961602,0
2.6525,1,0.26373434225979736,0.15493668025871632,0,0.14485280921836194,-0.26271213078491262,0
2.655,0,0.19099159934907312,-0.9248764583215463,0,-0.46132655041750792,-0.19281549180468457,0
2.655,1,0.26409563104592487,0.15427943640206168,0,0.14417821968363104,-0.2630829545387896,0
2.6575,0,0.18983767082352659,-0.92535702717474699,0,-0.46181627001969927,-0.19163959075590847,0
2.6575,1,0.26445523214191113,0.15362126763510889,0,0.14350265710539381,-0.26345205902344354,0
2.66,0,0.18868252181433504,-0.92583465488737982,0,-0.46230293733354966,-0.19046257935030686,0
2.66,1,0.26481314312072241,0.15296217825937269,0,0.14282612594363678,-0.26381944156550063,0
2.6625,0,0.18752615995496463,-0.92630933869380205,0,-0.46278655016277309,-0.1892844657874464,0
2.6625,1,0.2651693615664848,0.15230217258303638,0,0.14214863066628092,-0.26418509950355162,0
2.665,0,0.18636859288434321,-0.92678107584887304,0,-0.46326710633436263,-0.1881052582693695,0
2.665,1,0.26552388507450408,0.15164125492092173,0,0.14147017574914758,-0.26454903018817799,0
2.6675,0,0.18520982824680204,-0.92724986362796036,0,-0.46374460369858023,-0.18692496500052261,0
2.6675,1,0.26587671125128542,0.15097942959445904,0,0.14079076567592441,-0.2649112309819785,0
2.67,0,0.18404987369201764,-0.92771569932694564,0,-0.46421904012894655,-0.1857435941876848,0
2.67,1,0.266227837714553,0.15031670093165708,0,0.14011040493813118,-0.26527169925959521,0
2.6725,0,0.18288873687495366,-0.9281785802622301,0,-0.46469041352223045,-0.18456115403989617,0
2.6725,1,0.26657726209326954,0.14965307326707292,0,0.13942909803508544,-0.26563043240773965,0
2.675,0,0.18172642545580284,-0.92863850377074042,0,-0.4651587217984382,-0.18337765276838672,0
2.675,1,0.26692498202765574,0.14898855094178171,0,0.13874684947386809,-0.26598742782521884,0
2.6775,0,0.18056294709992879,-0.92909546720993408,0,-0.46562396290080255,-0.18219309858650495,0
2.6775,1,0.26727099516920971,0.14832313830334648,0,0.13806366376928894,-0.26634268292296098,0
2.68,0,0.17939830947780808,-0.92954946795780424,0,-0.46608613479577143,-0.181007499709647,0
2.68,1,0.26761529918072613,0.14765683970578772,0,0.13737954544385206,-0.26669619512404147,0
2.6825,0,0.17823252026497211,-0.93000050341288532,0,-0.46654523547299659,-0.17982086435518554,0
2.6825,1,0.26795789173631562,0.14698965950955303,0,0.13669449902772107,-0.26704796186370827,0
2.685,0,0.1770655871419492,-0.93044857099425726,0,-0.46700126294532185,-0.17863320074239902,0
2.685,1,0.26829877052142365,0.14632160208148665,0,0.13600852905868441,-0.26739798058940767,0
2.6875,0,0.17589751779420659,-0.93089366814155072,0,-0.46745421524877118,-0.17744451709240092,0
2.6875,1,0.26863793323284968,0.14565267179479888,0,0.1353216400821203,-0.2677462487608096,0
2.69,0,0.17472831991209245,-0.93133579231495134,0,-0.4679040904425365,-0.17625482162806919,0
2.69,1,0.26897537757876605,0.14498287302903556,0,0.1346338366509619,-0.26809276384983305,0
2.6925,0,0.17355800119077808,-0.93177494099520386,0,-0.46835088660896529,-0.17506412257397572,0
2.6925,1,0.26931110127873681,0.14431221017004744,0,0.13394512332566211,-0.26843752334067122,0
2.695,0,0.17238656933019994,-0.9322111116836167,0,-0.46879460185354799,-0.17387242815631607,0
2.695,1,0.2696451020637366,0.14364068760995932,0,0.13325550467415839,-0.26878052472981667,0
2.6975,0,0.17121403203500188,-0.9326443019020656,0,-0.46923523430490499,-0.17267974660283922,0
2.6975,1,0.26997737767616908,0.14296830974713945,0,0.13256498527183755,-0.26912176552608624,0
2.7,0,0.17004039701447729,-0.93307450919299761,0,-0.46967278211477376,-0.17148608614277744,0
2.7,1,0.27030792586988578,0.14229508098616853,0,0.13187356970150022,-0.26946124325064597,0
2.7025,0,0.16886567198251132,-0.93350173111943457,0,-0.47010724345799532,-0.17029145500677639,0
2.7025,1,0.2706367444102043,0.14162100573780892,0,0.13118126255332552,-0.26979895543703591,0
2.705,0,0.1676898646575232,-0.93392596526497662,0,-0.47053861653250073,-0.1690958614268252,0
2.705,1,0.27096383107392702,0.14094608841897363,0,0.1304880684248354,-0.2701348996311948,0
2.7075,0,0.16651298276240845,-0.93434720923380543,0,-0.47096689955929727,-0.16789931363618682,0
2.7075,1,0.27128918364935911,0.14027033345269529,0,0.12979399192085903,-0.27046907339148446,0
2.71,0,0.16533503402448124,-0.93476546065068733,0,-0.47139209078245448,-0.16670181986932839,0
2.71,1,0.27161279993632703,0.13959374526809504,0,0.1290990376534969,-0.27080147428871432,0
2.7125,0,0.1641560261754168,-0.93518071716097628,0,-0.4718141884690899,-0.16550338836185183,0
2.7125,1,0.27193467774619651,0.13891632830035144,0,0.12840321024208515,-0.27113209990616582,0
2.715,0,0.16297596695119373,-0.93559297643061667,0,-0.47223319090935445,-0.1643040273504244,0
2.715,1,0.27225481490189057,0.13823808699066922,0,0.12770651431315946,-0.2714609478396165,0
2.7175,0,0.16179486409203653,-0.93600223614614564,0,-0.47264909641641795,-0.16310374507270969,0
2.7175,1,0.27257320923790757,0.13755902578624798,0,0.12700895450041913,-0.27178801569736416,0
2.72,0,0.16061272534235793,-0.93640849401469561,0,-0.47306190332645398,-0.16190254976729837,0
2.72,1,0.27288985860033893,0.13687914914025096,0,0.12631053544469084,-0.27211330110025073,0
2.7225,0,0.15942955845070159,-0.93681174776399678,0,-0.47347160999862486,-0.16070044967363936,0
2.7225,1,0.27320476084688716,0.13619846151177353,0,0.12561126179389245,-0.27243680168168621,0
2.725,0,0.15824537116968448,-0.93721199514237885,0,-0.4738782148150662,-0.15949745303197102,0
2.725,1,0.27351791384688329,0.13551696736581184,0,0.12491113820299671,-0.27275851508767252,0
2.7275,0,0.15706017125593957,-0.93760923391877293,0,-0.47428171618087128,-0.15829356808325243,0
2.7275,1,0.27382931548130451,0.13483467117323122,0,0.1242101693339948,-0.27307843897682688,0
2.73,0,0.15587396647005838,-0.93800346188271333,0,-0.47468211252407533,-0.15708880306909492,0
2.73,1,0.27413896364279183,0.13415157741073469,0,0.12350835985585987,-0.27339657102040554,0
2.7325,0,0.15468676457653374,-0.9383946768443393,0,-0.47507940229563939,-0.15588316623169368,0
2.7325,1,0.27444685623566728,0.13346769056083127,0,0.12280571444451041,-0.27371290890232708,0
2.735,0,0.1534985733437024,-0.93878287663439608,0,-0.47547358396943401,-0.15467666581375944,0
2.735,1,0.27475299117595137,0.13278301511180438,0,0.12210223778277358,-0.27402745031919568,0
2.7375,0,0.15230940054368783,-0.9391680591042364,0,-0.47586465604222283,-0.15346931005845038,0
2.7375,1,0.27505736639138029,0.13209755555767996,0,0.12139793456034842,-0.27434019298032436,0
2.74,0,0.15111925395234299,-0.93955022212582107,0,-0.47625261703364591,-0.15226110720930416,0
2.74,1,0.27535997982142291,0.13141131639819487,0,0.12069280947376898,-0.27465113460775792,0
2.7425,0,0.14992814134919319,-0.93992936359172041,0,-0.47663746548620273,-0.15105206551017003,0
2.7425,1,0.27566082941729808,0.13072430213876479,0,0.11998686722636741,-0.27496027293629588,0
2.745,0,0.14873607051737889,-0.9403054814151145,0,-0.47701919996523506,-0.14984219320514117,0
2.745,1,0.27595991314199131,0.13003651729045254,0,0.11928011252823684,-0.27526760571351544,0
2.7475,0,0.14754304924359871,-0.940678573529794,0,-0.47739781905890971,-0.14863149853848712,0
2.7475,1,0.27625722897027183,0.1293479663699359,0,0.11857255009619433,-0.27557313069979394,0
2.75,0,0.14634908531805232,-0.94104863789016036,0,-0.47777332137820072,-0.14741998975458628,0
2.75,1,0.27655277488870927,0.12865865389947573,0,0.1178641846537436,-0.27587684566833159,0
2.7525,0,0.14515418653438347,-0.94141567247122593,0,-0.4781457055568718,-0.14620767509785876,0
2.7525,1,0.27684654889569027,0.12796858440688386,0,0.11715502093103772,-0.27617874840517387,0
2.755,0,0.14395836068962306,-0.94177967526861417,0,-0.47851497025145834,-0.14499456281269907,0
2.755,1,0.27713854900143514,0.12727776242549085,0,0.11644506366484175,-0.27647883670923379,0
2.7575,0,0.14276161558413217,-0.94214064429855926,0,-0.47888111414124895,-0.14378066114340926,0
2.7575,1,0.27742877322801429,0.12658619249411393,0,0.11573431759849524,-0.27677710839231418,0
2.76,0,0.14156395902154528,-0.94249857759790623,0,-0.47924413592826737,-0.14256597833413201,0
2.76,1,0.27771721960936474,0.12589387915702463,0,0.11502278748187468,-0.2770735612791298,0
2.7625,0,0.14036539880871338,-0.94285347322410984,0,-0.47960403433725352,-0.14135052262878389,0
2.7625,1,0.27800388619130628,0.12520082696391654,0,0.1143104780713558,-0.27736819320732919,0
2.765,0,0.13916594275564725,-0.94320532925523459,0,-0.47996080811564495,-0.1401343022709888,0
2.765,1,0.27828877103155769,0.12450704046987299,0,0.1135973941297759,-0.27766100202751659,0
2.7675,0,0.13796559867546074,-0.94355414378995339,0,-0.48031445603355755,-0.13891732550401162,0
2.7675,1,0.27857187219975288,0.1238125242353345,0,0.11288354042639599,-0.27795198560327367,0
2.77,0,0.13676437438431407,-0.94389991494754677,0,-0.48066497688376647,-0.1376996005706918,0
2.77,1,0.27885318777745693,0.12311728282606643,0,0.11216892173686289,-0.27824114181118104,0
2.7725,0,0.13556227770135726,-0.94424264086790188,0,-0.48101236948168652,-0.13648113571337736,0
2.7725,1,0.279132715858182,0.1224213208131264,0,0.11145354284317126,-0.27852846854083985,0
2.775,0,0.13435931644867347,-0.94458231971151096,0,-0.48135663266535256,-0.13526193917385884,0
2.775,1,0.27941045454740299,0.12172464277283174,0,0.1107374085336255,-0.27881396369489309,0
2.7775,0,0.13315549845122251,-0.94491894965946988,0,-0.48169776529539965,-0.1340420191933035,0
2.7775,1,0.27968640196257349,0.12102725328672681,0,0.11002052360280161,-0.27909762518904674,0
2.78,0,0.13195083153678447,-0.94525252891347677,0,-0.48203576625504291,-0.13282138401218954,0
2.78,1,0.27996055623314137,0.12032915694155039,0,0.10930289285150895,-0.27937945095209094,0
2.7825,0,0.1307453235359031,-0.94558305569582979,0,-0.48237063445005729,-0.13160004187024074,0
2.7825,1,0.28023291550056417,0.11963035832920287,0,0.10858452108675193,-0.27965943892592104,0
2.785,0,0.12953898228182958,-0.94591052824942556,0,-0.482702368808757,-0.13037800100636088,0
2.785,1,0.28050347791832475,0.11893086204671352,0,0.10786541312169159,-0.27993758706555832,0
2.7875,0,0.12833181561046617,-0.94623494483775672,0,-0.483030968281975,-0.12915526965856863,0
2.7875,1,0.28077224165194636,0.11823067269620761,0,0.10714557377560716,-0.28021389333917074,0
2.79,0,0.12712383136030989,-0.94655630374490984,0,-0.48335643184304189,-0.12793185606393248,0
2.79,1,0.28103920487900819,0.11752979488487353,0,0.10642500787385743,-0.28048835572809366,0
2.7925,0,0.12591503737239637,-0.94687460327556294,0,-0.48367875848776493,-0.12670776845850568,0
2.7925,1,0.28130436578916029,0.11682823322492984,0,0.10570372024784219,-0.2807609722268502,0
2.795,0,0.12470544149024365,-0.94718984175498266,0,-0.48399794723440681,-0.12548301507726162,0
2.795,1,0.28156772258413881,0.11612599233359232,0,0.10498171573496343,-0.28103174084317162,0
2.7975,0,0.12349505155979607,-0.94750201752902175,0,-0.48431399712366413,-0.12425760415402906,0
2.7975,1,0.28182927347778075,0.11542307683304083,0,0.10425899917858659,-0.28130065959801753,0
2.8,0,0.12228387542936818,-0.94781112896411601,0,-0.4846269072186456,-0.12303154392142777,0
2.8,1,0.28208901669603897,0.11471949135038631,0,0.10353557542800169,-0.28156772652559603,0
2.8025,0,0.12107192094958881,-0.94811717444728127,0,-0.48493667660485029,-0.12180484261080417,0
2.8025,1,0.28234695047699698,0.11401524051763759,0,0.10281144933838432,-0.28183293967338363,0
2.805,0,0.11985919597334506,-0.94842015238610999,0,-0.48524330439014562,-0.12057750845216714,0
2.805,1,0.28260307307088339,0.11331032897166818,0,0.10208662577075665,-0.28209629710214518,0
2.8075,0,0.11864570835572645,-0.94872006120876784,0,-0.48554678970474491,-0.11934954967412406,0
2.8075,1,0.28285738274008676,0.11260476135418306,0,0.1013611095919483,-0.28235779688595342,0
2.81,0,0.11743146595396904,-0.94901689936399025,0,-0.48584713170118499,-0.11812097450381695,0
2.81,1,0.2831098777591699,0.11189854231168535,0,0.10063490567455717,-0.28261743711220871,0
2.8125,0,0.11621647662739969,-0.94931066532107855,0,-0.4861443295543037,-0.11689179116685876,0
2.8125,1,0.28336055641488422,0.11119167649544301,0,0.099908018896910145,-0.28287521588165854,0
2.815,0,0.11500074823738028,-0.94960135756989617,0,-0.48643838246121684,-0.11566200788726985,0
2.815,1,0.28360941700618414,0.11048416856145542,0,0.099180454143023775,-0.28313113130841661,0
2.8175,0,0.11378428864725214,-0.94988897462086452,0,-0.4867292896412953,-0.11443163288741461,0
2.8175,1,0.28385645784424113,0.10977602317041991,0,0.098452216302564871,-0.28338518151998221,0
2.82,0,0.11256710572228035,-0.95017351500495872,0,-0.48701705033614168,-0.11320067438793821,0
2.82,1,0.28410167725245783,0.10906724498769836,0,0.097723310270810992,-0.28363736465725931,0
2.8225,0,0.11134920732959822,-0.95045497727370332,0,-0.48730166380956702,-0.11196914060770362,0
2.8225,1,0.28434507356648209,0.10835783868328357,0,0.096993740948610879,-0.28388767887457539,0
2.825,0,0.11013060133815179,-0.95073335999916764,0,-0.48758312934756715,-0.11073703976372863,0
2.825,1,0.28458664513422077,0.10764780893176572,0,0.096263513242344834,-0.28413612233970037,0
2.8275,0,0.10891129561864446,-0.95100866177396115,0,-0.48786144625829886,-0.10950438007112315,0
2.8275,1,0.28482639031585355,0.10693716041229875,0,0.095532632063885015,-0.28438269323386511,0
2.83,0,0.10769129804348151,-0.95128088121122889,0,-0.48813661387205604,-0.10827116974302663,0
2.83,1,0.28506430748384659,0.1062258978085667,0,0.094801102330555609,-0.2846273897517802,0
2.8325,0,0.10647061648671489,-0.9515500169446458,0,-0.48840863154124547,-0.10703741699054563,0
2.8325,1,0.28530039502296617,0.10551402580874991,0,0.094068928965093043,-0.28487021010165409,0
2.835,0,0.10524925882398789,-0.95181606762841231,0,-0.48867749864036247,-0.10580313002269157,0
2.835,1,0.28553465133029204,0.10480154910549133,0,0.093336116895605975,-0.28511115250521163,0
2.8375,0,0.10402723293247998,-0.95207903193724852,0,-0.48894321456596634,-0.10456831704631865,0
2.8375,1,0.28576707481523095,0.10408847239586268,0,0.092602671055535379,-0.28535021519771203,0
2.84,0,0.10280454669085171,-0.95233890856638903,0,-0.48920577873665583,-0.10333298626606192,0
2.84,1,0.28599766389952991,0.10337480038133058,0,0.091868596383614401,-0.28558739642796704,0
2.8425,0,0.10158120797918958,-0.95259569623157692,0,-0.48946519059304405,-0.1020971458842755,0
2.8425,1,0.28622641701728924,0.10266053776772267,0,0.091133897823828261,-0.28582269445835873,0
2.845,0,0.10035722467895111,-0.95284939366905852,0,-0.48972144959773362,-0.10086080410097099,0
2.845,1,0.28645333261497574,0.10194568926519365,0,0.090398580325374039,-0.28605610756485722,0
2.8475,0,0.099132604672909838,-0.9530999996355769,0,-0.48997455523529115,-0.099623969113756025,0
2.8475,1,0.28667840915143572,0.10123025958819128,0,0.089662648842620388,-0.28628763403703839,0
2.85,0,0.097907355845100449,-0.95334751290836628,0,-0.49022450701222214,-0.098386649117772992,0
2.85,1,0.28690164509790783,0.10051425345542235,0,0.088926108335067172,-0.2865172721781013,0
2.8525,0,0.09668148608076399,-0.95359193228514549,0,-0.49047130445694515,-0.097148852305637981,0
2.8525,1,0.28712303893803581,0.099797675589818613,0,0.088188963767305076,-0.28674502030488558,0
2.855,0,0.095455003266293095,-0.95383325658411178,0,-0.4907149471197661,-0.095910586867379771,0
2.855,1,0.28734258916788119,0.099080530718502646,0,0.087451220108975117,-0.28697087674788863,0
2.8575,0,0.094227915289177316,-0.95407148464393399,0,-0.4909554345728524,-0.094671860990379109,0
2.8575,1,0.28756029429593583,0.09836282357275368,0,0.08671288233472807,-0.28719483985128269,0
2.86,0,0.093000230037948495,-0.95430661532374605,0,-0.49119276641020682,-0.093432682859308086,0
2.86,1,0.28777615284313446,0.097644558887973409,0,0.085973955424183887,-0.28741690797293179,0
2.8625,0,0.091771955402126182,-0.95453864750314033,0,-0.491426942247641,-0.092193060656069692,0
2.8625,1,0.28799016334286703,0.096925741403651733,0,0.085234444361890968,-0.28763707948440864,0
2.865,0,0.090543099272163197,-0.95476758008216012,0,-0.49165796172274928,-0.090953002559737539,0
2.865,1,0.28820232434099102,0.096206375863332458,0,0.084494354137285455,-0.28785535277101121,0
2.8675,0,0.089313669539391155,-0.95499341198129295,0,-0.49188582449488188,-0.089712516746495816,0
2.8675,1,0.28841263439584347,0.095486467014578968,0,0.083753689744650375,-0.28807172623177923,0
2.87,0,0.088083674095966152,-0.955216142141463,0,-0.49211053024511808,-0.088471611389579263,0
2.87,1,0.28862109207825315,0.09476601960893985,0,0.083012456183074804,-0.2882861982795108,0
2.8725,0,0.08685312083481446,-0.95543576952402398,0,-0.4923320786762394,-0.087230294659213489,0
2.8725,1,0.2888276959715525,0.094045038401914485,0,0.082270658456412876,-0.28849876734077839,0
2.875,0,0.085622017649578289,-0.95565229311075117,0,-0.49255046951270232,-0.085988574722555347,0
2.875,1,0.28903244467158956,0.093323528152918583,0,0.081528301573242826,-0.28870943185594528,0
2.8775,0,0.084390372434561642,-0.95586571190383396,0,-0.49276570250061102,-0.084746459743633498,0
2.8775,1,0.28923533678673963,0.092601493625249678,0,0.080785390546825889,-0.2889181902791812,0
2.88,0,0.083158193084676271,-0.95607602492586763,0,-0.49297777740768989,-0.083503957883289195,0
2.88,1,0.28943637093791696,0.091878939586052602,0,0.080041930395065158,-0.28912504107847853,0
2.8825,0,0.081925487495387583,-0.9562832312198456,0,-0.49318669402325593,-0.08226107729911715,0
2.8825,1,0.28963554575858635,0.091155870806284914,0,0.079297926140464409,-0.28932998273566773,0
2.885,0,0.080692263562660779,-0.9564873298491513,0,-0.49339245215819089,-0.081017826145406674,0
2.885,1,0.28983285989477453,0.09043229206068229,0,0.07855338281008685,-0.2895330137464332,0
2.8875,0,0.079458529182906898,-0.95668831989754943,0,-0.4935950516449133,-0.079774212573082925,0
2.8875,1,0.29002831200508156,0.089708208127723843,0,0.077808305435513786,-0.28973413262032854,0
2.89,0,0.078224292252929067,-0.95688620046917783,0,-0.4937944923373504,-0.078530244729648313,0
2.89,1,0.29022190076069193,0.088983623789597441,0,0.077062699052803232,-0.28993333788079184,0
2.8925,0,0.076989560669868742,-0.95708097068853881,0,-0.4939907741109098,-0.077285930759124169,0
2.8925,1,0.29041362484538602,0.088258543832164998,0,0.076316568702448517,-0.29013062806516099,0
2.895,0,0.075754342331152039,-0.95727262970049021,0,-0.49418389686245112,-0.076041278801992462,0
2.895,1,0.29060348295555077,0.087532973044927687,0,0.075569919429336746,-0.29032600172468859,0
2.8975,0,0.074518645134436151,-0.95746117667023667,0,-0.49437386051025717,-0.074796296995137818,0
2.8975,1,0.29079147380019083,0.086806916220991126,0,0.074822756282707265,-0.29051945742455687,0
2.9,0,0.073282476977555827,-0.95764661078332036,0,-0.49456066499400542,-0.073550993471789575,0
2.9,1,0.29097759610093937,0.086080378157030568,0,0.07407508431611004,-0.29071099374389253,0
2.9025,0,0.072045845758469895,-0.95782893124561197,0,-0.49474431027473892,-0.072305376361464169,0
2.9025,1,0.29116184859206873,0.085353363653255979,0,0.073326908587363987,-0.29090060927578115,0
2.905,0,0.070808759375207919,-0.95800813728330114,0,-0.49492479633483721,-0.071059453789907537,0
2.905,1,0.29134423002050108,0.084625877513377148,0,0.07257823415851522,-0.29108830262728191,0
2.9075,0,0.069571225725816893,-0.95818422814288728,0,-0.49510212317798724,-0.069813233879037831,0
2.9075,1,0.29152473914581895,0.08389792454456875,0,0.071829066095795327,-0.29127407241944175,0
2.91,0,0.068333252708307965,-0.95835720309116967,0,-0.49527629082915381,-0.068566724746888227,0
2.91,1,0.29170337474027569,0.083169509557435309,0,0.071079409469579455,-0.29145791728730958,0
2.9125,0,0.06709484822060334,-0.95852706141523769,0,-0.49544729933455006,-0.067319934507549903,0
2.9125,1,0.2918801355888056,0.082440637365976233,0,0.07032926935434447,-0.2916398358799504,0
2.915,0,0.065856020160483142,-0.95869380242246105,0,-0.49561514876160784,-0.066072871271115274,0
2.915,1,0.29205502048903431,0.081711312787550727,0,0.069578650828626964,-0.29181982686045915,0
2.9175,0,0.064616776425532443,-0.95885742544047947,0,-0.4957798391989478,-0.064825543143621323,0
2.9175,1,0.2922280282512888,0.080981540642842686,0,0.068827558974981259,-0.2919978889059745,0
2.92,0,0.06337712491308832,-0.95901792981719269,0,-0.49594137075634936,-0.063577958226993123,0
2.92,1,0.29239915769860747,0.080251325755825609,0,0.068075998879937372,-0.29217402070769249,0
2.9225,0,0.062137073520186985,-0.95917531492075014,0,-0.49609974356472059,-0.062330124618987577,0
2.9225,1,0.29256840766674985,0.079520672953727389,0,0.06732397563395888,-0.29234822097087998,0
2.925,0,0.060896630143511002,-0.95932958013954028,0,-0.49625495777606798,-0.061082050413137308,0
2.925,1,0.29273577700420655,0.078789587066995181,0,0.066571494331400735,-0.29252048841488804,0
2.9275,0,0.059655802679336588,-0.95948072488218006,0,-0.49640701356346584,-0.059833743698694722,0
2.9275,1,0.29290126457220889,0.078058072929260119,0,0.065818560070467061,-0.29269082177316508,0
2.93,0,0.058414599023480972,-0.95962874857750413,0,-0.49655591112102587,-0.05858521256057625,0
2.93,1,0.29306486924473846,0.077326135377302069,0,0.065065177953168907,-0.29285921979327001,0
2.9325,0,0.057173027071249855,-0.959773650674554,0,-0.49670165066386629,-0.057336465079306793,0
2.9325,1,0.29322658990853651,0.076593779251014377,0,0.064311353085281894,-0.29302568123688505,0
2.935,0,0.055931094717384923,-0.95991543064256679,0,-0.49684423242808107,-0.056087509330964312,0
2.935,1,0.2933864254631135,0.075861009393368484,0,0.063557090576303849,-0.29319020487982861,0
2.9375,0,0.054688809856011433,-0.96005408797096436,0,-0.49698365667070871,-0.05483835338712463,0
2.9375,1,0.29354437482075812,0.075127830650378619,0,0.062802395539412373,-0.29335278951206784,0
2.94,0,0.05344618038058592,-0.96018962216934178,0,-0.49711992366970131,-0.053589005314806391,0
2.94,1,0.29370043690654668,0.074394247871066368,0,0.062047273091422391,-0.29351343393773111,0
2.9425,0,0.052203214183843924,-0.96032203276745576,0,-0.49725303372389312,-0.052339473176416199,0
2.9425,1,0.29385461065835189,0.073660265907425304,0,0.061291728352743616,-0.2936721369751204,0
2.945,0,0.050959919157747849,-0.96045131931521344,0,-0.49738298715296914,-0.051089765029693965,0
2.945,1,0.29400689502685201,0.072925889614385495,0,0.060535766447337984,-0.29382889745672353,0
2.9475,0,0.049716303193434848,-0.96057748138266008,0,-0.49750978429743337,-0.049839888927658393,0
2.9475,1,0.29415728897553955,0.072191123849778063,0,0.059779392502677033,-0.29398371422922609,0
2.95,0,0.048472374181164832,-0.96070051855996785,0,-0.49763342551857731,-0.048589852918552688,0
2.95,1,0.29430579148073005,0.071455973474299619,0,0.059022611649699235,-0.29413658615352356,0
2.9525,0,0.047228140010268552,-0.96082043045742327,0,-0.49775391119844792,-0.047339665045790416,0
2.9525,1,0.29445240153157065,0.0707204433514768,0,0.058265429022767289,-0.29428751210473281,0
2.955,0,0.045983608569095724,-0.96093721670541543,0,-0.49787124173981573,-0.046089333347901551,0
2.955,1,0.29459711813004863,0.069984538347630632,0,0.057507849759625362,-0.29443649097220398,0
2.9575,0,0.044738787744963274,-0.96105087695442337,0,-0.49798541756614256,-0.044838865858478731,0
2.9575,1,0.29473994029099987,0.069248263331840962,0,0.056749879001356293,-0.29458352165953178,0
2.96,0,0.043493685424103659,-0.96116141087500417,0,-0.49809643912154938,-0.043588270606123643,0
2.96,1,0.29488086704211697,0.068511623175910835,0,0.055991521892338726,-0.29472860308456689,0
2.9625,0,0.042248309491613241,-0.96126881815777987,0,-0.49820430687078382,-0.042337555614393646,0
2.9625,1,0.29501989742395762,0.06777462275433084,0,0.055232783580204239,-0.29487173417942714,0
2.965,0,0.041002667831400774,-0.96137309851342501,0,-0.49830902129918764,-0.04108672890174854,0
2.965,1,0.29515703048995262,0.067037266944243418,0,0.054473669215794392,-0.2950129138905086,0
2.9675,0,0.039756768326135956,-0.9614742516726541,0,-0.49841058291266405,-0.039835798481497549,0
2.9675,1,0.29529226530641378,0.066299560625407164,0,0.05371418395311775,-0.29515214117849636,0
2.97,0,0.038510618857198073,-0.96157227738620821,0,-0.49850899223764483,-0.038584772361746435,0
2.97,1,0.29542560095254183,0.065561508680161071,0,0.052954332949306862,-0.29528941501837547,0
2.9725,0,0.037264227304624697,-0.96166717542484204,0,-0.49860424982105761,-0.037333658545344858,0
2.9725,1,0.29555703652043419,0.064823115993388802,0,0.052194121364575199,-0.29542473439944128,0
2.975,0,0.036017601547060511,-0.96175894557931096,0,-0.49869635623029257,-0.036082465029833886,0
2.975,1,0.29568657111509261,0.064084387452482863,0,0.051433554362174047,-0.29555809832531016,0
2.9775,0,0.034770749461706184,-0.96184758766035749,0,-0.49878531205316928,-0.034831199807393687,0
2.9775,1,0.29581420385443075,0.063345327947308808,0,0.05067263710834935,-0.29568950581392967,0
2.98,0,0.033523678924267344,-0.96193310149869771,0,-0.49887111789790356,-0.033579870864791403,0
2.98,1,0.29593993386928158,0.062605942370169407,0,0.049911374772298525,-0.29581895589758878,0
2.9825,0,0.032276397808903623,-0.96201548694500782,0,-0.49895377439307376,-0.032328486183329251,0
2.9825,1,0.29606376030340459,0.061866235615768761,0,0.049149772526127247,-0.29594644762292782,0
2.985,0,0.031028913988177795,-0.96209474386991045,0,-0.49903328218758741,-0.031077053738792739,0
2.985,1,0.29618568231349324,0.061126212581176419,0,0.048387835544806169,-0.29607198005094842,0
2.9875,0,0.029781235333005002,-0.96217087216396069,0,-0.49910964195064739,-0.02982558150139912,0
2.9875,1,0.29630569906918192,0.060385878165791454,0,0.047625569006127619,-0.29619555225702326,0
2.99,0,0.028533369712602046,-0.96224387173763215,0,-0.49918285437171822,-0.028574077435746019,0
2.99,1,0.29642380975305288,0.059645237271306543,0,0.046862978090662248,-0.29631716333090552,0
2.9925,0,0.027285324994436783,-0.96231374252130275,0,-0.49925292016049194,-0.02732254950076023,0
2.9925,1,0.29654001356064336,0.058904294801671989,0,0.046100067981715662,-0.29643681237673841,0
2.995,0,0.026037109044177598,-0.96238048446524072,0,-0.49931984004685426,-0.026071005649646709,0
2.995,1,0.29665430970045209,0.058163055663059737,0,0.045336843865284998,-0.29655449851306454,0
2.9975,0,0.024788729725642968,-0.96244409753959004,0,-0.49938361478085019,-0.024819453829837766,0
2.9975,1,0.29676669739394623,0.057421524763827364,0,0.044573310930015465,-0.29667022087283479,0
3,0,0.023540194900751092,-0.96250458173435605,0,-0.49944424513264984,-0.023567901982942417,0
3,1,0.29687717587556772,0.05667970701448205,0,0.043809474367156861,-0.2967839786034176,0
3.0025,0,0.022291512429469636,-0.96256193705939064,0,-0.49950173189251401,-0.022316358044695936,0
3.0025,1,0.29698574439273984,0.055937607327644516,0,0.043045339370520033,-0.29689577086660762,0
3.005,0,0.021042690169765545,-0.96261616354437762,0,-0.49955607587075951,-0.021064829944909599,0
3.005,1,0.29709240220587352,0.055195230618012965,0,0.042280911136433327,-0.29700559683863442,0
3.0075,0,0.01979373597755494,-0.96266726123881807,0,-0.49960727789772469,-0.019813325607420603,0
3.0075,1,0.29719714858837371,0.054452581802326955,0,0.041516194863699001,-0.29711345571017106,0
3.01,0,0.018544657706653117,-0.96271523021201488,0,-0.49965533882373458,-0.018561852950042177,0
3.01,1,0.29729998282664527,0.053709665799331313,0,0.040751195753549567,-0.29721934668634253,0
3.0125,0,0.017295463208724618,-0.96276007055305812,0,-0.49970025951906594,-0.017310419884513879,0
3.0125,1,0.29740090422009924,0.052966487529739967,0,0.039985919009604166,-0.297323268986734,0
3.015,0,0.016046160333233396,-0.96280178237080938,0,-0.49974204087391233,-0.016059034316452083,0
3.015,1,0.2974999120811585,0.052223051916199803,0,0.039220369837824842,-0.29742522184539871,0
3.0175,0,0.01479675692739307,-0.96284036579388654,0,-0.499780683798349,-0.014807704145300644,0
3.0175,1,0.29759700573526388,0.05147936388325447,0,0.038454553446472847,-0.29752520451086623,0
3.02,0,0.013547260836117261,-0.9628758209706485,0,-0.49981618922229765,-0.013556437264281764,0
3.02,1,0.29769218452087953,0.050735428357308203,0,0.037688475046064852,-0.29762321624614996,0
3.0225,0,0.012297679901970025,-0.96290814806917924,0,-0.49984855809549111,-0.012305241560347034,0
3.0225,1,0.29778544778949878,0.049991250266589571,0,0.036922139849329183,-0.29771925632875507,0
3.025,0,0.011048021965116363,-0.96293734727727232,0,-0.49987779138743788,-0.011054124914128665,0
3.025,1,0.29787679490564939,0.049246834541115267,0,0.036155553071162,-0.29781332405068578,0
3.0275,0,0.0097982948632728325,-0.96296341880241487,0,-0.49990389008738662,-0.0098030951998909158,0
3.0275,1,0.29796622524689909,0.04850218611265384,0,0.035388719928583445,-0.29790541871845277,0
3.03,0,0.0085485064316582361,-0.96298636287177164,0,-0.49992685520429031,-0.0085521602854816969,0
3.03,1,0.29805373820386066,0.047757309914689426,0,0.034621645640693761,-0.2979955396530804,0
3.0325,0,0.0072986645029444099,-0.96300617973216884,0,-0.49994668776677081,-0.0073013280322843689,0
3.0325,1,0.29813933318019731,0.047012210882385434,0,0.033854335428629409,-0.29808368619011377,0
3.035,0,0.0060487769072070929,-0.96302286965007811,0,-0.49996338882308261,-0.0060506062951697307,0
3.035,1,0.29822300959262749,0.046266893952548259,0,0.033086794515519109,-0.29816985767962562,0
3.0375,0,0.0047988514718768933,-0.96303643291160013,0,-0.49997695944107717,-0.0048000029224481884,0
3.0375,1,0.29830476687092994,0.045521364063590947,0,0.032319028126439907,-0.29825405348622297,0
3.04,0,0.0035488960216903385,-0.96304686982244792,0,-0.49998740070816666,-0.0035495257558221206,0
3.04,1,0.29838460445794845,0.04477562615549685,0,0.031551041488373177,-0.29833627298905396,0
3.0425,0,0.0022989183786410201,-0.96305418070793058,0,-0.49999471373128779,-0.0022991826303384267,0
3.0425,1,0.29846252180959665,0.044029685169783263,0,0.030782839830160606,-0.29841651558181403,0
3.045,0,0.0010489263619308283,-0.96305836591293648,0,-0.49999889963686556,-0.0010489813743412683,0
3.045,1,0.29853851839486245,0.043283546049465056,0,0.030014428382460174,-0.29849478067275237,0
3.0475,0,-0.00020107221207872486,-0.96305942580191617,0,-0.49999995957077692,0.0002010701905750061,0
3.0475,1,0.29861259369581267,0.042537213739018268,0,0.029245812377702077,-0.29857106768467806,0
3.05,0,-0.0014510695299150887,-0.96305736075886594,0,-0.49999789469831413,0.0014509642496127429,0
3.05,1,0.29868474720759736,0.041790693184343711,0,0.028476997050044653,-0.29864537605496611,0
3.0525,0,-0.002701057781043167,-0.96305217118731046,0,-0.49999270620414837,0.0027006929948176798,0
3.0525,1,0.29875497843845406,0.041043989332730547,0,0.027707987635330267,-0.29871770523556307,0
3.055,0,-0.0039510291579137186,-0.96304385751028554,0,-0.49998439529229288,0.0039502486251254488,0
3.055,1,0.29882328690971199,0.040297107132819851,0,0.026938789371041189,-0.29878805469299308,0
3.0575,0,-0.0052009758560116678,-0.96303242017032109,0,-0.49997296318606627,0.0051996233464078959,0
3.0575,1,0.29888967215579609,0.039550051534568156,0,0.026169407496255431,-0.2988564239083632,0
3.06,0,-0.0064508900739043201,-0.96301785962942366,0,-0.49995841112805561,0.0064488093715192076,0
3.06,1,0.29895413372423091,0.038802827489210989,0,0.025399847251602575,-0.29892281237736879,0
3.0625,0,-0.007700764013289489,-0.96300017636905888,0,-0.49994074038007952,0.0076977989203418501,0
3.0625,1,0.29901667117564446,0.038055439949226402,0,0.024630113879219585,-0.29898721961029878,0
3.065,0,-0.0089505898790435273,-0.96297937089013363,0,-0.49991995222315094,0.008946584219832316,0
3.065,1,0.29907728408377188,0.037307893868298476,0,0.023860212622706576,-0.29904964513204091,0
3.0675,0,-0.010200359879269266,-0.96295544371297881,0,-0.49989604795744019,0.010195157504066689,0
3.0675,1,0.29913597203545911,0.036560194201280816,0,0.02309014872708259,-0.29911008848208642,0
3.07,0,-0.011450066225343863,-0.96292839537733088,0,-0.49986902890223756,0.011443511014286012,0
3.07,1,0.29919273463066637,0.035812345904160041,0,0.022319927438741335,-0.29916854921453506,0
3.0725,0,-0.012699701131966555,-0.96289822644231438,0,-0.49983889639591594,0.012691636998941463,0
3.0725,1,0.29924757148247155,0.03506435393401925,0,0.02154955400540691,-0.2992250268980996,0
3.075,0,-0.013949256817206317,-0.96286493748642354,0,-0.49980565179589354,0.013939527713739359,0
3.075,1,0.29930048221707345,0.034316223249001486,0,0.020779033676089513,-0.29927952111611028,0
3.0775,0,-0.015198725502549429,-0.96282852910750427,0,-0.49976929647859625,0.015187175421685947,0
3.0775,1,0.29935146647379485,0.0335679588082732,0,0.020008371701041139,-0.29933203146651938,0
3.08,0,-0.016448099412946948,-0.96278900192273575,0,-0.49972983183941999,0.016434572393132021,0
3.08,1,0.29940052390508581,0.032819565571987667,0,0.019237573331711239,-0.29938255756190507,0
3.0825,0,-0.017697370776862089,-0.96274635656861207,0,-0.4996872592926932,0.017681710905817345,0
3.0825,1,0.29944765417652636,0.032071048501248443,0,0.018466643820702386,-0.29943109902947568,0
3.085,0,-0.018946531826317503,-0.96270059370092365,0,-0.49964158027163874,0.018928583244914886,0
3.085,1,0.29949285696682937,0.031322412558072756,0,0.017695588421725916,-0.29947765551107353,0
3.0875,0,-0.020195574796942471,-0.9626517139947387,0,-0.49959279622833636,0.020175181703074856,0
3.0875,1,0.29953613196784346,0.030573662705354939,0,0.016924412389557553,-0.29952222666317863,0
3.09,0,-0.021444491928019997,-0.96259971814438428,0,-0.49954090863368444,0.021421498580468573,0
3.09,1,0.29957747888455538,0.029824803906829827,0,0.016153120979993017,-0.29956481215691216,0
3.0925,0,-0.022693275462533805,-0.96254460686342769,0,-0.49948591897736222,0.022667526184832119,0
3.0925,1,0.29961689743509262,0.029075841127036137,0,0.015381719449803632,-0.29960541167804011,0
3.095,0,-0.023941917647215247,-0.96248638088465721,0,-0.4994278287677914,0.023913256831509813,0
3.095,1,0.29965438735072575,0.028326779331279864,0,0.014610213056691896,-0.29964402492697634,0
3.0975,0,-0.02519041073259011,-0.96242504096006343,0,-0.49936663953209814,0.025158682843497503,0
3.0975,1,0.29968994837587065,0.027577623485597662,0,0.013838607059247067,-0.29968065161878588,0
3.1,0,-0.026438746973025326,-0.96236058786081968,0,-0.49930235281607466,0.026403796551485649,0
3.1,1,0.29972358026809082,0.026828378556720194,0,0.013066906716900712,-0.29971529148318771,0
3.1025,0,-0.027686918626775595,-0.962293022377263,0,-0.49923497018414092,0.02764859029390225,0
3.1025,1,0.29975528279809932,0.026079049512035511,0,0.012295117289882264,-0.2997479442645577,0
3.105,0,-0.028934917956029902,-0.96222234531887441,0,-0.49916449321930617,0.028893056416955533,0
3.105,1,0.29978505574976066,0.025329641319552398,0,0.011523244039174551,-0.29977860972193127,0
3.1075,0,-0.030182737226957947,-0.96214855751425987,0,-0.49909092352313039,0.030137187274676503,0
3.1075,1,0.29981289892009272,0.024580158947863726,0,0.01075129222646933,-0.29980728762900583,0
3.11,0,-0.031430368709756469,-0.9620716598111303,0,-0.49901426271568572,0.031380975228961265,0
3.11,1,0.29983881211926844,0.023830607366109788,0,0.0099792671141228032,-0.29983397777414311,0
3.1125,0,-0.032677804678695473,-0.96199165307628209,0,-0.49893451243551779,0.032624412649613174,0
3.1125,1,0.29986279517061748,0.023080991543941644,0,0.0092071739651111238,-0.29985867996037158,0
3.115,0,-0.033925037412164377,-0.96190853819557709,0,-0.49885167433960687,0.03386749191438479,0
3.115,1,0.29988484791062758,0.022331316451484444,0,0.0084350180429858986,-0.29988139400538821,0
3.1175,0,-0.035172059192718048,-0.96182231607392288,0,-0.49876575010332913,0.035110205409019657,0
3.1175,1,0.29990497018894613,0.021581587059300758,0,0.0076628046118296812,-0.2999021197415605,0
3.12,0,-0.036418862307122733,-0.9617329876352525,0,-0.49867674142041768,0.036352545527293868,0
3.12,1,0.29992316186838119,0.020831808338353897,0,0.0068905389362114529,-0.29992085701592835,0
3.1225,0,-0.037665439046401912,-0.96164055382250457,0,-0.49858465000292368,0.037594504671057453,0
3.1225,1,0.29993942282490288,0.020081985259971229,0,0.0061182262811421053,-0.29993760569020539,0
3.125,0,-0.03891178170588204,-0.96154501559760286,0,-0.49848947758117723,0.03883607525027559,0
3.125,1,0.29995375294764437,0.019332122795807496,0,0.0053458719120299102,-0.29995236564078065,0
3.1275,0,-0.040157882585238197,-0.96144637394143617,0,-0.49839122590374818,0.040077249683069603,0
3.1275,1,0.29996615213890271,0.018582225917808122,0,0.004573481094635989,-0.29996513675871966,0
3.13,0,-0.041403733988539644,-0.96134462985383762,0,-0.49828989673740709,0.041318020395757778,0
3.13,1,0.2999766203141398,0.017832299598172514,0,0.003801059095029773,-0.29997591894976583,0
3.1325,0,-0.042649328224295263,-0.96123978435356427,0,-0.49818549186708577,0.042558379822896016,0
3.1325,1,0.299985157401983,0.017082348809317381,0,0.0030286111795444623,-0.29998471213434114,0
3.135,0,-0.043894657605498918,-0.96113183847827655,0,-0.49807801309583821,0.04379832040731825,0
3.135,1,0.29999176334422584,0.016332378523840022,0,0.0022561426147324794,-0.29999151624754716,0
3.1375,0,-0.045139714449674719,-0.96102079328451717,0,-0.49796746224480093,0.045037834600176706,0
3.1375,1,0.29999643809582838,0.01558239371448163,0,0.0014836586673209215,-0.29999633123916575,0
3.14,0,-0.04638449107892216,-0.9609066498476907,0,-0.49785384115315362,0.046276914860981976,0
3.14,1,0.29999918162491773,0.014832399354090598,0,0.00071116460416700898,-0.29999915707365937,0
3.1425,0,-0.047628979819961205,-0.96078940926204237,0,-0.49773715167807975,0.047515553657642866,0
3.1425,1,0.2999999939127882,0.014082400415585809,0,-6.133430778646658e-05,-0.29999999373017172,0
3.145,0,-0.048873173004177213,-0.96066907264063717,0,-0.49761739569472668,0.0487537434665061,0
3.145,1,0.29999887495390154,0.013332401871919934,0,-0.00083383280155569688,-0.29999884120252768,0
3.1475,0,-0.050117062967665826,-0.96054564111533858,0,-0.49749457509616635,0.049991476772395821,0
3.1475,1,0.29999582475588688,0.012582408696042734,0,-0.0016063256101604109,-0.29999569949923366,0
3.15,0,-0.05136064205127773,-0.9604191158367873,0,-0.49736869179335519,0.051228746068652881,0
3.15,1,0.29999084333954085,0.011832425860864346,0,-0.0023788074666684302,-0.29999056864347734,0
3.1525,0,-0.052603902600663291,-0.96028949797438001,0,-0.49723974771509472,0.052465543857173974,0
3.1525,1,0.29998393073882723,0.011082458339218591,0,-0.0031512731042402211,-0.29998344867312737,0
3.155,0,-0.053846836966317146,-0.96015678871624799,0,-0.49710774480799136,0.053701862648450546,0
3.155,1,0.29997508700087672,0.010332511103826264,0,-0.0039237172561734481,-0.29997433964073322,0
3.1575,0,-0.055089437503622656,-0.9600209892692354,0,-0.49697268503641673,0.054937694961607553,0
3.1575,1,0.29996431218598657,0.0095825891272584424,0,-0.0046961346559475248,-0.29996324161352433,0
3.16,0,-0.056331696572896259,-0.95988210085887782,0,-0.4968345703824677,0.056173033324442005,0
3.16,1,0.29995160636762003,0.0088326973818997744,0,-0.0054685200372681618,-0.29995015467340963,0
3.1625,0,-0.057573606539431749,-0.95974012472938042,0,-0.49669340284592622,0.057407870273461337,0
3.1625,1,0.29993696963240579,0.008082840839911792,0,-0.0062408681341119101,-0.29993507891697663,0
3.165,0,-0.058815159773544429,-0.95959506214359613,0,-0.49654918444421942,0.058642198353921579,0
3.165,1,0.29992040208013721,0.0073330244731962084,0,-0.0070131736807707056,-0.29991801445549032,0
3.1675,0,-0.060056348650615175,-0.95944691438300389,0,-0.49640191721237931,0.05987601011986534,0
3.1675,1,0.29990190382377135,0.0065832532533582301,0,-0.007785431411896403,-0.2998989614148922,0
3.17,0,-0.061297165551134403,-0.9592956827476864,0,-0.49625160320300277,0.061109298134159613,0
3.17,1,0.2998814749894283,0.0058335321516698666,0,-0.0085576360625453096,-0.29987791993579882,0
3.1725,0,-0.062537602860745917,-0.95914136855630805,0,-0.49609824448621109,0.062342054968533379,0
3.1725,1,0.29985911571638985,0.0050838661390332426,0,-0.0093297823682227127,-0.29985489017350031,0
3.175,0,-0.063777652970290699,-0.95898397314609285,0,-0.49594184314960987,0.063574273203615042,0
3.175,1,0.29983482615709839,0.0043342601859439186,0,-0.010101865064927397,-0.29982987229795888,0
3.1775,0,-0.065017308275850519,-0.95882349787280208,0,-0.49578240129824852,0.064805945428969655,0
3.1775,1,0.29980860647715574,0.0035847192624542112,0,-0.010873878889196161,-0.29980286649380694,0
3.18,0,-0.066256561178791556,-0.95865994411071198,0,-0.49561992105457997,0.066037064243135962,0
3.18,1,0.29978045685532156,0.0028352483381365208,0,-0.011645818578148327,-0.29977387296034519,0
3.1825,0,-0.0674954040858078,-0.95849331325259102,0,-0.4954544045584201,0.067267622253663284,0
3.1825,1,0.29975037748351196,0.0020858523820466634,0,-0.012417678869530231,-0.29974289191154063,0
3.185,0,-0.068733829408964456,-0.95832360670967753,0,-0.49528585396690733,0.068497612077148148,0
3.185,1,0.29971836856679784,0.0013365363626872072,0,-0.013189454501759719,-0.29970992357602427,0
3.1875,0,-0.069971829565741162,-0.95815082591165701,0,-0.49511427145446207,0.069727026339270831,0
3.1875,1,0.29968443032340319,0.00058730524797081596,0,-0.013961140213970626,-0.29967496819708872,0
3.19,0,-0.071209396979075176,-0.95797497230663942,0,-0.49493965921274602,0.070955857674831618,0
3.19,1,0.29964856298470316,-0.00016183599481640215,0,-0.014732730746057248,-0.29963802603268574,0
3.1925,0,-0.072446524077404387,-0.9577960473611361,0,-0.49476201945062159,0.072184098727786916,0
3.1925,1,0.29961076679522219,-0.00091088239905153879,0,-0.015504220838718804,-0.2995990973554235,0
3.195,0,-0.073683203294710301,-0.95761405256003729,0,-0.49458135439411116,0.073411742151285209,0
3.195,1,0.29957104201263191,-0.0016598289988115228,0,-0.016275605233503878,-0.29955818245256366,0
3.1975,0,-0.074919427070560887,-0.9574289894065886,0,-0.49439766628635634,0.074638780607702737,0
3.1975,1,0.29952938890774894,-0.0024086708289097506,0,-0.01704687867285487,-0.29951528162601859,0
3.2,0,-0.076155187850153308,-0.95724085942236814,0,-0.49421095738757725,0.075865206768679125,0
3.2,1,0.29948580776453271,-0.0031574029249327091,0,-0.017818035900152417,-0.29947039519234808,0
3.2025,0,-0.077390478084356576,-0.95704966414726333,0,-0.49402122997503162,0.077091013315152709,0
3.2025,1,0.29944029888008283,-0.0039060203232765892,0,-0.018589071659759798,-0.29942352348275608,0
3.205,0,-0.078625290229754077,-0.95685540513944767,0,-0.49382848634297388,0.078316192937395696,0
3.205,1,0.29939286256463682,-0.0046545180611838929,0,-0.019359980697067344,-0.29937466684308717,0
3.2075,0,-0.079859616748686066,-0.95665808397535712,0,-0.49363272880261433,0.079540738335049183,0
3.2075,1,0.29934349914156733,-0.0054028911767800307,0,-0.020130757758536823,-0.29932382563382315,0
3.21,0,-0.081093450109291934,-0.95645770224966686,0,-0.49343395968207804,0.080764642217157984,0
3.21,1,0.29929220894737946,-0.0061511347091099088,0,-0.020901397591745807,-0.29927100023007913,0
3.2125,0,-0.082326782785552485,-0.95625426157526761,0,-0.49323218132636398,0.081987897302205237,0
3.2125,1,0.29923899233170798,-0.0068992436981745071,0,-0.021671894945432032,-0.29921619102159969,0
3.215,0,-0.083559607257332066,-0.95604776358324217,0,-0.49302739609730395,0.083210496318146809,0
3.215,1,0.29918384965731426,-0.0076472131849674501,0,-0.022442244569537736,-0.29915939841275474,0
3.2175,0,-0.084791916010420604,-0.95583820992284141,0,-0.4928196063735214,0.084432432002445587,0
3.2175,1,0.29912678130008324,-0.0083950382115115622,0,-0.023212441215253989,-0.29910062282253552,0
3.22,0,-0.0860237015365755,-0.95562560226146076,0,-0.49260881455039041,0.085653697102105547,0
3.22,1,0.29906778764902037,-0.0091427138208954196,0,-0.023982479635064988,-0.29903986468455002,0
3.2225,0,-0.087254956333563477,-0.95540994228461595,0,-0.49239502303999449,0.086874284373705632,0
3.2225,1,0.29900686910624802,-0.0098902350573098798,0,-0.024752354582792357,-0.29897712444701852,0
3.225,0,-0.088485672905202331,-0.95519123169591957,0,-0.49217823427108537,0.088094186583433418,0
3.225,1,0.29894402608700249,-0.010637596966084614,0,-0.025522060813639419,-0.29891240257276908,0
3.2275,0,-0.089715843761402486,-0.95496947221705641,0,-0.49195845068904182,0.08931339650711867,0
3.2275,1,0.29887925901963014,-0.011384794593724617,0,-0.026291593084235447,-0.29884569953923257,0
3.23,0,-0.09094546141820857,-0.95474466558775972,0,-0.49173567475582824,0.090531906930266651,0
3.23,1,0.29881256834558401,-0.012131822987946704,0,-0.027060946152679885,-0.29877701583843769,0
3.2325,0,-0.092174518397840799,-0.95451681356578677,0,-0.49150990894995361,0.091749710648091287,0
3.2325,1,0.29874395451941993,-0.012878677197716008,0,-0.027830114778586584,-0.29870635197700596,0
3.235,0,-0.093403007228736276,-0.95428591792689477,0,-0.49128115576642989,0.092966800465548102,0
3.235,1,0.29867341800879277,-0.013625352273282449,0,-0.028599093723127973,-0.29863370847614645,0
3.2375,0,-0.094630920445590225,-0.9540519804648161,0,-0.49104941771673077,0.094183169197366995,0
3.2375,1,0.29860095929445252,-0.014371843266217195,0,-0.029367877749079244,-0.29855908587165025,0
3.24,0,-0.095858250589397079,-0.95381500299123423,0,-0.49081469732875027,0.09539880966808488,0
3.24,1,0.29852657887024009,-0.015118145229449114,0,-0.0301364616208625,-0.298482484713885,0
3.2425,0,-0.097084990207491464,-0.95357498733575907,0,-0.49057699714676128,0.096613714712078053,0
3.2425,1,0.29845027724308326,-0.015864253217301207,0,-0.030904840104590874,-0.29840390556778906,0
3.245,0,-0.09831113185358914,-0.95333193534590199,0,-0.49033631973137415,0.097827877173594424,0
3.245,1,0.2983720549329924,-0.016610162285527027,0,-0.031673007968112642,-0.29832334901286583,0
3.2475,0,-0.099536668087827726,-0.9530858488870515,0,-0.49009266765949511,0.09904128990678561,0
3.2475,1,0.29829191247305592,-0.017355867491347082,0,-0.032440959981055305,-0.29824081564317761,0
3.25,0,-0.10076159147680745,-0.95283672984244838,0,-0.48984604352428479,0.10025394577573872,0
3.25,1,0.29820985040943604,-0.018101363893485229,0,-0.033208690914869637,-0.29815630606733934,0
3.2525,0,-0.10198589459363171,-0.95258458011316061,0,-0.48959644993511675,0.10146583765450812,0
3.2525,1,0.29812586930136387,-0.018846646552205044,0,-0.033976195542873726,-0.29806982090851247,0
3.255,0,-0.10320957001794752,-0.95232940161805857,0,-0.48934388951753577,0.10267695842714687,0
3.255,1,0.29803996972113489,-0.019591710529346183,0,-0.034743468640296975,-0.2979813608043983,0
3.2575,0,-0.10443261033598596,-0.95207119629379,0,-0.48908836491321628,0.10388730098773809,0
3.2575,1,0.2979521522541041,-0.02033655088836072,0,-0.035510504984324079,-0.29789092640723147,0
3.26,0,-0.10565500814060237,-0.95180996609475477,0,-0.48882987877992085,0.10509685824042606,0
3.26,1,0.29786241749868103,-0.021081162694349474,0,-0.036277299354138995,-0.29779851838377319,0
3.2625,0,-0.10687675603131659,-0.95154571299307988,0,-0.48856843379145831,0.1063056230994472,0
3.2625,1,0.29777076606632463,-0.02182554101409832,0,-0.037043846530968851,-0.29770413741530422,0
3.265,0,-0.10809784661435297,-0.9512784389785941,0,-0.48830403263764233,0.10751358848916084,0
3.265,1,0.29767719858153824,-0.022569680916114474,0,-0.037810141298127847,-0.29760778419761791,0
3.2675,0,-0.10931827250268034,-0.95100814605880257,0,-0.48803667802424955,0.1087207473440798,0
3.2675,1,0.29758171568186426,-0.023313577470662764,0,-0.038576178441061149,-0.29750945944101292,0
3.27,0,-0.11053802631605188,-0.95073483625886135,0,-0.48776637267297795,0.10992709260890081,0
3.27,1,0.29748431801787867,-0.024057225749801889,0,-0.039341952747388692,-0.29740916387028582,0
3.2725,0,-0.11175710068104486,-0.95045851162155204,0,-0.48749311932140499,0.11113261723853478,0
3.2725,1,0.29738500625318576,-0.024800620827420652,0,-0.04010745900694903,-0.29730689822472367,0
3.275,0,-0.11297548823110029,-0.95017917420725617,0,-0.48721692072294592,0.11233731419813679,0
3.275,1,0.29728378106441228,-0.025543757779274177,0,-0.040872692011843091,-0.29720266325809619,0
3.2775,0,-0.11419318160656249,-0.94989682609392956,0,-0.48693777964681206,0.11354117646313604,0
3.2775,1,0.29718064314120185,-0.026286631683020107,0,-0.041637646556477954,-0.29709645973864807,0
3.28,0,-0.11541017345471846,-0.94961146937707652,0,-0.48665569887796883,0.11474419701926544,0
3.28,1,0.29707559318620924,-0.027029237618254782,0,-0.042402317437610547,-0.29698828844909092,0
3.2825,0,-0.11662645642983729,-0.94932310616972415,0,-0.48637068121709415,0.11594636886259126,0
3.2825,1,0.29696863191509426,-0.027771570666549391,0,-0.043166699454391347,-0.29687815018659519,0
3.285,0,-0.11784202319320933,-0.94903173860239654,0,-0.48608272948053638,0.11714768499954235,0
3.285,1,0.29685976005651576,-0.028513625911486113,0,-0.043930787408408029,-0.29676604576278193,0
3.2875,0,-0.11905686641318534,-0.94873736882308846,0,-0.48579184650027257,0.11834813844693938,0
3.2875,1,0.2967489783521256,-0.029255398438694232,0,-0.044694576103729101,-0.29665197600371429,0
3.29,0,-0.12027097876521552,-0.94843999899723974,0,-0.48549803512386663,0.11954772223202376,0
3.29,1,0.29663628755656224,-0.029996883335886237,0,-0.045458060346947486,-0.29653594174988906,0
3.2925,0,-0.12148435293188839,-0.94813963130770906,0,-0.48520129821442731,0.12074642939248648,0
3.2925,1,0.29652168843744453,-0.030738075692893885,0,-0.046221234947224077,-0.29641794385622783,0
3.295,0,-0.12269698160296963,-0.94783626795474785,0,-0.48490163865056646,0.12194425297649673,0
3.295,1,0.29640518177536507,-0.031478970601704258,0,-0.046984094716331255,-0.29629798319206818,0
3.2975,0,-0.12390885747544078,-0.94752991115597385,0,-0.48459905932635694,0.12314118604273037,0
3.2975,1,0.29628676836388379,-0.032219563156495788,0,-0.04774663446869639,-0.29617606064115481,0
3.3,0,-0.12511997325353785,-0.94722056314634495,0,-0.48429356315129091,0.12433722166039814,0
3.3,1,0.2961664490095211,-0.032959848453674272,0,-0.048508849021445269,-0.29605217710163007,0
3.3025,0,-0.12633032164878977,-0.94690822617813286,0,-0.48398515305023759,0.12553235290927378,0
3.3025,1,0.29604422453175122,-0.033699821591908839,0,-0.049270733194445519,-0.29592633348602498,0
3.305,0,-0.12753989538005681,-0.94659290252089656,0,-0.48367383196340163,0.126726572879722,0
3.305,1,0.29592009576299522,-0.034439477672167935,0,-0.050032281810349986,-0.29579853072124956,0
3.3075,0,-0.12874868717356891,-0.94627459446145601,0,-0.48335960284628088,0.12791987467272617,0
3.3075,1,0.29579406354861398,-0.035178811797755227,0,-0.050793489694640079,-0.29566876974858336,0
3.31,0,-0.12995668976296379,-0.94595330430386526,0,-0.48304246866962458,0.12911225139991589,0
3.31,1,0.29566612874690112,-0.03591781907434554,0,-0.051554351675669047,-0.29553705152366555,0
3.3125,0,-0.13116389588932506,-0.94562903436938583,0,-0.48272243241939133,0.13030369618359439,0
3.3125,1,0.29553629222907568,-0.036656494610020726,0,-0.052314862584705253,-0.29540337701648522,0
3.315,0,-0.13237029830122019,-0.94530178699646039,0,-0.4823994970967071,0.13149420215676572,0
3.315,1,0.29540455487927481,-0.037394833515305544,0,-0.05307501725597541,-0.29526774721137122,0
3.3175,0,-0.13357588975473836,-0.94497156454068543,0,-0.48207366571782317,0.13268376246316185,0
3.3175,1,0.29527091759454643,-0.038132830903203484,0,-0.053834810526707744,-0.29513016310698198,0
3.32,0,-0.13478066301352823,-0.94463836937478485,0,-0.48174494131407425,0.1338723702572695,0
3.32,1,0.29513538128484157,-0.038870481889232582,0,-0.054594237237175137,-0.2949906257162952,0
3.3225,0,-0.13598461084883562,-0.94430220388858277,0,-0.48141332693183625,0.13506001870435683,0
3.3225,1,0.29499794687300668,-0.039607781591461194,0,-0.055353292230738239,-0.29484913606659729,0
3.325,0,-0.13718772603954102,-0.94396307048897665,0,-0.48107882563248455,0.13624670098049996,0
3.325,1,0.29485861529477592,-0.040344725130543782,0,-0.056111970353888513,-0.29470569519947293,0
3.3275,0,-0.13839000137219706,-0.94362097159991032,0,-0.48074144049235179,0.1374324102726093,0
3.3275,1,0.29471738749876319,-0.041081307629756619,0,-0.05687026645629125,-0.2945603041707941,0
3.33,0,-0.13959142964106586,-0.94327590966234653,0,-0.48040117460268589,0.13861713977845577,0
3.33,1,0.29457426444645429,-0.0418175242150335,0,-0.057628175390828568,-0.29441296405070921,0
3.3325,0,-0.14079200364815622,-0.94292788713424014,0,-0.48005803106960793,0.13980088270669677,0
3.3325,1,0.2944292471121987,-0.042553370015001424,0,-0.058385692013642299,-0.29426367592363212,0
3.335,0,-0.14199171620326081,-0.94257690649051062,0,-0.47971201301407024,0.140983632276902,0
3.335,1,0.2942823364832014,-0.043288840161016251,0,-0.059142811184176913,-0.29411244088823085,0
3.3375,0,-0.14319056012399317,-0.94222297022301504,0,-0.47936312357181438,0.14216538171957907,0
3.3375,1,0.29413353355951466,-0.04402392978719831,0,-0.059899527765222345,-0.29395926005741618,0
3.34,0,-0.1443885282358246,-0.94186608084052037,0,-0.47901136589332899,0.14334612427619911,0
3.34,1,0.29398283935402941,-0.044758634030467995,0,-0.060655836622956781,-0.29380413455833032,0
3.3425,0,-0.14558561337212103,-0.94150624086867607,0,-0.47865674314380774,0.14452585319922198,0
3.3425,1,0.293830254892467,-0.045492948030581327,0,-0.061411732626989436,-0.29364706553233499,0
3.345,0,-0.14678180837417967,-0.94114345284998691,0,-0.47829925850310751,0.1457045617521214,0
3.345,1,0.29367578121337024,-0.046226866930165499,0,-0.062167210650403225,-0.29348805413499995,0
3.3475,0,-0.14797710609126569,-0.94077771934378496,0,-0.47793891516570602,0.14688224320941001,0
3.3475,1,0.293519419368095,-0.04696038587475436,0,-0.062922265569797436,-0.29332710153609087,0
3.35,0,-0.14917149938064864,-0.94040904292620231,0,-0.47757571634066009,0.14805889085666407,0
3.35,1,0.29336117042080107,-0.047693500012823922,0,-0.063676892265330354,-0.29316420891955719,0
3.3525,0,-0.15036498110763891,-0.9400374261901433,0,-0.4772096652515635,0.14923449799054817,0
3.3525,1,0.29320103544844345,-0.048426204495827768,0,-0.064431085620761802,-0.29299937748352012,0
3.355,0,-0.151557544145624,-0.93966287174525653,0,-0.47684076513650486,0.1504090579188396,0
3.355,1,0.29303901554076311,-0.049158494478232492,0,-0.065184840523495671,-0.2928326084402601,0
3.3575,0,-0.15274918137610466,-0.93928538221790747,0,-0.4764690192480257,0.15158256396045275,0
3.3575,1,0.29287511180027798,-0.04989036511755307,0,-0.06593815186462236,-0.29266390301620432,0
3.36,0,-0.15393988568873104,-0.93890496025115011,0,-0.47609443085307845,0.15275500944546316,0
3.36,1,0.29270932534227351,-0.05062181157438822,0,-0.066691014538961216,-0.29249326245191409,0
3.3625,0,-0.15512964998133863,-0.93852160850469935,0,-0.47571700323298438,0.15392638771513148,0
3.3625,1,0.29254165729479342,-0.051352829012455706,0,-0.067443423445102887,-0.29232068800207212,0
3.365,0,-0.1563184671599841,-0.93813532965490298,0,-0.47533673968339157,0.15509669212192723,0
3.365,1,0.29237210879863024,-0.052083412598627629,0,-0.068195373485451655,-0.29214618093546935,0
3.3675,0,-0.15750633013898113,-0.93774612639471366,0,-0.47495364351423297,0.1562659160295525,0
3.3675,1,0.29220068100731561,-0.052813557502965708,0,-0.068946859566267671,-0.29196974253499214,0
3.37,0,-0.15869323184093603,-0.93735400143366054,0,-0.47456771804968434,0.15743405281296535,0
3.37,1,0.29202737508711063,-0.053543258898756461,0,-0.069697876597709166,-0.29179137409760891,0
3.3725,0,-0.1598791651967833,-0.93695895749782132,0,-0.47417896662812226,0.15860109585840307,0
3.3725,1,0.29185219221699615,-0.05427251196254642,0,-0.070448419493874648,-0.29161107693435673,0
3.375,0,-0.16106412314582105,-0.93656099732979403,0,-0.47378739260208225,0.15976703856340529,0
3.375,1,0.29167513358866276,-0.055001311874177276,0,-0.071198483172844967,-0.2914288523703279,0
3.3775,0,-0.16224809863574643,-0.93616012368866874,0,-0.4733929993382166,0.16093187433683703,0
3.3775,1,0.29149620040650082,-0.055729653816821004,0,-0.071948062556725381,-0.29124470174465628,0
3.38,0,-0.16343108462269076,-0.93575633934999902,0,-0.47299579021725263,0.16209559659891135,0
3.38,1,0.29131539388759031,-0.056457532977014953,0,-0.072697152571687573,-0.29105862641050351,0
3.3825,0,-0.16461307407125478,-0.93534964710577384,0,-0.47259576863395053,0.16325819878121206,0
3.3825,1,0.29113271526169071,-0.057184944544696886,0,-0.073445748148011553,-0.29087062773504502,0
3.385,0,-0.16579405995454355,-0.93494004976438894,0,-0.47219293799706158,0.16441967432671611,0
3.385,1,0.29094816577123056,-0.057911883713240013,0,-0.074193844220127592,-0.29068070709945598,0
3.3875,0,-0.16697403525420149,-0.93452755015061828,0,-0.47178730172928618,0.16558001668981598,0
3.3875,1,0.29076174667129706,-0.058638345679487953,0,-0.074941435726658026,-0.29048886589889716,0
3.39,0,-0.16815299296044714,-0.93411215110558554,0,-0.47137886326723177,0.16673921933634164,0
3.39,1,0.29057345922962569,-0.059364325643789698,0,-0.075688517610459041,-0.29029510554250049,0
3.3925,0,-0.1693309260721079,-0.93369385548673567,0,-0.47096762606137121,0.16789727574358271,0
3.3925,1,0.2903833047265893,-0.060089818810034515,0,-0.076435084818662388,-0.2900994274533546,0
3.395,0,-0.17050782759665462,-0.9332726661678058,0,-0.47055359357600068,0.16905417940031006,0
3.395,1,0.29019128445518755,-0.060814820385686821,0,-0.077181132302717073,-0.28990183306849016,0
3.3975,0,-0.17168369055023611,-0.93284858603879695,0,-0.47013676928919779,0.17020992380679761,0
3.3975,1,0.28999739972103611,-0.061539325581821014,0,-0.077926655018430907,-0.28970232383886518,0
3.4,0,-0.17285850795771357,-0.93242161800594492,0,-0.46971715669277986,0.17136450247484369,0
3.4,1,0.28980165184235557,-0.062263329613156282,0,-0.078671647926012112,-0.28950090122934996,0
3.4025,0,-0.17403227285269487,-0.93199176499169167,0,-0.469294759292262,0.1725179089277924,0
3.4025,1,0.28960404214996044,-0.062986827698091358,0,-0.079416105990110758,-0.28929756671871221,0
3.405,0,-0.17520497827756873,-0.93155902993465622,0,-0.46886958060681527,0.17367013670055473,0
3.405,1,0.28940457198724795,-0.063709815058739253,0,-0.080160024179860234,-0.2890923217996017,0
3.4075,0,-0.17637661728353879,-0.931123415789606,0,-0.4684416241692248,0.1748211793396296,0
3.4075,1,0.28920324271018699,-0.064432286920961923,0,-0.0809033974689186,-0.28888516797853508,0
3.41,0,-0.17754718293065763,-0.93068492552742754,0,-0.46801089352584818,0.17597103040312462,0
3.41,1,0.28900005568730647,-0.065154238514404939,0,-0.081646220835509875,-0.28867610677588024,0
3.4125,0,-0.17871666828786065,-0.93024356213509762,0,-0.46757739223657346,0.17711968346077678,0
3.4125,1,0.28879501229968402,-0.065875665072532091,0,-0.082388489262465323,-0.28846513972584087,0
3.415,0,-0.17988506643299984,-0.92979932861565417,0,-0.46714112387477752,0.17826713209397294,0
3.415,1,0.28858811394093437,-0.06659656183265994,0,-0.083130197737264599,-0.28825226837644063,0
3.4175,0,-0.18105237045287742,-0.92935222798816697,0,-0.4667020920272843,0.17941336989577022,0
3.4175,1,0.28837936201719772,-0.067316924035992376,0,-0.083871341252076889,-0.28803749428950726,0
3.42,0,-0.18221857344327944,-0.92890226328770864,0,-0.46626030029432314,0.18055839047091615,0
3.42,1,0.28816875794712787,-0.068036746927655087,0,-0.08461191480380198,-0.28782081904065665,0
3.4225,0,-0.1833836685090092,-0.92844943756532516,0,-0.46581575228948691,0.18170218743586872,0
3.4225,1,0.28795630316188048,-0.068756025756729997,0,-0.085351913394111245,-0.28760224421927655,0
3.425,0,-0.18454764876392066,-0.92799375388800676,0,-0.46536845163969054,0.18284475441881615,0
3.425,1,0.28774199910510095,-0.069474755776289726,0,-0.086091332029488571,-0.2873817714285104,0
3.4275,0,-0.18571050733095168,-0.92753521533865857,0,-0.46491840198512924,0.18398608505969677,0
3.4275,1,0.28752584723291252,-0.070192932243431913,0,-0.086830165721271252,-0.28715940228524089,0
3.43,0,-0.18687223734215713,-0.92707382501607116,0,-0.46446560697923683,0.18512617301021841,0
3.43,1,0.28730784901390383,-0.070910550419313559,0,-0.087568409485690765,-0.28693513842007329,0
3.4325,0,-0.18803283193874198,-0.92660958603489108,0,-0.46401007028864422,0.18626501193387796,0
3.4325,1,0.28708800592911682,-0.071627605569185293,0,-0.088306058343913529,-0.28670898147731888,0
3.435,0,-0.18919228427109422,-0.9261425015255913,0,-0.46355179559313775,0.18740259550598037,0
3.435,1,0.28686631947203434,-0.072344092962425666,0,-0.08904310732208158,-0.28648093311497802,0
3.4375,0,-0.19035058749881767,-0.92567257463444175,0,-0.4630907865856177,0.18853891741365802,0
3.4375,1,0.28664279114856756,-0.073060007872575286,0,-0.089779551451353162,-0.28625099500472323,0
3.44,0,-0.19150773479076477,-0.92519980852347983,0,-0.46262704697205664,0.18967397135588943,0
3.44,1,0.28641742247704344,-0.073775345577371046,0,-0.090515385767943282,-0.28601916883188205,0
3.4425,0,-0.19266371932506918,-0.92472420637048058,0,-0.46216058047145808,0.1908077510435181,0
3.4425,1,0.28619021498819203,-0.074490101358780175,0,-0.091250605313164174,-0.2857854562954199,0
3.445,0,-0.19381853428917828,-0.92424577136892705,0,-0.46169139081581478,0.19194025019927116,0
3.445,1,0.28596117022513373,-0.075204270503034354,0,-0.091985205133465711,-0.28554985910792263,0
3.4475,0,-0.19497217287988564,-0.92376450672798072,0,-0.46121948175006749,0.1930714625577778,0
3.4475,1,0.28573028974336628,-0.075917848300663726,0,-0.092719180280475752,-0.28531237899557893,0
3.45,0,-0.1961246283033633,-0.92328041567245156,0,-0.4607448570320633,0.19420138186558755,0
3.45,1,0.28549757511075191,-0.076630830046530901,0,-0.093452525811040382,-0.28507301769816284,0
3.4525,0,-0.19727589377519403,-0.92279350144276806,0,-0.46026752043251445,0.19533000188118849,0
3.4525,1,0.28526302790750402,-0.07734321103986487,0,-0.094185236787264148,-0.2848317769690159,0
3.455,0,-0.19842596252040337,-0.92230376729494778,0,-0.45978747573495676,0.1964573163750252,0
3.455,1,0.28502664972617425,-0.078054986584294925,0,-0.09491730827655015,-0.2845886585750293,0
3.4575,0,-0.1995748277734917,-0.92181121650056708,0,-0.45930472673570838,0.19758331912951665,0
3.4575,1,0.28478844217163901,-0.078766151987884489,0,-0.095648735351640118,-0.28434366429662566,0
3.46,0,-0.2007224827784661,-0.9213158523467313,0,-0.45881927724382848,0.1987080039390739,0
3.46,1,0.28454840686108612,-0.079476702563164942,0,-0.096379513090654415,-0.28409679592774117,0
3.4625,0,-0.20186892078887222,-0.92081767813604476,0,-0.45833113108107593,0.19983136461011758,0
3.4625,1,0.28430654542400141,-0.080186633627169379,0,-0.097109636577131925,-0.28384805527580703,0
3.465,0,-0.2030141350678259,-0.92031669718658071,0,-0.45784029208186799,0.20095339496109535,0
3.465,1,0.28406285950215493,-0.080895940501466299,0,-0.097839100900069934,-0.2835974441617311,0
3.4675,0,-0.20415811888804478,-0.91981291283185118,0,-0.4573467640932391,0.20207408882249911,0
3.4675,1,0.28381735074958736,-0.081604618512193305,0,-0.098567901153963869,-0.28334496441987927,0
3.47,0,-0.20530086553187982,-0.91930632842077697,0,-0.45685055097479982,0.20319344003688208,0
3.47,1,0.28357002083259636,-0.082312662990090726,0,-0.099296032438846993,-0.28309061789805695,0
3.4725,0,-0.20644236829134668,-0.91879694731765726,0,-0.45635165659869542,0.20431144245887581,0
3.4725,1,0.2833208714297224,-0.083020069270535166,0,-0.10002348986033008,-0.28283440645749003,0
3.475,0,-0.20758262046815701,-0.91828477290213961,0,-0.45585008484956496,0.20542808995520689,0
3.475,1,0.28306990423173495,-0.083726832693573033,0,-0.10075026852964092,-0.28257633197280602,0
3.4775,0,-0.20872161537374959,-0.91776980856918966,0,-0.45534583962450004,0.20654337640471365,0
3.4775,1,0.28281712094161832,-0.084432948603954061,0,-0.1014763635636638,-0.28231639633201494,0
3.48,0,-0.20985934632932146,-0.91725205772906082,0,-0.45483892483300387,0.20765729569836261,0
3.48,1,0.2825625232745575,-0.085138412351164691,0,-0.10220177008497895,-0.28205460143649014,0
3.4825,0,-0.2109958066658589,-0.91673152380726375,0,-0.45432934439695005,0.20876984173926486,0
3.4825,1,0.2823061129579239,-0.085843219289461495,0,-0.10292648322190183,-0.28179094920094888,0
3.485,0,-0.21213098972416827,-0.91620821024453625,0,-0.45381710225054178,0.20988100844269225,0
3.485,1,0.28204789173126088,-0.086547364777904479,0,-0.10365049810852238,-0.28152544155343295,0
3.4875,0,-0.2132648888549068,-0.91568212049681275,0,-0.45330220234027074,0.21099078973609345,0
3.4875,1,0.28178786134626932,-0.087250844180390377,0,-0.10437380988474422,-0.28125808043528894,0
3.49,0,-0.21439749741861322,-0.91515325803519376,0,-0.45278464862487622,0.21209917955910984,0
3.49,1,0.28152602356679296,-0.087953652865685919,0,-0.10509641369632376,-0.28098886780114862,0
3.4925,0,-0.21552880878573843,-0.91462162634591537,0,-0.45226444507530428,0.21320617186359131,0
3.4925,1,0.28126238016880389,-0.088655786207460993,0,-0.10581830469490917,-0.28071780561890897,0
3.495,0,-0.21665881633667589,-0.91408722893031891,0,-0.45174159567466676,0.21431176061361179,0
3.495,1,0.28099693294038763,-0.089357239584321776,0,-0.10653947803807938,-0.28044489586971233,0
3.4975,0,-0.21778751346179198,-0.91355006930482008,0,-0.45121610441820065,0.21541593978548482,0
3.4975,1,0.28072968368172829,-0.090058008379843818,0,-0.10725992888938292,-0.28017014054792616,0
3.5,0,-0.21891489356145627,-0.91301015100087846,0,-0.45068797531322707,0.21651870336777879,0
3.5,1,0.2804606342050936,-0.090758087982605123,0,-0.1079796524183767,-0.2798935416611229,0
3.5025,0,-0.22004095004607169,-0.91246747756496704,0,-0.45015721237911083,0.2176200453613322,0
3.5025,1,0.28018978633481978,-0.091457473786219101,0,-0.10869864380066474,-0.27961510123005945,0
3.505,0,-0.22116567633610459,-0.91192205255854131,0,-0.44962381964721942,0.21871995977926861,0
3.505,1,0.27991714190729655,-0.092156161189367494,0,-0.10941689821793679,-0.27933482128865683,0
3.5075,0,-0.22228906586211472,-0.91137387955800842,0,-0.44908780116088259,0.21981844064701164,0
3.5075,1,0.2796427027709516,-0.092854145595833285,0,-0.11013441085800688,-0.27905270388397946,0
3.51,0,-0.22341111206478501,-0.91082296215469682,0,-0.44854916097535152,0.22091548200229963,0
3.51,1,0.27936647078623555,-0.093551422414533528,0,-0.11085117691485175,-0.27876875107621446,0
3.5125,0,-0.2245318083949514,-0.91026930395482497,0,-0.44800790315775851,0.22201107789520025,0
3.5125,1,0.27908844782560616,-0.094247987059552105,0,-0.11156719158864932,-0.27848296493865077,0
3.515,0,-0.22565114831363245,-0.90971290857947085,0,-0.44746403178707611,0.22310522238812505,0
3.515,1,0.27880863577351306,-0.094943834950172487,0,-0.11228245008581694,-0.27819534755765812,0
3.5175,0,-0.22676912529205889,-0.90915377966454092,0,-0.44691755095407693,0.22419790955584371,0
3.5175,1,0.278527036526382,-0.095638961510910392,0,-0.1129969476190496,-0.27790590103266599,0
3.52,0,-0.2278857328117031,-0.90859192086073925,0,-0.44636846476129288,0.22528913348549823,0
3.52,1,0.27824365199259898,-0.096333362171546408,0,-0.11371067940735811,-0.27761462747614218,0
3.5225,0,-0.22900096436430845,-0.90802733583353656,0,-0.44581677732297509,0.22637888827661704,0
3.5225,1,0.27795848409249463,-0.097027032367158553,0,-0.11442364067610716,-0.27732152901357171,0
3.525,0,-0.23011481345191848,-0.90746002826313943,0,-0.4452624927650532,0.22746716804112885,0
3.525,1,0.27767153475832818,-0.097719967538154817,0,-0.11513582665705324,-0.27702660778343507,0
3.5275,0,-0.23122727358690617,-0.90689000184445878,0,-0.44470561522509533,0.2285539669033764,0
3.5275,1,0.27738280593427139,-0.098412163130305597,0,-0.1158472325883826,-0.27672986593718679,0
3.53,0,-0.23233833829200287,-0.90631726028707937,0,-0.44414614885226755,0.22963927900013012,0
3.53,1,0.27709229957639248,-0.099103614594776124,0,-0.11655785371474901,-0.27643130563923357,0
3.5325,0,-0.23344800110032732,-0.90574180731522846,0,-0.4435840978072938,0.23072309848060166,0
3.5325,1,0.2768000176526399,-0.099794317388158804,0,-0.11726768528731153,-0.2761309290669125,0
3.535,0,-0.23455625555541446,-0.90516364666774463,0,-0.44301946626241562,0.23180541950645717,0
3.535,1,0.27650596214282602,-0.10048426697250554,0,-0.11797672256377208,-0.27582873841046901,0
3.5375,0,-0.23566309521124418,-0.90458278209804677,0,-0.44245225840135205,0.23288623625183053,0
3.5375,1,0.2762101350386108,-0.10117345881535991,0,-0.11868496080841305,-0.27552473587303489,0
3.54,0,-0.23676851363226994,-0.90399921737410283,0,-0.44188247841925943,0.23396554290333643,0
3.54,1,0.27591253834348511,-0.10186188838978946,0,-0.11939239529213475,-0.27521892367060596,0
3.5425,0,-0.23787250439344737,-0.90341295627839857,0,-0.44131013052269141,0.2350433336600834,0
3.5425,1,0.27561317407275432,-0.10254955117441775,0,-0.12009902129249277,-0.27491130403201969,0
3.545,0,-0.23897506108026267,-0.90282400260790641,0,-0.44073521892955903,0.23611960273368643,0
3.545,1,0.27531204425352152,-0.10323644265345644,0,-0.1208048340937353,-0.27460187919893281,0
3.5475,0,-0.24007617728876099,-0.90223236017405395,0,-0.44015774786909051,0.23719434434827985,0
3.5475,1,0.27500915092467082,-0.10392255831673736,0,-0.12150982898684033,-0.27429065142579873,0
3.55,0,-0.24117584662557459,-0.90163803280269295,0,-0.43957772158179159,0.23826755274052974,0
3.55,1,0.27470449613685033,-0.10460789365974441,0,-0.12221400126955274,-0.27397762297984479,0
3.5525,0,-0.2422740627079511,-0.90104102433406774,0,-0.43899514431940551,0.23933922215964634,0
3.5525,1,0.27439808195245535,-0.10529244418364553,0,-0.12291734624642138,-0.27366279614104944,0
3.555,0,-0.24337081916378145,-0.90044133862278397,0,-0.4384100203448732,0.24040934686739635,0
3.555,1,0.27408991044561126,-0.10597620539532449,0,-0.12361985922883596,-0.27334617320211929,0
3.5575,0,-0.2444661096316279,-0.89983897953777703,0,-0.43782235393229352,0.24147792113811506,0
3.5575,1,0.27377998370215639,-0.10665917280741272,0,-0.12432153553506393,-0.27302775646846617,0
3.56,0,-0.24555992776075186,-0.89923395096228098,0,-0.43723214936688359,0.24254493925871837,0
3.56,1,0.27346830381962473,-0.10734134193832102,0,-0.12502237049028722,-0.27270754825818372,0
3.5625,0,-0.24665226721114164,-0.89862625679379671,0,-0.43663941094493908,0.24361039552871463,0
3.5625,1,0.27315487290722856,-0.10802270831227129,0,-0.12572235942663898,-0.27238555090202426,0
3.565,0,-0.24774312165354007,-0.89801590094406059,0,-0.43604414297379457,0.24467428426021642,0
3.565,1,0.27283969308584122,-0.10870326745932804,0,-0.12642149768324004,-0.27206176674337534,0
3.5675,0,-0.24883248476947203,-0.89740288733901286,0,-0.43544634977178392,0.24573659977795209,0
3.5675,1,0.27252276648797935,-0.10938301491543005,0,-0.12711978060623549,-0.27173619813823624,0
3.57,0,-0.24992035025127202,-0.89678721991876631,0,-0.4348460356682009,0.24679733641927731,0
3.57,1,0.27220409525778549,-0.11006194622242184,0,-0.12781720354883111,-0.27140884745519428,0
3.5725,0,-0.25100671180211132,-0.89616890263757443,0,-0.43424320500325958,0.2478564885341864,0
3.5725,1,0.27188368155101028,-0.11074005692808508,0,-0.12851376187132957,-0.27107971707540096,0
3.575,0,-0.25209156313602543,-0.89554793946380007,0,-0.433637862128055,0.24891405048532353,0
3.575,1,0.27156152753499468,-0.11141734258617002,0,-0.1292094509411667,-0.27074880939254831,0
3.5775,0,-0.25317489797794118,-0.89492433437988339,0,-0.43303001140452368,0.24997001664799381,0
3.5775,1,0.27123763538865203,-0.11209379875642676,0,-0.1299042661329477,-0.27041612681284471,0
3.58,0,-0.25425671006370359,-0.89429809138231064,0,-0.43241965720540448,0.2510243814101743,0
3.58,1,0.27091200730245024,-0.11276942100463656,0,-0.130598202828483,-0.27008167175499087,0
3.5825,0,-0.25533699314010311,-0.89366921448158232,0,-0.43180680391419929,0.25207713917252483,0
3.5825,1,0.27058464547839362,-0.11344420490264299,0,-0.13129125641682432,-0.26974544665015554,0
3.585,0,-0.25641574096490227,-0.89303770770218116,0,-0.43119145592513364,0.25312828434839862,0
3.585,1,0.27025555213000468,-0.11411814602838313,0,-0.13198342229430049,-0.2694074539419512,0
3.5875,0,-0.25749294730686256,-0.89240357508254087,0,-0.43057361764311775,0.25417781136385298,0
3.5875,1,0.26992472948230611,-0.11479123996591858,0,-0.13267469586455316,-0.26906769608640968,0
3.59,0,-0.25856860594577108,-0.891766820675014,0,-0.42995329348370742,0.2552257146576597,0
3.59,1,0.26959217977180222,-0.11546348230546655,0,-0.13336507253857252,-0.26872617555195749,0
3.5925,0,-0.25964271067246703,-0.89112744854584025,0,-0.42933048787306488,0.2562719886813154,0
3.5925,1,0.26925790524646059,-0.11613486864343073,0,-0.13405454773473283,-0.26838289481939126,0
3.595,0,-0.26071525528886824,-0.89048546277511476,0,-0.42870520524791988,0.25731662789905174,0
3.595,1,0.26892190816569367,-0.11680539458243228,0,-0.13474311687882784,-0.26803785638185279,0
3.5975,0,-0.26178623360799758,-0.88984086745675617,0,-0.42807745005553066,0.25835962678784546,0
3.5975,1,0.26858419080034002,-0.11747505573134059,0,-0.13543077540410625,-0.26769106274480425,0
3.6,0,-0.26285563945400903,-0.88919366669847455,0,-0.42744722675364522,0.25940097983742838,0
3.6,1,0.26824475543264575,-0.1181438477053041,0,-0.13611751875130687,-0.26734251642600326,0
3.6025,0,-0.26392346666221417,-0.88854386462173984,0,-0.42681453981046236,0.26044068155029726,0
3.6025,1,0.26790360435624577,-0.11881176612578095,0,-0.13680334236869393,-0.26699221995547756,0
3.605,0,-0.26498970907910796,-0.88789146536174979,0,-0.42617939370459301,0.26147872644172337,0
3.605,1,0.26756073987614482,-0.11947880662056967,0,-0.13748824171209206,-0.26664017587549999,0
3.6075,0,-0.26605436056239495,-0.88723647306739795,0,-0.42554179292502148,0.26251510903976227,0
3.6075,1,0.26721616430869854,-0.12014496482383975,0,-0.13817221224492129,-0.26628638674056293,0
3.61,0,-0.26711741498101504,-0.88657889190124162,0,-0.42490174197106673,0.2635498238852631,0
3.61,1,0.26686987998159462,-0.12081023637616214,0,-0.13885524943823196,-0.26593085511735304,0
3.6125,0,-0.26817886621516929,-0.88591872603947019,0,-0.42425924535234388,0.26458286553187799,0
3.6125,1,0.26652188923383341,-0.12147461692453974,0,-0.13953734877073948,-0.2655735835847256,0
3.615,0,-0.2692387081563456,-0.88525597967187275,0,-0.4236143075887257,0.26561422854607136,0
3.615,1,0.26617219441570888,-0.12213810212243775,0,-0.14021850572885905,-0.26521457473367888,0
3.6175,0,-0.27029693470734439,-0.88459065700180628,0,-0.42296693321030404,0.26664390750712891,0
3.6175,1,0.26582079788878937,-0.12280068762981401,0,-0.14089871580674024,-0.26485383116732836,0
3.62,0,-0.27135353978230398,-0.8839227622461634,0,-0.42231712675735145,0.2676718970071667,0
3.62,1,0.26546770202589809,-0.12346236911314927,0,-0.14157797450630144,-0.26449135550088076,0
3.6225,0,-0.27240851730672599,-0.88325229963534047,0,-0.42166489278028285,0.26869819165113984,0
3.6225,1,0.26511290921109365,-0.12412314224547738,0,-0.14225627733726431,-0.26412715036160817,0
3.625,0,-0.27346186121750088,-0.88257927341320552,0,-0.42101023583961711,0.26972278605685152,0
3.625,1,0.26475642183965059,-0.12478300270641542,0,-0.14293361981718802,-0.26376121838882188,0
3.6275,0,-0.27451356546293282,-0.88190368783706574,0,-0.42035316050593896,0.27074567485496132,0
3.6275,1,0.26439824231803971,-0.12544194618219376,0,-0.14360999747150349,-0.26339356223384619,0
3.63,0,-0.27556362400276507,-0.88122554717763579,0,-0.41969367135986074,0.27176685268899392,0
3.63,1,0.26403837306390837,-0.12609996836568604,0,-0.14428540583354743,-0.26302418455999205,0
3.6325,0,-0.2766120308082049,-0.88054485571900531,0,-0.4190317729919843,0.27278631421534744,0
3.6325,1,0.26367681650606067,-0.12675706495643921,0,-0.14495984044459639,-0.26265308804253074,0
3.635,0,-0.27765877986194848,-0.87986161775860705,0,-0.41836747000286284,0.27380405410330177,0
3.635,1,0.26331357508443753,-0.1274132316607032,0,-0.14563329685390056,-0.26228027536866727,0
3.6375,0,-0.27870386515820578,-0.8791758376071841,0,-0.41770076700296305,0.27482006703502659,0
3.6375,1,0.26294865125009675,-0.12806846419146092,0,-0.14630577061871761,-0.26190574923751375,0
3.64,0,-0.27974728070272525,-0.87848751958875837,0,-0.41703166861262714,0.27583434770558957,0
3.64,1,0.26258204746519292,-0.12872275826845789,0,-0.14697725730434641,-0.26152951236006272,0
3.6425,0,-0.28078902051281857,-0.87779666804059764,0,-0.41636017946203491,0.27684689082296415,0
3.6425,1,0.26221376620295728,-0.12937610961823193,0,-0.14764775248416054,-0.26115156745916024,0
3.645,0,-0.28182907861738504,-0.87710328731318388,0,-0.41568630419116598,0.27785769110803749,0
3.645,1,0.26184380994767753,-0.13002851397414272,0,-0.14831725173964178,-0.26077191726947896,0
3.6475,0,-0.28286744905693623,-0.87640738177018052,0,-0.415010047449762,0.27886674329461814,0
3.6475,1,0.26147218119467747,-0.13067996707640145,0,-0.14898575066041353,-0.26039056453749115,0
3.65,0,-0.28390412588362002,-0.87570895578840047,0,-0.414331413897289,0.2798740421294435,0
3.65,1,0.26109888245029661,-0.13133046467210011,0,-0.14965324484427403,-0.26000751202144146,0
3.6525,0,-0.28493910316124527,-0.87500801375777337,0,-0.41365040820289983,0.28087958237218752,0
3.6525,1,0.26072391623186975,-0.13198000251524106,0,-0.15031972989722958,-0.25962276249131971,0
3.655,0,-0.28597237496530564,-0.87430456008131385,0,-0.41296703504539639,0.28188335879546789,0
3.655,1,0.26034728506770632,-0.13262857636676625,0,-0.15098520143352753,-0.25923631872883357,0
3.6575,0,-0.28700393538300389,-0.87359859917508842,0,-0.41228129911319239,0.28288536618485327,0
3.6575,1,0.25996899149706981,-0.13327618199458652,0,-0.15164965507568928,-0.25884818352738104,0
3.66,0,-0.28803377851327572,-0.87289013546818373,0,-0.41159320510427566,0.28388559933887064,0
3.66,1,0.25958903807015704,-0.13392281517361077,0,-0.15231308645454317,-0.25845835969202297,0
3.6625,0,-0.28906189846681379,-0.87217917340267392,0,-0.41090275772617108,0.2848840530690121,0
3.6625,1,0.25920742734807728,-0.13456847168577513,0,-0.15297549120925713,-0.2580668500394554,0
3.665,0,-0.29008828936609138,-0.87146571743358803,0,-0.41020996169590296,0.28588072219974187,0
3.665,1,0.25882416190283147,-0.13521314732007192,0,-0.15363686498737145,-0.2576736573979817,0
3.6675,0,-0.29111294534538623,-0.87074977202887771,0,-0.40951482173995796,0.28687560156850322,0
3.6675,1,0.25843924431729121,-0.13585683787257874,0,-0.15429720344483119,-0.25727878460748493,0
3.67,0,-0.29213586055080398,-0.87003134166938489,0,-0.40881734259424801,0.28786868602572496,0
3.67,1,0.25805267718517766,-0.13649953914648735,0,-0.15495650224601873,-0.25688223451939968,0
3.6725,0,-0.29315702914030189,-0.86931043084880921,0,-0.408117529004073,0.28885997043482819,0
3.6725,1,0.25766446311104041,-0.13714124695213245,0,-0.15561475706378594,-0.25648400999668408,0
3.675,0,-0.29417644528371212,-0.86858704407367537,0,-0.40741538572408381,0.28984944967223275,0
3.675,1,0.25727460471023633,-0.13778195710702054,0,-0.15627196357948656,-0.25608411391379177,0
3.6775,0,-0.29519410316276501,-0.86786118586330085,0,-0.40671091751824545,0.2908371186273635,0
3.6775,1,0.25688310460890823,-0.1384216654358586,0,-0.15692811748300819,-0.25568254915664351,0
3.68,0,-0.29620999697111255,-0.86713286074976337,0,-0.4060041291598,0.29182297220265679,0
3.68,1,0.25648996544396346,-0.13906036777058264,0,-0.15758321447280435,-0.25527931862259895,0
3.6825,0,-0.29722412091435135,-0.86640207327786811,0,-0.40529502543122975,0.29280700531356652,0
3.6825,1,0.25609518986305257,-0.13969805995038642,0,-0.15823725025592636,-0.25487442522042808,0
3.685,0,-0.29823646921004565,-0.86566882800511546,0,-0.40458361112422059,0.29378921288857013,0
3.685,1,0.25569878052454759,-0.14033473782174982,0,-0.15889022054805513,-0.25446787187028275,0
3.6875,0,-0.29924703608775044,-0.86493312950166823,0,-0.40386989103962517,0.29476958986917462,0
3.6875,1,0.25530074009752063,-0.14097039723846727,0,-0.1595421210735328,-0.25405966150366815,0
3.69,0,-0.30025581578903426,-0.86419498235031933,0,-0.40315386998742625,0.29574813120992244,0
3.69,1,0.25490107126172196,-0.14160503406167613,0,-0.16019294756539437,-0.2536497970634139,0
3.6925,0,-0.30126280256750193,-0.86345439114645894,0,-0.40243555278670023,0.29672483187839727,0
3.6925,1,0.25449977670755847,-0.14223864415988496,0,-0.16084269576539911,-0.2532382815036453,0
3.695,0,-0.30226799068881727,-0.86271136049804187,0,-0.40171494426558046,0.29769968685522946,0
3.695,1,0.25409685913607166,-0.14287122340900171,0,-0.1614913614240619,-0.25282511778975453,0
3.6975,0,-0.30327137443072577,-0.86196589502555521,0,-0.40099204926122106,0.29867269113410183,0
3.6975,1,0.25369232125891572,-0.14350276769236187,0,-0.16213894030068451,-0.25241030889837146,0
3.7,0,-0.30427294808307698,-0.8612179993619854,0,-0.40026687261976024,0.2996438397217549,0
3.7,1,0.25328616579833563,-0.1441332729007565,0,-0.1627854281633867,-0.25199385781733469,0
3.7025,0,-0.30527270594784706,-0.86046767815278569,0,-0.39953941919628427,0.30061312763799242,0
3.7025,1,0.25287839548714497,-0.14476273493246025,0,-0.16343082078913723,-0.25157576754566235,0
3.705,0,-0.3062706423391609,-0.85971493605584359,0,-0.39880969385479115,0.30158054991568645,0
3.705,1,0.25246901306870384,-0.14539114969325923,0,-0.16407511396378482,-0.25115604109352269,0
3.7075,0,-0.30726675158331457,-0.85895977774144805,0,-0.39807770146815435,0.3025461016007826,0
3.7075,1,0.25205802129689647,-0.1460185130964789,0,-0.16471830348208888,-0.25073468148220479,0
3.71,0,-0.30826102801879735,-0.85820220789225665,0,-0.39734344691808687,0.30350977775230498,0
3.71,1,0.2516454229361092,-0.14664482106301177,0,-0.1653603851477502,-0.25031169174408918,0
3.7125,0,-0.30925346599631381,-0.85744223120326335,0,-0.39660693509510514,0.3044715734423612,0
3.7125,1,0.25123122076120769,-0.14727006952134516,0,-0.16600135477344161,-0.24988707492261816,0
3.715,0,-0.31024405987880582,-0.85667985238176525,0,-0.39586817089849302,0.3054314837561472,0
3.715,1,0.25081541755751485,-0.14789425440758877,0,-0.16664120818083827,-0.24946083407226619,0
3.7175,0,-0.3112328040414743,-0.85591507614733009,0,-0.39512715923626601,0.30638950379195201,0
3.7175,1,0.25039801612078799,-0.14851737166550225,0,-0.16727994120064824,-0.24903297225851012,0
3.72,0,-0.31221969287180107,-0.8551479072317637,0,-0.39438390502513543,0.30734562866116227,0
3.72,1,0.24997901925719637,-0.14913941724652263,0,-0.16791754967264252,-0.24860349255779943,0
3.7225,0,-0.31320472076957057,-0.85437835037907695,0,-0.39363841319047255,0.30829985348826699,0
3.7225,1,0.24955842978329845,-0.14976038710979178,0,-0.16855402944568529,-0.24817239805752625,0
3.725,0,-0.31418788214689147,-0.85360641034545304,0,-0.39289068866627308,0.30925217341086186,0
3.725,1,0.24913625052601915,-0.15038027722218369,0,-0.16918937637776382,-0.24773969185599543,0
3.7275,0,-0.31516917142821821,-0.85283209189921494,0,-0.39214073639512148,0.31020258357965358,0
3.7275,1,0.24871248432262691,-0.15099908355833169,0,-0.16982358633601852,-0.24730537706239439,0
3.73,0,-0.3161485830503723,-0.85205539982079226,0,-0.39138856132815542,0.31115107915846418,0
3.73,1,0.24828713402071093,-0.15161680210065565,0,-0.17045665519677256,-0.24686945679676292,0
3.7325,0,-0.31712611146256381,-0.85127633890268883,0,-0.39063416842503035,0.31209765532423522,0
3.7325,1,0.24786020247815801,-0.15223342883938906,0,-0.17108857884556161,-0.24643193418996298,0
3.735,0,-0.31810175112641248,-0.85049491394944976,0,-0.38987756265388418,0.31304230726703175,0
3.735,1,0.24743169256312961,-0.15284895977260607,0,-0.17171935317716341,-0.24599281238364834,0
3.7375,0,-0.31907549651596895,-0.84971112977762842,0,-0.38911874899130183,0.31398503019004642,0
3.7375,1,0.24700160715403863,-0.15346339090624841,0,-0.17234897409562722,-0.24555209453023408,0
3.74,0,-0.32004734211773594,-0.84892499121575382,0,-0.38835773242228006,0.31492581930960323,0
3.74,1,0.24656994913952621,-0.15407671825415228,0,-0.17297743751430308,-0.2451097837928661,0
3.7425,0,-0.32101728243068905,-0.84813650310429789,0,-0.38759451794019228,0.31586466985516143,0
3.7425,1,0.24613672141843848,-0.15468893783807511,0,-0.17360473935587106,-0.24466588334539058,0
3.745,0,-0.32198531196629776,-0.84734567029564234,0,-0.38682911054675351,0.31680157706931911,0
3.745,1,0.24570192689980319,-0.15530004568772224,0,-0.17423087555237035,-0.24422039637232315,0
3.7475,0,-0.3229514252485462,-0.84655249765404594,0,-0.38606151525198529,0.31773653620781689,0
3.7475,1,0.2452655685028062,-0.15591003784077367,0,-0.17485584204522828,-0.24377332606881824,0
3.75,0,-0.32391561681395392,-0.84575699005561178,0,-0.38529173707418074,0.31866954253954138,0
3.75,1,0.24482764915676805,-0.15651891034291049,0,-0.17547963478528908,-0.24332467564063814,0
3.7525,0,-0.3248778812115965,-0.84495915238825414,0,-0.38451978103986972,0.31960059134652874,0
3.7525,1,0.24438817180112038,-0.15712665924784144,0,-0.17610224973284272,-0.24287444830412214,0
3.755,0,-0.32583821300312604,-0.84415898955166602,0,-0.38374565218378393,0.3205296779239678,0
3.755,1,0.24394713938538226,-0.1577332806173293,0,-0.17672368285765355,-0.24242264728615537,0
3.7575,0,-0.32679660676279182,-0.84335650645728577,0,-0.38296935554882233,0.32145679758020346,0
3.7575,1,0.24350455486913647,-0.15833877052121717,0,-0.17734393013898872,-0.24196927582413782,0
3.76,0,-0.32775305707746039,-0.84255170802826462,0,-0.38219089618601632,0.32238194563673983,0
3.76,1,0.24306042122200566,-0.15894312503745478,0,-0.17796298756564666,-0.24151433716595314,0
3.7625,0,-0.32870755854663603,-0.84174459919943334,0,-0.38141027915449527,0.32330511742824325,0
3.7625,1,0.24261474142362863,-0.15954634025212464,0,-0.17858085113598532,-0.24105783456993729,0
3.765,0,-0.32966010578248095,-0.84093518491726982,0,-0.38062750952145197,0.32422630830254529,0
3.765,1,0.24216751846363621,-0.1601484122594681,0,-0.17919751685795035,-0.24059977130484725,0
3.7675,0,-0.3306106934098354,-0.84012347013986588,0,-0.37984259236210816,0.32514551362064564,0
3.7675,1,0.2417187553416274,-0.16074933716191145,0,-0.17981298074910318,-0.24014015064982958,0
3.77,0,-0.33155931606623762,-0.8393094598368942,0,-0.37905553275968024,0.32606272875671499,0
3.77,1,0.2412684550671452,-0.16134911107009173,0,-0.18042723883664885,-0.23967897589438891,0
3.7725,0,-0.33250596840194391,-0.83849315898957566,0,-0.37826633580534491,0.32697794909809769,0
3.7725,1,0.24081662065965256,-0.16194773010288266,0,-0.1810402871574639,-0.23921625033835639,0
3.775,0,-0.33345064507994837,-0.83767457259064637,0,-0.37747500659820504,0.32789117004531426,0
3.775,1,0.24036325514850809,-0.16254519038742044,0,-0.18165212175812406,-0.23875197729185796,0
3.7775,0,-0.33439334077600269,-0.8368537056443246,0,-0.3766815502452554,0.32880238701206421,0
3.7775,1,0.23990836157294176,-0.16314148805912937,0,-0.18226273869493179,-0.23828616007528261,0
3.78,0,-0.33533405017863593,-0.836030563166278,0,-0.37588597186134876,0.32971159542522838,0
3.78,1,0.23945194298203068,-0.16373661926174754,0,-0.1828721340339437,-0.23781880201925062,0
3.7825,0,-0.33627276798917405,-0.83520515018359032,0,-0.37508827656916177,0.33061879072487121,0
3.7825,1,0.2389940024346745,-0.16433058014735233,0,-0.18348030385099801,-0.23734990646458162,0
3.785,0,-0.33720948892175945,-0.83437747173472887,0,-0.37428846949916111,0.33152396836424319,0
3.785,1,0.23853454299957108,-0.1649233668763859,0,-0.18408724423174161,-0.23687947676226262,0
3.7875,0,-0.33814420770337034,-0.83354753286951133,0,-0.37348655578956969,0.33242712380978306,0
3.7875,1,0.23807356775519184,-0.1655149756176805,0,-0.18469295127165727,-0.23640751627341597,0
3.79,0,-0.33907691907384019,-0.83271533864907266,0,-0.37268254058633277,0.33332825254111992,0
3.79,1,0.23761107978975715,-0.16610540254848385,0,-0.1852974210760906,-0.23593402836926719,0
3.7925,0,-0.34000761778587696,-0.83188089414583244,0,-0.37187642904308438,0.33422735005107529,0
3.7925,1,0.2371470822012117,-0.16669464385448432,0,-0.18590064976027681,-0.23545901643111289,0
3.795,0,-0.34093629860508223,-0.8310442044434615,0,-0.37106822632111369,0.33512441184566505,0
3.795,1,0.23668157809719964,-0.16728269572983606,0,-0.1865026334493676,-0.23498248385028833,0
3.7975,0,-0.34186295630997027,-0.83020527463684934,0,-0.37025793758933151,0.3360194334441014,0
3.7975,1,0.23621457059503986,-0.16786955437718409,0,-0.18710336827845767,-0.23450443402813523,0
3.8,0,-0.34278758569198725,-0.82936410983207076,0,-0.36944556802423667,0.3369124103787946,0
3.8,1,0.23574606282170102,-0.16845521600768923,0,-0.1877028503926112,-0.23402487037596922,0
3.8025,0,-0.3437101815555299,-0.82852071514635306,0,-0.36863112280988286,0.3378033381953548,0
3.8025,1,0.23527605791377665,-0.169039676841053,0,-0.18830107594688833,-0.23354379631504746,0
3.805,0,-0.34463073871796457,-0.8276750957080431,0,-0.36781460713784514,0.33869221245259362,0
3.805,1,0.23480455901746008,-0.16962293310554249,0,-0.18889804110637129,-0.23306121527653598,0
3.8075,0,-0.34554925200964587,-0.82682725665657419,0,-0.36699602620718685,0.33957902872252577,0
3.8075,1,0.23433156928851939,-0.17020498103801501,0,-0.18949374204619066,-0.23257713070147706,0
3.81,0,-0.34646571627393541,-0.82597720314243306,0,-0.36617538522442644,0.34046378259037052,0
3.81,1,0.23385709189227222,-0.17078581688394281,0,-0.19008817495155123,-0.2320915460407566,0
3.8125,0,-0.34738012636722032,-0.82512494032712691,0,-0.36535268940350424,0.34134646965455312,0
3.8125,1,0.23338113000356059,-0.17136543689743761,0,-0.19068133601775805,-0.23160446475507124,0
3.815,0,-0.34829247715893191,-0.82427047338315029,0,-0.36452794396574967,0.34222708552670617,0
3.815,1,0.2329036868067256,-0.17194383734127505,0,-0.19127322145024206,-0.23111589031489557,0
3.8175,0,-0.34920276353156393,-0.82341380749395232,0,-0.36370115413984822,0.34310562583167087,0
3.8175,1,0.23242476549558205,-0.17252101448691923,0,-0.19186382746458586,-0.23062582620044922,0
3.82,0,-0.35011098038069099,-0.82255494785390337,0,-0.36287232516180862,0.34398208620749832,0
3.82,1,0.23194436927339313,-0.17309696461454688,0,-0.19245315028654911,-0.23013427590166383,0
3.8225,0,-0.35101712261498691,-0.82169389966826223,0,-0.36204146227493006,0.34485646230545042,0
3.8225,1,0.23146250135284482,-0.17367168401307165,0,-0.19304118615209404,-0.22964124291814997,0
3.825,0,-0.35192118515624277,-0.82083066815314287,0,-0.36120857072976953,0.34572874979000118,0
3.825,1,0.23097916495602044,-0.17424516898016829,0,-0.19362793130741063,-0.22914673075916411,0
3.8275,0,-0.35282316293938509,-0.81996525853548186,0,-0.36037365578410918,0.34659894433883748,0
3.8275,1,0.23049436331437501,-0.17481741582229671,0,-0.19421338200894186,-0.22865074294357537,0
3.83,0,-0.3537230509124939,-0.81909767605300476,0,-0.35953672270292375,0.34746704164286007,0
3.83,1,0.23000809966870958,-0.17538842085472597,0,-0.19479753452340873,-0.22815328299983229,0
3.8325,0,-0.35462084403682048,-0.81822792595419347,0,-0.35869777675834824,0.34833303740618449,0
3.8325,1,0.22952037726914554,-0.17595818040155817,0,-0.19538038512783507,-0.22765435446592938,0
3.835,0,-0.35551653728680549,-0.81735601349825304,0,-0.35785682322964546,0.34919692734614155,0
3.835,1,0.22903119937509878,-0.17652669079575228,0,-0.19596193010957241,-0.22715396088937395,0
3.8375,0,-0.3564101256500965,-0.81648194395507878,0,-0.35701386740317365,0.35005870719327825,0
3.8375,1,0.2285405692552539,-0.17709394837914794,0,-0.19654216576632469,-0.22665210582715248,0
3.84,0,-0.3573016041275659,-0.81560572260522302,0,-0.35616891457235439,0.35091837269135839,0
3.84,1,0.22804849018753828,-0.17765994950248901,0,-0.19712108840617268,-0.22614879284569714,0
3.8425,0,-0.35819096773332837,-0.81472735473986213,0,-0.35532197003764038,0.35177591959736298,0
3.8425,1,0.22755496545909606,-0.1782246905254472,0,-0.19769869434759849,-0.22564402552085222,0
3.845,0,-0.35907821149475855,-0.8138468456607636,0,-0.35447303910648342,0.35263134368149079,0
3.845,1,0.22705999836626217,-0.17878816781664558,0,-0.19827497991950982,-0.22513780743784051,0
3.8475,0,-0.35996333045250828,-0.81296420068025277,0,-0.35362212709330237,0.35348464072715879,0
3.8475,1,0.2265635922145362,-0.17935037775368193,0,-0.19884994146126417,-0.22463014219122951,0
3.85,0,-0.36084631966052422,-0.81207942512118003,0,-0.35276923931945126,0.35433580653100238,0
3.85,1,0.22606575031855625,-0.17991131672315208,0,-0.19942357532269281,-0.22412103338489775,0
3.8525,0,-0.36172717418606504,-0.81119252431688771,0,-0.35191438111318746,0.35518483690287578,0
3.8525,1,0.22556647600207272,-0.1804709811206732,0,-0.19999587786412476,-0.22361048463200081,0
3.855,0,-0.36260588910971858,-0.81030350361117676,0,-0.35105755780963993,0.35603172766585217,0
3.855,1,0.22506577259792204,-0.18102936735090686,0,-0.2005668454564106,-0.2230984995549376,0
3.8575,0,-0.36348245952541908,-0.80941236835827413,0,-0.3501987747507776,0.3568764746562238,0
3.8575,1,0.22456364344800034,-0.18158647182758217,0,-0.20113647448094604,-0.22258508178531625,0
3.86,0,-0.36435688054046428,-0.80851912392279945,0,-0.34933803728537766,0.35771907372350203,0
3.86,1,0.22406009190323703,-0.18214229097351872,0,-0.20170476132969561,-0.22207023496392014,0
3.8625,0,-0.36522914727553224,-0.80762377567973209,0,-0.34847535076899416,0.35855952073041747,0
3.8625,1,0.22355512132356839,-0.18269682122064945,0,-0.202271702405216,-0.22155396274067388,0
3.865,0,-0.36609925486469841,-0.80672632901437791,0,-0.34761072056392645,0.35939781155291978,0
3.865,1,0.22304873507791101,-0.18325005901004354,0,-0.2028372941206793,-0.22103626877460905,0
3.8675,0,-0.36696719845545228,-0.80582678932233653,0,-0.3467441520391879,0.36023394208017756,0
3.8675,1,0.22254093654413529,-0.1838020007919291,0,-0.20340153289989626,-0.2205171567338301,0
3.87,0,-0.36783297320871439,-0.80492516200946806,0,-0.34587565057047465,0.36106790821457824,0
3.87,1,0.22203172910903873,-0.18435264302571575,0,-0.20396441517733938,-0.21999663029548,0
3.8725,0,-0.36869657429885266,-0.80402145249186019,0,-0.3450052215401343,0.36189970587172771,0
3.8725,1,0.22152111616831935,-0.18490198218001722,0,-0.20452593739816563,-0.219474693145706,0
3.875,0,-0.36955799691369923,-0.803115666195795,0,-0.34413287033713491,0.36272933098045002,0
3.875,1,0.22100910112654884,-0.18545001473267389,0,-0.20508609601823946,-0.21895134897962523,0
3.8775,0,-0.37041723625456696,-0.8022078085577159,0,-0.34325860235703387,0.36355677948278708,0
3.8775,1,0.22049568739714584,-0.18599673717077503,0,-0.20564488750415535,-0.21842660150129029,0
3.88,0,-0.37127428753626568,-0.80129788502419497,0,-0.34238242300194693,0.36438204733399815,0
3.88,1,0.21998087840234906,-0.1865421459906812,0,-0.20620230833326036,-0.21790045442365466,0
3.8825,0,-0.37212914598711877,-0.80038590105189922,0,-0.34150433768051736,0.36520513050255926,0
3.8825,1,0.21946467757319038,-0.18708623769804644,0,-0.20675835499367662,-0.21737291146853827,0
3.885,0,-0.37298180684897925,-0.79947186210755827,0,-0.34062435180788514,0.36602602497016284,0
3.885,1,0.21894708834946788,-0.18762900880784036,0,-0.2073130239843235,-0.21684397636659286,0
3.8875,0,-0.37383226537724618,-0.79855577366793096,0,-0.33974247080565623,0.36684472673171686,0
3.8875,1,0.2184281141797188,-0.1881704558443702,0,-0.20786631181493989,-0.21631365285726734,0
3.89,0,-0.37468051684088061,-0.7976376412197721,0,-0.33885870010187186,0.36766123179534427,0
3.89,1,0.21790775852119249,-0.18871057534130276,0,-0.20841821500610613,-0.21578194468877301,0
3.8925,0,-0.37552655652242167,-0.79671747025979989,0,-0.33797304513097803,0.36847553618238221,0
3.8925,1,0.21738602483982328,-0.18924936384168628,0,-0.20896873008926603,-0.21524885561804891,0
3.895,0,-0.37637037971800263,-0.79579526629466268,0,-0.33708551133379505,0.36928763592738129,0
3.895,1,0.21686291661020327,-0.18978681789797225,0,-0.20951785360674854,-0.21471438941072687,0
3.8975,0,-0.37721198173736675,-0.79487103484090582,0,-0.33619610415748702,0.37009752707810456,0
3.8975,1,0.2163384373155551,-0.19032293407203704,0,-0.21006558211178952,-0.2141785498410968,0
3.9,0,-0.378051357903883,-0.79394478142493874,0,-0.33530482905553149,0.37090520569552671,0
3.9,1,0.21581259044770468,-0.19085770893520351,0,-0.21061191216855318,-0.21364134069207161,0
3.9025,0,-0.37888850355456205,-0.79301651158300202,0,-0.3344116914876894,0.37171066785383305,0
3.9025,1,0.21528537950705379,-0.19139113906826255,0,-0.21115684035215351,-0.21310276575515233,0
3.905,0,-0.37972341404007165,-0.79208623086113417,0,-0.33351669691997471,0.37251390964041847,0
3.905,1,0.21475680800255276,-0.19192322106149448,0,-0.21170036324867555,-0.21256282883039307,0
3.9075,0,-0.38055608472475239,-0.79115394481513879,0,-0.33261985082462436,0.37331492715588638,0
3.9075,1,0.21422687945167293,-0.19245395151469044,0,-0.21224247745519659,-0.21202153372636592,0
3.91,0,-0.38138651098663323,-0.79021965901055136,0,-0.33172115868006835,0.3741137165140474,0
3.91,1,0.21369559738037919,-0.19298332703717355,0,-0.21278317957980711,-0.21147888426012587,0
3.9125,0,-0.38221468821744692,-0.78928337902260637,0,-0.33082062597089962,0.37491027384191844,0
3.9125,1,0.21316296532310239,-0.19351134424782018,0,-0.21332246624163173,-0.21093488425717555,0
3.915,0,-0.38304061182264537,-0.78834511043620437,0,-0.32991825818784432,0.37570459527972111,0
3.915,1,0.21262898682271178,-0.19403799977508093,0,-0.21386033407084998,-0.21038953755143006,0
3.9175,0,-0.38386427722141486,-0.78740485884587863,0,-0.32901406082773199,0.37649667698088068,0
3.9175,1,0.21209366543048733,-0.1945632902570017,0,-0.21439677970871684,-0.20984284798518174,0
3.92,0,-0.38468567984669139,-0.78646262985576254,0,-0.32810803939346594,0.37728651511202455,0
3.92,1,0.21155700470609196,-0.19508721234124451,0,-0.2149317998075834,-0.2092948194090648,0
3.9225,0,-0.38550481514517571,-0.78551842907955627,0,-0.32720019939399353,0.3780741058529809,0
3.9225,1,0.21101900821754382,-0.19560976268510838,0,-0.21546539103091711,-0.20874545568201991,0
3.925,0,-0.38632167857734856,-0.78457226214049403,0,-0.32629054634427668,0.37885944539677713,0
3.925,1,0.21047967954118851,-0.19613093795554998,0,-0.21599755005332213,-0.20819476067125886,0
3.9275,0,-0.38713626561748549,-0.78362413467131098,0,-0.32537908576526242,0.37964252994963843,0
3.9275,1,0.20993902226167116,-0.19665073482920434,0,-0.21652827356055943,-0.20764273825222904,0
3.93,0,-0.38794857175367187,-0.78267405231421017,0,-0.32446582318385342,0.38042335573098618,0
3.93,1,0.20939703997190851,-0.19716914999240534,0,-0.21705755824956671,-0.20708939230857798,0
3.9325,0,-0.3887585924878178,-0.78172202072082964,0,-0.32355076413287887,0.3812019189734363,0
3.9325,1,0.20885373627306095,-0.1976861801412062,0,-0.21758540082847838,-0.20653472673211776,0
3.935,0,-0.3895663233356727,-0.78076804555220936,0,-0.32263391415106502,0.38197821592279751,0
3.935,1,0.20830911477450453,-0.19820182198139982,0,-0.21811179801664526,-0.20597874542278943,0
3.9375,0,-0.3903717598268403,-0.77981213247875825,0,-0.32171527878300626,0.38275224283806969,0
3.9375,1,0.2077631790938029,-0.1987160722285391,0,-0.2186367465446542,-0.20542145228862735,0
3.94,0,-0.39117489750479301,-0.77885428718022132,0,-0.32079486357913595,0.38352399599144205,0
3.94,1,0.20721593285667916,-0.19922892760795705,0,-0.21916024315434751,-0.20486285124572351,0
3.9425,0,-0.39197573192688656,-0.77789451534564669,0,-0.31987267409569742,0.38429347166829136,0
3.9425,1,0.20666737969698767,-0.19974038485478693,0,-0.2196822845988424,-0.20430294621819181,0
3.945,0,-0.3927742586643746,-0.7769328226733524,0,-0.31894871589471507,0.38506066616718004,0
3.945,1,0.20611752325668595,-0.20025044071398235,0,-0.22020286764255015,-0.20374174113813229,0
3.9475,0,-0.39357047330242295,-0.77596921487089365,0,-0.3180229945439656,0.3858255757998541,0
3.9475,1,0.20556636718580626,-0.200759091940337,0,-0.22072198906119525,-0.20317923994559525,0
3.95,0,-0.3943643714401241,-0.77500369765502974,0,-0.31709551561694921,0.38658819689124146,0
3.95,1,0.20501391514242748,-0.20126633529850468,0,-0.22123964564183432,-0.20261544658854552,0
3.9525,0,-0.39515594869051135,-0.7740362767516914,0,-0.3161662846928609,0.38734852577944967,0
3.9525,1,0.20446017079264658,-0.20177216756301891,0,-0.22175583418287501,-0.20205036502282644,0
3.955,0,-0.39594520068057315,-0.77306695789594737,0,-0.31523530735656208,0.38810655881576389,0
3.955,1,0.20390513781055036,-0.2022765855183126,0,-0.22227055149409466,-0.20148399921212398,0
3.9575,0,-0.39673212305126704,-0.77209574683197191,0,-0.31430258919855175,0.38886229236464492,0
3.9575,1,0.20334881987818693,-0.20277958595873766,0,-0.22278379439665894,-0.20091635312793074,0
3.96,0,-0.39751671145753392,-0.77112264931301144,0,-0.31336813581493833,0.38961572280372686,0
3.96,1,0.20279122068553718,-0.20328116568858445,0,-0.22329555972314022,-0.20034743074950995,0
3.9625,0,-0.39829896156831185,-0.77014767110135196,0,-0.31243195280741115,0.39036684652381504,0
3.9625,1,0.20223234393048634,-0.20378132152210116,0,-0.22380584431753603,-0.19977723606385939,0
3.965,0,-0.3990788690665501,-0.76917081796828612,0,-0.31149404578321227,0.3911156599288837,0
3.965,1,0.2016721933187953,-0.20428005028351306,0,-0.22431464503528709,-0.1992057730656753,0
3.9675,0,-0.39985642964922302,-0.76819209569407998,0,-0.31055442035510822,0.39186215943607372,0
3.9675,1,0.20111077256407206,-0.20477734880704179,0,-0.22482195874329552,-0.19863304575731627,0
3.97,0,-0.40063163902734361,-0.76721151006794031,0,-0.30961308214136196,0.39260634147569035,0
3.97,1,0.20054808538774302,-0.20527321393692441,0,-0.22532778231994274,-0.19805905814876704,0
3.9725,0,-0.40140449292597746,-0.76622906688798165,0,-0.30867003676570476,0.39334820249120067,0
3.9725,1,0.19998413551902422,-0.20576764252743238,0,-0.22583211265510722,-0.19748381425760225,0
3.975,0,-0.40217498708425625,-0.76524477196119356,0,-0.30772528985730829,0.39408773893923127,0
3.975,1,0.19941892669489261,-0.20626063144289056,0,-0.22633494665018222,-0.19690731810895032,0
3.9775,0,-0.40294311725539134,-0.76425863110340753,0,-0.30677884705075681,0.39482494728956585,0
3.9775,1,0.19885246266005727,-0.20675217755769607,0,-0.22683628121809332,-0.19632957373545706,0
3.98,0,-0.4037088792066873,-0.7632706501392641,0,-0.30583071398601913,0.39555982402514267,0
3.98,1,0.19828474716693051,-0.20724227775633694,0,-0.22733611328331588,-0.19575058517724936,0
3.9825,0,-0.40447226871955533,-0.76228083490218013,0,-0.30488089630842119,0.39629236564205195,0
3.9825,1,0.197715783975599,-0.20773092893341089,0,-0.2278344397818923,-0.19517035648189887,0
3.985,0,-0.40523328158952665,-0.7612891912343156,0,-0.30392939966861826,0.39702256864953328,0
3.985,1,0.19714557685379483,-0.20821812799364375,0,-0.22833125766144916,-0.19458889170438562,0
3.9875,0,-0.40599191362626563,-0.76029572498654119,0,-0.30297622972256733,0.39775042956997314,0
3.9875,1,0.19657412957686651,-0.20870387185190806,0,-0.22882656388121428,-0.19400619490706156,0
3.99,0,-0.40674816065358321,-0.75930044201840508,0,-0.3020213921314997,0.39847594493890209,0
3.99,1,0.19600144592774996,-0.2091881574332414,0,-0.22932035541203366,-0.19342227015961416,0
3.9925,0,-0.40750201850944995,-0.75830334819810019,0,-0.30106489256189362,0.39919911130499214,0
3.9925,1,0.19542752969693944,-0.20967098167286471,0,-0.22981262923638821,-0.19283712153902985,0
3.995,0,-0.40825348304600911,-0.75730444940243136,0,-0.3001067366854468,0.39991992523005393,0
3.995,1,0.19485238468245844,-0.21015234151620044,0,-0.23030338234841038,-0.19225075312955758,0
3.9975,0,-0.40900255012958975,-0.75630375151678253,0,-0.29914693017904936,0.40063838328903412,0
3.9975,1,0.19427601468983055,-0.21063223391889072,0,-0.23079261175390076,-0.19166316902267225,0
4,0,-0.40974921564071953,-0.75530126043508372,0,-0.29818547872475648,0.40135448207001234,0
4,1,0.19369842353205025,-0.21111065584681535,0,-0.23128031447034436,-0.19107437331703805,0
4.0025,0,-0.41049347547413767,-0.75429698205977846,0,-0.29722238800976136,0.40206821817419858,0
4.0025,1,0.19311961502955366,-0.21158760427610973,0,-0.23176648752692694,-0.19048437011847197,0
4.005,0,-0.41123532553880782,-0.75329092230179084,0,-0.29625766372636825,0.40277958821593007,0
4.005,1,0.1925395930101893,-0.21206307619318271,0,-0.23225112796455114,-0.18989316353990707,0
4.0075,0,-0.41197476175793074,-0.75228308708049263,0,-0.29529131157196553,0.40348858882266853,0
4.0075,1,0.19195836130918881,-0.21253706859473429,0,-0.23273423283585243,-0.18930075770135582,0
4.01,0,-0.41271178006895692,-0.75127348232367053,0,-0.29432333724899867,0.40419521663499713,0
4.01,1,0.19137592376913748,-0.21300957848777333,0,-0.23321579920521504,-0.18870715672987343,0
4.0125,0,-0.41344637642359933,-0.75026211396749354,0,-0.29335374646494372,0.40489946830661755,0
4.0125,1,0.19079228423994499,-0.21348060288963508,0,-0.23369582414878765,-0.18811236475952109,0
4.015,0,-0.41417854678784588,-0.74924898795647987,0,-0.29238254493228027,0.40560134050434693,0
4.015,1,0.19020744657881589,-0.21395013882799865,0,-0.23417430475449902,-0.18751638593132924,0
4.0175,0,-0.41490828714197181,-0.74823411024346431,0,-0.29140973836846518,0.40630082990811467,0
4.0175,1,0.18962141465022017,-0.2144181833409044,0,-0.23465123812207345,-0.18691922439326078,0
4.02,0,-0.41563559348055229,-0.74721748678956545,0,-0.29043533249590575,0.40699793321095962,0
4.02,1,0.18903419232586377,-0.2148847334767712,0,-0.23512662136304618,-0.18632088430017421,0
4.0225,0,-0.4163604618124746,-0.74619912356415297,0,-0.28945933304193333,0.40769264711902664,0
4.0225,1,0.18844578348465899,-0.21534978629441365,0,-0.23560045160077861,-0.18572136981378684,0
4.025,0,-0.41708288816095052,-0.74517902654481472,0,-0.288481745738777,0.40838496835156374,0
4.025,1,0.18785619201269493,-0.21581333886305917,0,-0.2360727259704733,-0.18512068510263791,0
4.0275,0,-0.41780286856352838,-0.74415720171732413,0,-0.2875025763235371,0.40907489364091854,0
4.0275,1,0.18726542180320785,-0.21627538826236503,0,-0.23654344161918903,-0.18451883434205166,0
4.03,0,-0.41852039907210553,-0.74313365507560736,0,-0.28652183053815911,0.40976241973253541,0
4.03,1,0.18667347675655155,-0.21673593158243523,0,-0.23701259570585564,-0.18391582171410054,0
4.0325,0,-0.41923547575294001,-0.74210839262171047,0,-0.28553951412940748,0.41044754338495193,0
4.0325,1,0.18608036078016763,-0.21719496592383733,0,-0.23748018540128865,-0.18331165140756811,0
4.035,0,-0.41994809468666283,-0.74108142036576707,0,-0.28455563284883945,0.41113026136979575,0
4.035,1,0.18548607778855575,-0.21765248839761919,0,-0.23794620788820389,-0.18270632761791217,0
4.0375,0,-0.42065825196828988,-0.74005274432596513,0,-0.28357019245277915,0.41181057047178121,0
4.0375,1,0.18489063170324396,-0.21810849612532562,0,-0.23841066036123199,-0.18209985454722771,0
4.04,0,-0.42136594370723374,-0.73902237052851449,0,-0.28258319870229148,0.41248846748870605,0
4.04,1,0.18429402645275875,-0.21856298623901493,0,-0.23887354002693256,-0.18149223640421,0
4.0425,0,-0.42207116602731554,-0.73799030500761431,0,-0.28159465736315648,0.413163949231448,0
4.0425,1,0.18369626597259531,-0.21901595588127534,0,-0.23933484410380854,-0.18088347740411745,0
4.045,0,-0.42277391506677681,-0.73695655380542002,0,-0.28060457420584339,0.41383701252396138,0
4.045,1,0.18309735420518763,-0.21946740220524141,0,-0.23979456982232011,-0.18027358176873462,0
4.0475,0,-0.42347418697829098,-0.73592112297201095,0,-0.279612955005485,0.41450765420327362,0
4.0475,1,0.18249729509987861,-0.21991732237461026,0,-0.24025271442489876,-0.17966255372633511,0
4.05,0,-0.42417197792897515,-0.73488401856535746,0,-0.27861980554185195,0.4151758711194819,0
4.05,1,0.18189609261289003,-0.22036571356365772,0,-0.24070927516596097,-0.17905039751164442,0
4.0525,0,-0.42486728410040164,-0.73384524665128836,0,-0.27762513159932728,0.41584166013574958,0
4.0525,1,0.18129375070729267,-0.22081257295725454,0,-0.24116424931192196,-0.17843711736580298,0
4.055,0,-0.42556010168860942,-0.73280481330345826,0,-0.27662893896688084,0.41650501812830271,0
4.055,1,0.18069027335297627,-0.2212578977508822,0,-0.24161763414120915,-0.17782271753632886,0
4.0575,0,-0.42625042690411558,-0.73176272460331482,0,-0.27563123343804402,0.41716594198642648,0
4.0575,1,0.18008566452661942,-0.22170168515064895,0,-0.24206942694427566,-0.17720720227708067,0
4.06,0,-0.42693825597192675,-0.73071898664006618,0,-0.27463202081088428,0.41782442861246166,0
4.06,1,0.17947992821165956,-0.22214393237330557,0,-0.24251962502361354,-0.17659057584822038,0
4.0625,0,-0.42762358513155035,-0.7296736055106483,0,-0.27363130688797993,0.41848047492180113,0
4.0625,1,0.17887306839826284,-0.22258463664626107,0,-0.24296822569376691,-0.17597284251617615,0
4.065,0,-0.42830641063700581,-0.72862658731969243,0,-0.27262909747639502,0.41913407784288598,0
4.065,1,0.17826508908329394,-0.2230237952075983,0,-0.24341522628134507,-0.17535400655360506,0
4.0675,0,-0.42898672875683586,-0.72757793817949235,0,-0.27162539838765415,0.41978523431720211,0
4.0675,1,0.17765599427028597,-0.22346140530608949,0,-0.24386062412503526,-0.17473407223935594,0
4.07,0,-0.42966453577411756,-0.72652766420997172,0,-0.27062021543771753,0.42043394129927647,0
4.07,1,0.17704578796941015,-0.22389746420121173,0,-0.24430441657561552,-0.1741130438584321,0
4.0725,0,-0.43033982798647341,-0.72547577153865184,0,-0.26961355444695595,0.42108019575667344,0
4.0725,1,0.17643447419744568,-0.22433196916316223,0,-0.24474660099596737,-0.17349092570195401,0
4.075,0,-0.43101260170608224,-0.72442226630061846,0,-0.26860542124012593,0.421723994669991,0
4.075,1,0.17582205697774936,-0.22476491747287358,0,-0.24518717476108817,-0.17286772206712214,0
4.0775,0,-0.43168285325969036,-0.72336715463848988,0,-0.26759582164634488,0.42236533503285717,0
4.0775,1,0.17520854034022537,-0.22519630642202895,0,-0.24562613525810365,-0.17224343725717958,0
4.08,0,-0.43235057898862211,-0.72231044270238387,0,-0.2665847614990664,0.42300421385192605,0
4.08,1,0.17459392832129489,-0.22562613331307715,0,-0.24606347988628002,-0.17161807558137473,0
4.0825,0,-0.43301577524879103,-0.72125213664988541,0,-0.26557224663605572,0.42364062814687414,0
4.0825,1,0.17397822496386575,-0.22605439545924752,0,-0.24649920605703626,-0.17099164135492401,0
4.085,0,-0.4336784384107103,-0.72019224264601378,0,-0.26455828289936489,0.42427457495039661,0
4.085,1,0.173361434317302,-0.22648109018456489,0,-0.24693331119395598,-0.1703641388989745,0
4.0875,0,-0.43433856485950362,-0.71913076686319055,0,-0.26354287613530852,0.42490605130820336,0
4.0875,1,0.17274356043739356,-0.22690621482386431,0,-0.24736579273279929,-0.16973557254056662,0
4.09,0,-0.43499615099491579,-0.71806771548120651,0,-0.2625260321944391,0.42553505427901522,0
4.09,1,0.17212460738632565,-0.22732976672280575,0,-0.24779664812151467,-0.16910594661259673,0
4.0925,0,-0.43565119323132323,-0.71700309468718959,0,-0.26150775693152289,0.42616158093456014,0
4.0925,1,0.17150457923264845,-0.22775174323788872,0,-0.24822587482025038,-0.16847526545377978,0
4.095,0,-0.43630368799774455,-0.71593691067557197,0,-0.26048805620551546,0.42678562835956924,0
4.095,1,0.17088348005124643,-0.22817214173646672,0,-0.24865347030136611,-0.16784353340861191,0
4.0975,0,-0.43695363173785084,-0.7148691696480578,0,-0.25946693587953745,0.42740719365177293,0
4.0975,1,0.17026131392330793,-0.22859095959676165,0,-0.24907943204944422,-0.16721075482733302,0
4.1,0,-0.43760102090997632,-0.71379987781359067,0,-0.25844440182085066,0.42802627392189702,0
4.1,1,0.16963808493629451,-0.22900819420787819,0,-0.24950375756130105,-0.16657693406588947,0
4.1025,0,-0.43824585198712845,-0.71272904138832127,0,-0.25742045990083368,0.42864286629365872,0
4.1025,1,0.16901379718391038,-0.22942384296981791,0,-0.24992644434599795,-0.16594207548589648,0
4.105,0,-0.43888812145699818,-0.71165666659557447,0,-0.25639511599495812,0.42925696790376283,0
4.105,1,0.16838845476607181,-0.22983790329349352,0,-0.25034748992485228,-0.16530618345460088,0
4.1075,0,-0.43952782582197031,-0.71058275966581741,0,-0.25536837598276457,0.42986857590189759,0
4.1075,1,0.16776206178887643,-0.23025037260074283,0,-0.25076689183144824,-0.16466926234484358,0
4.11,0,-0.44016496159913354,-0.70950732683662665,0,-0.25434024574783887,0.43047768745073078,0
4.11,1,0.16713462236457255,-0.23066124832434265,0,-0.25118464761164755,-0.16403131653502212,0
4.1125,0,-0.4407995253202906,-0.70843037435265588,0,-0.25331073117778813,0.43108429972590567,0
4.1125,1,0.16650614061152849,-0.23107052790802274,0,-0.25160075482360011,-0.16339235040905323,0
4.115,0,-0.44143151353196808,-0.70735190846560347,0,-0.25227983816421717,0.43168840991603713,0
4.115,1,0.16587662065420181,-0.23147820880647949,0,-0.25201521103775443,-0.16275236835633536,0
4.1175,0,-0.44206092279542675,-0.7062719354341801,0,-0.25124757260270492,0.43229001522270744,0
4.1175,1,0.16524606662310853,-0.23188428848538956,0,-0.25242801383686786,-0.16211137477171123,0
4.12,0,-0.44268774968667113,-0.70519046152407616,0,-0.25021394039278078,0.43288911286046228,0
4.12,1,0.16461448265479242,-0.23228876442142349,0,-0.25283916081601698,-0.1614693740554303,0
4.1225,0,-0.4433119907964595,-0.70410749300792963,0,-0.24917894743790112,0.43348570005680676,0
4.1225,1,0.16398187289179414,-0.23269163410225915,0,-0.25324864958260745,-0.16082637061311139,0
4.125,0,-0.44393364273031366,-0.70302303616529338,0,-0.24814259964542587,0.43407977405220116,0
4.125,1,0.16334824148262039,-0.23309289502659516,0,-0.25365647775638417,-0.16018236885570505,0
4.1275,0,-0.44455270210852871,-0.70193709728260301,0,-0.24710490292659523,0.43467133210005704,0
4.1275,1,0.16271359258171311,-0.23349254470416411,0,-0.25406264296944092,-0.15953737319945616,0
4.13,0,-0.44516916556618258,-0.70084968265314451,0,-0.24606586319650636,0.43526037146673296,0
4.13,1,0.16207793034941853,-0.23389058065574578,0,-0.25446714286623018,-0.15889138806586639,0
4.1325,0,-0.44578302975314582,-0.69976079857702167,0,-0.24502548637409013,0.43584688943153044,0
4.1325,1,0.16144125895195627,-0.23428700041318018,0,-0.25486997510357268,-0.15824441788165675,0
4.135,0,-0.44639429133409103,-0.69867045136112393,0,-0.24398377838208804,0.43643088328668983,0
4.135,1,0.16080358256138846,-0.23468180151938067,0,-0.2552711373506667,-0.15759646707872996,0
4.1375,0,-0.4470029469885024,-0.6975786473190938,0,-0.24294074514702915,0.43701235033738617,0
4.1375,1,0.16016490535558875,-0.23507498152834674,0,-0.25567062728909762,-0.15694754009413306,0
4.14,0,-0.44760899341068522,-0.69648539277129495,0,-0.24189639259920703,0.43759128790172502,0
4.14,1,0.15952523151821132,-0.23546653800517695,0,-0.25606844261284684,-0.15629764137001984,0
4.1425,0,-0.44821242730977506,-0.69539069404477938,0,-0.24085072667265692,0.43816769331073829,0
4.1425,1,0.1588845652386599,-0.2358564685260815,0,-0.25646458102830105,-0.15564677535361332,0
4.145,0,-0.44881324540974732,-0.69429455747325552,0,-0.23980375330513282,0.43874156390838004,0
4.145,1,0.15824291071205671,-0.23624477067839497,0,-0.2568590402542611,-0.15499494649716825,0
4.1475,0,-0.44941144444942632,-0.69319698939705565,0,-0.2387554784380847,0.43931289705152227,0
4.1475,1,0.15760027213921143,-0.23663144206058884,0,-0.25725181802195068,-0.15434215925793357,0
4.15,0,-0.45000702118249475,-0.69209799616310386,0,-0.23770590801663583,0.43988169010995082,0
4.15,1,0.15695665372659021,-0.23701648028228389,0,-0.25764291207502527,-0.1536884180981149,0
4.1525,0,-0.45059997237750249,-0.69099758412488343,0,-0.23665504798956008,0.4404479404663611,0
4.1525,1,0.15631205968628445,-0.23739988296426259,0,-0.25803232016958033,-0.15303372748483701,0
4.155,0,-0.45119029481787604,-0.68989575964240502,0,-0.23560290430925937,0.4410116455163538,0
4.155,1,0.15566649423597978,-0.23778164773848126,0,-0.25842004007416008,-0.15237809189010626,0
4.1575,0,-0.45177798530192731,-0.68879252908217403,0,-0.23454948293174116,0.44157280266843085,0
4.1575,1,0.15501996159892487,-0.23816177224808235,0,-0.2588060695697656,-0.15172151579077314,0
4.16,0,-0.45236304064286276,-0.68768789881715853,0,-0.23349478981659605,0.44213140934399103,0
4.16,1,0.15437246600390034,-0.23854025414740643,0,-0.25919040644986302,-0.15106400366849473,0
4.1625,0,-0.45294545766879224,-0.68658187522675684,0,-0.23243883092697532,0.4426874629773257,0
4.1625,1,0.15372401168518751,-0.23891709110200418,0,-0.25957304852039159,-0.15040556000969715,0
4.165,0,-0.45352523322273791,-0.68547446469676565,0,-0.23138161222956866,0.44324096101561467,0
4.165,1,0.1530746028825373,-0.23929228078864823,0,-0.25995399359977167,-0.14974618930553807,0
4.1675,0,-0.4541023641626431,-0.68436567361934753,0,-0.23032313969458201,0.4437919009189219,0
4.1675,1,0.15242424384113895,-0.23966582089534499,0,-0.26033323951891246,-0.14908589605186917,0
4.17,0,-0.45467684736138098,-0.68325550839299865,0,-0.22926341929571531,0.44434028016019117,0
4.17,1,0.15177293881158879,-0.24003770912134634,0,-0.26071078412121962,-0.14842468474919862,0
4.1725,0,-0.4552486797067633,-0.68214397542251681,0,-0.22820245701014039,0.44488609622524189,0
4.1725,1,0.15112069204985901,-0.24040794317716116,0,-0.26108662526260296,-0.14776255990265363,0
4.175,0,-0.45581785810154907,-0.68103108111896926,0,-0.22714025881847899,0.44542934661276473,0
4.175,1,0.15046750781726639,-0.24077652078456691,0,-0.26146076081148378,-0.14709952602194284,0
4.1775,0,-0.45638437946345312,-0.67991683189966046,0,-0.22607683070478082,0.44597002883431752,0
4.1775,1,0.14981339038044103,-0.241143439676621,0,-0.26183318864880212,-0.14643558762131892,0
4.18,0,-0.45694824072515472,-0.67880123418809968,0,-0.22501217865650155,0.44650814041432074,0
4.18,1,0.14915834401129499,-0.24150869759767207,0,-0.26220390666802401,-0.145770749219541,0
4.1825,0,-0.45750943883430595,-0.67768429441396916,0,-0.22394630866448106,0.44704367889005331,0
4.1825,1,0.14850237298699104,-0.24187229230337129,0,-0.26257291277514855,-0.14510501533983725,0
4.185,0,-0.45806797075354022,-0.67656601901309199,0,-0.22287922672292171,0.44757664181164836,0
4.185,1,0.1478454815899112,-0.24223422156068342,0,-0.26294020488871467,-0.14443839050986726,0
4.1875,0,-0.45862383346048058,-0.67544641442739983,0,-0.22181093882936651,0.44810702674208885,0
4.1875,1,0.14718767410762554,-0.24259448314789786,0,-0.26330578093980817,-0.14377087926168469,0
4.19,0,-0.45917702394774812,-0.6743254871049007,0,-0.22074145098467762,0.44863483125720327,0
4.19,1,0.14652895483286069,-0.2429530748546396,0,-0.26366963887206818,-0.14310248613169974,0
4.1925,0,-0.45972753922297022,-0.67320324349964711,0,-0.21967076919301473,0.44916005294566136,0
4.1925,1,0.14586932806346847,-0.24330999448188004,0,-0.26403177664169386,-0.14243321566064165,0
4.195,0,-0.46027537630878873,-0.67207969007170387,0,-0.21859889946181355,0.44968268940896977,0
4.195,1,0.14520879810239454,-0.24366523984194774,0,-0.26439219221745069,-0.14176307239352134,0
4.1975,0,-0.46082053224286823,-0.6709548332871158,0,-0.21752584780176437,0.45020273826146778,0
4.1975,1,0.14454736925764688,-0.24401880875853912,0,-0.26475088358067694,-0.14109206087959386,0
4.2,0,-0.46136300407790393,-0.66982867961787607,0,-0.21645162022679071,0.45072019713032296,0
4.2,1,0.14388504584226441,-0.24437069906672901,0,-0.2651078487252897,-0.14042018567232095,0
4.2025,0,-0.46190278888162994,-0.66870123554189376,0,-0.21537622275402801,0.45123506365552679,0
4.2025,1,0.14322183217428555,-0.24472090861298107,0,-0.26546308565779103,-0.13974745132933367,0
4.205,0,-0.46243988373682721,-0.66757250754296193,0,-0.21429966140380238,0.45174733548989049,0
4.205,1,0.14255773257671672,-0.24506943525515823,0,-0.2658165923972739,-0.13907386241239489,0
4.2075,0,-0.46297428574133148,-0.66644250211072575,0,-0.21322194219960944,0.45225701029904053,0
4.2075,1,0.14189275137750085,-0.24541627686253292,0,-0.26616836697542789,-0.13839942348736192,0
4.21,0,-0.4635059920080411,-0.66531122574065016,0,-0.21214307116809314,0.45276408576141441,0
4.21,1,0.14122689290948587,-0.24576143131579731,0,-0.26651840743654504,-0.13772413912414913,0
4.2125,0,-0.46403499966492501,-0.66417868493398802,0,-0.21106305433902481,0.45326855956825629,0
4.2125,1,0.14056016151039327,-0.24610489650707335,0,-0.26686671183752525,-0.13704801389669047,0
4.215,0,-0.46456130585503042,-0.66304488619774815,0,-0.20998189774528211,0.45377042942361273,0
4.215,1,0.13989256152278651,-0.24644667033992285,0,-0.26721327824788188,-0.13637105238290217,0
4.2175,0,-0.46508490773649053,-0.66190983604466325,0,-0.20889960742282815,0.45426969304432835,0
4.2175,1,0.13922409729403948,-0.24678675072935727,0,-0.26755810474974701,-0.13569325916464531,0
4.22,0,-0.46560580248253242,-0.66077354099315777,0,-0.20781618941069055,0.45476634816004141,0
4.22,1,0.13855477317630494,-0.24712513560184768,0,-0.26790118943787655,-0.13501463882768847,0
4.2225,0,-0.46612398728148446,-0.65963600756731622,0,-0.20673164975094072,0.45526039251317962,0
4.2225,1,0.13788459352648302,-0.24746182289533439,0,-0.26824253041965551,-0.13433519596167037,0
4.225,0,-0.46663945933678397,-0.65849724229685103,0,-0.20564599448867313,0.45575182385895574,0
4.225,1,0.13721356270618956,-0.24779681055923655,0,-0.26858212581510271,-0.13365493516006258,0
4.2275,0,-0.4671522158669848,-0.6573572517170706,0,-0.20455922967198456,0.45624063996536329,0
4.2275,1,0.1365416850817246,-0.2481300965544618,0,-0.26891997375687582,-0.13297386102013214,0
4.23,0,-0.46766225410576473,-0.65621604236884745,0,-0.20347136135195359,0.45672683861317226,0
4.23,1,0.13586896502404067,-0.24846167885341561,0,-0.26925607239027599,-0.1322919781429043,0
4.2325,0,-0.46816957130193293,-0.65507362079858611,0,-0.20238239558262,0.45721041759592473,0
4.2325,1,0.13519540690871126,-0.24879155544001064,0,-0.26959041987325238,-0.13160929113312514,0
4.235,0,-0.4686741647194374,-0.65392999355819126,0,-0.20129233842096425,0.45769137471993065,0
4.235,1,0.1345210151158992,-0.24911972430967608,0,-0.26992301437640681,-0.13092580459922437,0
4.2375,0,-0.4691760316373722,-0.65278516720503599,0,-0.20020119592688709,0.45816970780426342,0
4.2375,1,0.13384579403032495,-0.2494461834693667,0,-0.2702538540829979,-0.13024152315327805,0
4.24,0,-0.46967516934998482,-0.6516391483019297,0,-0.19910897416318926,0.4586454146807557,0
4.24,1,0.13316974804123502,-0.24977093093757202,0,-0.27058293718894549,-0.1295564514109713,0
4.2425,0,-0.47017157516668323,-0.65049194341708627,0,-0.1980156791955511,0.45911849319399511,0
4.2425,1,0.13249288154237029,-0.25009396474432521,0,-0.27091026190283451,-0.12887059399156112,0
4.245,0,-0.47066524641204333,-0.64934355912409214,0,-0.19692131709251232,0.45958894120131977,0
4.245,1,0.13181519893193436,-0.25041528293121196,0,-0.27123582644591926,-0.12818395551783907,0
4.2475,0,-0.47115618042581581,-0.64819400200187449,0,-0.1958258939254518,0.4600567565728142,0
4.2475,1,0.1311367046125618,-0.25073488355137935,0,-0.27155962905212699,-0.12749654061609422,0
4.25,0,-0.47164437456293334,-0.64704327863466937,0,-0.19472941576856756,0.46052193719130502,0
4.25,1,0.13045740299128655,-0.25105276466954457,0,-0.27188166796806185,-0.12680835391607581,0
4.2525,0,-0.47212982619351762,-0.64589139561198983,0,-0.19363188869885661,0.4609844809523565,0
4.2525,1,0.12977729847951022,-0.25136892436200337,0,-0.27220194145300847,-0.1261194000509562,0
4.255,0,-0.47261253270288633,-0.64473835952859404,0,-0.192533318796095,0.4614443857642665,0
4.255,1,0.12909639549297031,-0.25168336071663866,0,-0.27252044777893536,-0.12542968365729365,0
4.2575,0,-0.47309249149155996,-0.64358417698445358,0,-0.19143371214281782,0.46190164954806201,0
4.2575,1,0.12841469845170853,-0.25199607183292905,0,-0.27283718523049838,-0.12473920937499522,0
4.26,0,-0.47356969997526888,-0.64242885458472165,0,-0.19033307482429934,0.46235627023749509,0
4.26,1,0.1277322117800391,-0.25230705582195689,0,-0.27315215210504412,-0.12404798184727962,0
4.2625,0,-0.47404415558495994,-0.641272398939701,0,-0.18923141292853324,0.46280824577903845,0
4.2625,1,0.12704893990651703,-0.25261631080641678,0,-0.27346534671261286,-0.12335600572064019,0
4.265,0,-0.47451585576680338,-0.6401148166648124,0,-0.18812873254621273,0.46325757413188129,0
4.265,1,0.12636488726390632,-0.25292383492062359,0,-0.27377676737594164,-0.12266328564480775,0
4.2675,0,-0.47498479798219956,-0.63895611438056266,0,-0.18702503977071097,0.46370425326792497,0
4.2675,1,0.1256800582891483,-0.25322962631052048,0,-0.27408641243046733,-0.12196982627271356,0
4.27,0,-0.47545097970778555,-0.63779629871251298,0,-0.18592034069806129,0.46414828117177892,0
4.27,1,0.12499445742332981,-0.25353368313368696,0,-0.27439428022432921,-0.12127563226045236,0
4.2725,0,-0.47591439843544181,-0.63663537629124733,0,-0.18481464142693768,0.46458965584075629,0
4.2725,1,0.12430808911165143,-0.2538360035593466,0,-0.2747003691183717,-0.12058070826724526,0
4.275,0,-0.47637505167229877,-0.63547335375234026,0,-0.18370794805863525,0.46502837528486979,0
4.275,1,0.12362095780339578,-0.25413658576837489,0,-0.27500467748614704,-0.11988505895540282,0
4.2775,0,-0.47683293694074336,-0.63431023773632567,0,-0.18260026669705068,0.46546443752682748,0
4.2775,1,0.12293306795189571,-0.25443542795330698,0,-0.27530720371391765,-0.11918868899028801,0
4.28,0,-0.47728805177842548,-0.63314603488866461,0,-0.18149160344866291,0.46589784060202855,0
4.28,1,0.12224442401450249,-0.2547325283183452,0,-0.27560794620065837,-0.11849160304027936,0
4.2825,0,-0.47774039373826443,-0.63198075185971392,0,-0.1803819644225137,0.46632858255855913,0
4.2825,1,0.12155503045255409,-0.25502788507936647,0,-0.27590690335805884,-0.11779380577673397,0
4.285,0,-0.47818996038845529,-0.63081439530469419,0,-0.17927135573018826,0.46675666145718819,0
4.285,1,0.12086489173134335,-0.25532149646392982,0,-0.2762040736105254,-0.11709530187395059,0
4.2875,0,-0.4786367493124753,-0.62964697188365848,0,-0.17815978348579617,0.46718207537136325,0
4.2875,1,0.12017401232008622,-0.25561336071128365,0,-0.27649945539518317,-0.11639609600913282,0
4.29,0,-0.47908075810908995,-0.62847848826146024,0,-0.17704725380595199,0.46760482238720624,0
4.29,1,0.1194823966918899,-0.25590347607237302,0,-0.27679304716187791,-0.11569619286235221,0
4.2925,0,-0.4795219843923596,-0.62730895110772189,0,-0.17593377280975622,0.46802490060350949,0
4.2925,1,0.11879004932372107,-0.25619184080984658,0,-0.27708484737317768,-0.11499559711651139,0
4.295,0,-0.47996042579164527,-0.62613836709680282,0,-0.17481934661877624,0.46844230813173143,0
4.295,1,0.11809697469637413,-0.25647845319806384,0,-0.27737485450437455,-0.11429431345730735,0
4.2975,0,-0.48039607995161504,-0.62496674290776821,0,-0.17370398135702717,0.46885704309599252,0
4.2975,1,0.1174031772944393,-0.25676331152310194,0,-0.27766306704348603,-0.11359234657319463,0
4.3,0,-0.48082894453225,-0.62379408522435686,0,-0.17258768315095296,0.46926910363307117,0
4.3,1,0.11670866160627087,-0.25704641408276263,0,-0.27794948349125653,-0.11288970115534853,0
4.3025,0,-0.48125901720885045,-0.62262040073495006,0,-0.1714704581294075,0.46967848789239958,0
4.3025,1,0.11601343212395536,-0.25732775918657885,0,-0.27823410236115853,-0.11218638189762843,0
4.305,0,-0.48168629567204174,-0.62144569613253953,0,-0.17035231242363566,0.47008519403605964,0
4.305,1,0.11531749334327968,-0.25760734515582157,0,-0.27851692217939389,-0.11148239349654104,0
4.3075,0,-0.48211077762778037,-0.62026997811469597,0,-0.16923325216725449,0.47048922023877898,0
4.3075,1,0.11462084976369931,-0.25788517032350627,0,-0.27879794148489473,-0.1107777406512038,0
4.31,0,-0.48253246079735973,-0.6190932533835376,0,-0.1681132834962345,0.47089056468792673,0
4.31,1,0.11392350588830653,-0.25816123303439942,0,-0.27907715882932449,-0.11007242806330814,0
4.3125,0,-0.48295134291741615,-0.61791552864569832,0,-0.16699241254888095,0.47128922558350955,0
4.3125,1,0.11322546622379853,-0.25843553164502492,0,-0.27935457277707865,-0.10936646043708294,0
4.315,0,-0.48336742173993452,-0.61673681061229624,0,-0.16587064546581512,0.47168520113816764,0
4.315,1,0.11252673528044557,-0.25870806452367034,0,-0.27963018190528544,-0.10865984247925789,0
4.3175,0,-0.48378069503225424,-0.61555710599890201,0,-0.16474798838995577,0.47207848957717063,0
4.3175,1,0.1118273175720592,-0.25897883005039318,0,-0.27990398480380646,-0.10795257889902694,0
4.32,0,-0.48419116057707479,-0.61437642152550753,0,-0.16362444746650054,0.47246908913841357,0
4.32,1,0.11112721761596039,-0.259247826617027,0,-0.2801759800752372,-0.10724467440801179,0
4.3225,0,-0.48459881617246153,-0.61319476391649397,0,-0.16250002884290748,0.47285699807241305,0
4.3225,1,0.11042643993294772,-0.25951505262718727,0,-0.28044616633490721,-0.10653613372022532,0
4.325,0,-0.48500365963185127,-0.61201213990060055,0,-0.16137473866887658,0.47324221464230298,0
4.325,1,0.10972498904726549,-0.2597805064962776,0,-0.28071454221088055,-0.10582696155203518,0
4.3275,0,-0.48540568878405776,-0.61082855621089294,0,-0.16024858309633136,0.47362473712383096,0
4.3275,1,0.10902286948657194,-0.26004418665149531,0,-0.28098110634395579,-0.10511716262212732,0
4.33,0,-0.48580490147327743,-0.60964401958473147,0,-0.15912156827940055,0.47400456380535394,0
4.33,1,0.10832008578190741,-0.26030609153183731,0,-0.28124585738766616,-0.10440674165146956,0
4.3325,0,-0.48620129555909469,-0.60845853676373995,0,-0.15799370037439978,0.47438169298783461,0
4.3325,1,0.10761664246766248,-0.26056621958810572,0,-0.28150879400827927,-0.1036957033632752,0
4.335,0,-0.48659486891648746,-0.60727211449377416,0,-0.15686498553981326,0.47475612298483733,0
4.335,1,0.10691254408154613,-0.26082456928291353,0,-0.28176991488479697,-0.10298405248296673,0
4.3375,0,-0.48698561943583257,-0.60608475952488994,0,-0.1557354299362757,0.47512785212252412,0
4.3375,1,0.10620779516455393,-0.26108113909068992,0,-0.28202921870895514,-0.1022717937381394,0
4.34,0,-0.48737354502291114,-0.60489647861131224,0,-0.15460503972655409,0.47549687873965107,0
4.34,1,0.10550240026093621,-0.26133592749768575,0,-0.28228670418522311,-0.10155893185852501,0
4.3425,0,-0.48775864359891374,-0.60370727851140327,0,-0.15347382107552959,0.47586320118756414,0
4.3425,1,0.10479636391816619,-0.26158893300197883,0,-0.28254237003080318,-0.10084547157595564,0
4.345,0,-0.48814091310044588,-0.60251716598763105,0,-0.15234178015017949,0.47622681783019549,0
4.345,1,0.10408969068690814,-0.26184015411347916,0,-0.28279621497562996,-0.10013141762432738,0
4.3475,0,-0.48852035147953304,-0.60132614780653826,0,-0.15120892311955919,0.47658772704405961,0
4.3475,1,0.10338238512098565,-0.262089589353934,0,-0.28304823776236965,-0.099416774739564187,0
4.35,0,-0.48889695670362598,-0.60013423073871042,0,-0.15007525615478431,0.47694592721824947,0
4.35,1,0.10267445177734966,-0.26233723725693292,0,-0.283298437146419,-0.098701547659581695,0
4.3525,0,-0.48927072675560573,-0.59894142155874452,0,-0.14894078542901271,0.47730141675443272,0
4.3525,1,0.10196589521604675,-0.26258309636791272,0,-0.28354681189590447,-0.097985741124251097,0
4.355,0,-0.48964165963378881,-0.59774772704521795,0,-0.14780551711742665,0.47765419406684789,0
4.355,1,0.10125672000018728,-0.26282716524416222,0,-0.28379336079168116,-0.097269359875363046,0
4.3575,0,-0.49000975335193209,-0.59655315398065656,0,-0.14666945739721499,0.47800425758230064,0
4.3575,1,0.10054693069591351,-0.26306944245482716,0,-0.28403808262733138,-0.096552408656591593,0
4.36,0,-0.49037500593923805,-0.59535770915150343,0,-0.14553261244755539,0.47835160574016006,0
4.36,1,0.099836531872367892,-0.26330992658091473,0,-0.28428097620916359,-0.095834892213458187,0
4.3625,0,-0.49073741544035948,-0.59416139934808776,0,-0.14439498844959664,0.47869623699235481,0
4.3625,1,0.09912552810166117,-0.26354861621529818,0,-0.28452204035621081,-0.095116815293295673,0
4.365,0,-0.49109697991540452,-0.59296423136459309,0,-0.14325659158644094,0.47903814980336956,0
4.365,1,0.098413923958840618,-0.26378550996272132,0,-0.28476127390022915,-0.094398182645212311,0
4.3675,0,-0.49145369743994149,-0.59176621199902613,0,-0.1421174280431263,0.47937734265024112,0
4.3675,1,0.097701724021858213,-0.26402060643980291,0,-0.28499867568569603,-0.0936789990200559,0
4.37,0,-0.49180756610500365,-0.59056734805318511,0,-0.14097750400660897,0.47971381402255492,0
4.37,1,0.096988932871538827,-0.26425390427504097,0,-0.28523424456980867,-0.092959269170377876,0
4.3725,0,-0.49215858401709411,-0.58936764633262884,0,-0.13983682566574587,0.48004756242244129,0
4.3725,1,0.096275555091548462,-0.26448540210881694,0,-0.28546797942248192,-0.092238997850397478,0
4.375,0,-0.49250674929819038,-0.58816711364664509,0,-0.1386953992112771,0.48037858636457176,0
4.375,1,0.095561595268362429,-0.26471509859339987,0,-0.28569987912634653,-0.09151818981596592,0
4.3775,0,-0.49285206008574922,-0.58696575680821916,0,-0.1375532308358085,0.48070688437615561,0
4.3775,1,0.094847057991233566,-0.26494299239295049,0,-0.28592994257674698,-0.090796849824530651,0
4.38,0,-0.49319451453271124,-0.58576358263400274,0,-0.1364103267337943,0.48103245499693609,0
4.38,1,0.094131947852160461,-0.26516908218352503,0,-0.28615816868173921,-0.090074982635099596,0
4.3825,0,-0.49353411080750537,-0.58456059794428261,0,-0.13526669310151965,0.48135529677918698,0
4.3825,1,0.093416269445855682,-0.26539336665307917,0,-0.28638455636208843,-0.089352593008205458,0
4.385,0,-0.4938708470940536,-0.583356809562949,0,-0.13412233613708341,0.48167540828770894,0
4.385,1,0.092700027369713986,-0.26561584450147174,0,-0.28660910455126665,-0.088629685705870084,0
4.3875,0,-0.49420472159177542,-0.58215222431746461,0,-0.13297726204038082,0.48199278809982604,0
4.3875,1,0.091983226223780593,-0.26583651444046852,0,-0.28683181219545023,-0.087906265491568839,0
4.39,0,-0.49453573251559224,-0.58094684903883309,0,-0.13183147701308631,0.48230743480538218,0
4.39,1,0.091265870610719377,-0.26605537519374572,0,-0.28705267825351716,-0.087182337130195034,0
4.3925,0,-0.49486387809593191,-0.57974069056156796,0,-0.13068498725863628,0.48261934700673775,0
4.3925,1,0.090547965135781172,-0.26627242549689351,0,-0.28727170169704441,-0.08645790538802435,0
4.395,0,-0.49518915657873297,-0.57853375572366106,0,-0.12953779898221196,0.48292852331876601,0
4.395,1,0.08982951440677199,-0.26648766409741936,0,-0.28748888151030505,-0.08573297503267939,0
4.3975,0,-0.49551156622544912,-0.57732605136655157,0,-0.12838991839072234,0.48323496236884966,0
4.3975,1,0.089110523034021283,-0.2667010897547516,0,-0.28770421669026536,-0.085007550833094192,0
4.4,0,-0.49583110531305352,-0.57611758433509441,0,-0.12724135169278702,0.48353866279687746,0
4.4,1,0.08839099563035023,-0.2669127012402423,0,-0.28791770624658169,-0.084281637559478803,0
4.4025,0,-0.49614777213404293,-0.57490836147752922,0,-0.12609210509871938,0.48383962325524082,0
4.4025,1,0.087670936811040004,-0.26712249733717075,0,-0.28812934920159744,-0.083555239983283902,0
4.405,0,-0.49646156499644195,-0.57369838964544917,0,-0.12494218482050937,0.48413784240883045,0
4.405,1,0.086950351193800082,-0.26733047684074629,0,-0.28833914459033971,-0.082828362877165496,0
4.4075,0,-0.49677248222380732,-0.57248767569376935,0,-0.12379159707180673,0.48443331893503294,0
4.4075,1,0.086229243398736513,-0.26753663855811144,0,-0.28854709146051599,-0.082101011014949585,0
4.41,0,-0.49708052215523196,-0.57127622648069587,0,-0.12264034806790404,0.48472605152372739,0
4.41,1,0.08550761804832023,-0.26774098130834462,0,-0.28875318887251056,-0.08137318917159693,0
4.4125,0,-0.49738568314534898,-0.57006404886769457,0,-0.12148844402571989,0.48501603887728229,0
4.4125,1,0.084785479767355371,-0.26794350392246308,0,-0.28895743589938111,-0.080644902123167814,0
4.415,0,-0.49768796356433587,-0.56885114971945983,0,-0.12033589116378199,0.48530327971055204,0
4.415,1,0.084062833182947577,-0.26814420524342553,0,-0.28915983162685494,-0.079916154646786905,0
4.4175,0,-0.49798736179791836,-0.56763753590388299,0,-0.1191826957022105,0.48558777275087373,0
4.4175,1,0.083339682924472358,-0.26834308412613478,0,-0.28936037515332524,-0.079186951520608118,0
4.42,0,-0.49828387624737452,-0.5664232142920218,0,-0.11802886386270121,0.485869516738064,0
4.42,1,0.082616033623543389,-0.26854013943744026,0,-0.28955906558984718,-0.078457297523779501,0
4.4225,0,-0.49857750532953854,-0.56520819175806869,0,-0.11687440186850888,0.4861485104244157,0
4.4225,1,0.081891889913980914,-0.26873537005614051,0,-0.28975590206013385,-0.077727197436408269,0
4.425,0,-0.49886824747680469,-0.56399247517931983,0,-0.11571931594443052,0.48642475257469475,0
4.425,1,0.081167256431780063,-0.26892877487298544,0,-0.28995088370055239,-0.076996656039525713,0
4.4275,0,-0.49915610113713121,-0.56277607143614383,0,-0.11456361231678887,0.48669824196613698,0
4.4275,1,0.080442137815079223,-0.26912035279067864,0,-0.2901440096601195,-0.076265678115052318,0
4.43,0,-0.49944106477404399,-0.56155898741195065,0,-0.11340729721341569,0.48696897738844508,0
4.43,1,0.079716538704128453,-0.26931010272387967,0,-0.29033527910049739,-0.075534268445762817,0
4.4325,0,-0.49972313686664027,-0.56034122999316038,0,-0.1122503768636353,0.48723695764378527,0
4.4325,1,0.078990463741257844,-0.26949802359920594,0,-0.29052469119598934,-0.074802431815251355,0
4.435,0,-0.50000231590959265,-0.5591228060691722,0,-0.11109285749824804,0.48750218154678437,0
4.435,1,0.078263917570845942,-0.26968411435523487,0,-0.290712245133535,-0.074070173007896645,0
4.4375,0,-0.50027860041315231,-0.557903722532333,0,-0.10993474534951379,0.48776464792452673,0
4.4375,1,0.077536904839288143,-0.26986837394250579,0,-0.29089794011270609,-0.073337496808827216,0
4.44,0,-0.50055198890315311,-0.55668398627790661,0,-0.10877604665113552,0.48802435561655111,0
4.44,1,0.076809430194965139,-0.27005080132352166,0,-0.29108177534570151,-0.072604408003886664,0
4.4425,0,-0.50082247992101481,-0.55546360420404239,0,-0.10761676763824291,0.48828130347484777,0
4.4425,1,0.076081498288211341,-0.27023139547275099,0,-0.29126375005734256,-0.071870911379598973,0
4.445,0,-0.50109007202374678,-0.55424258321174402,0,-0.10645691454737592,0.48853549036385541,0
4.445,1,0.075353113771283328,-0.27041015537662938,0,-0.29144386348506807,-0.071137011723133914,0
4.4475,0,-0.50135476378395161,-0.55302093020483867,0,-0.10529649361646858,0.48878691516045819,0
4.4475,1,0.074624281298328335,-0.27058708003356113,0,-0.29162211487892942,-0.070402713822272409,0
4.45,0,-0.50161655378982828,-0.55179865208994561,0,-0.10413551108483254,0.4890355767539829,0
4.45,1,0.073895005525352692,-0.2707621684539207,0,-0.29179850350158532,-0.069668022465372015,0
4.4525,0,-0.50187544064517575,-0.55057575577644535,0,-0.10297397319314092,0.48928147404619593,0
4.4525,1,0.073165291110190336,-0.27093541966005408,0,-0.29197302862829683,-0.068932942441332412,0
4.455,0,-0.50213142296939639,-0.54935224817644845,0,-0.10181188618341201,0.48952460595130043,0
4.455,1,0.072435142712471312,-0.27110683268628022,0,-0.29214568954692177,-0.068197478539560999,0
4.4575,0,-0.50238449939749941,-0.54812813620476442,0,-0.10064925629899311,0.48976497139593356,0
4.4575,1,0.071704564993590278,-0.27127640657889207,0,-0.29231648555790957,-0.06746163554993842,0
4.46,0,-0.50263466858010386,-0.54690342677887049,0,-0.09948608978454436,0.49000256931916347,0
4.46,1,0.070973562616675021,-0.271444140396158,0,-0.29248541597429567,-0.066725418262784289,0
4.4625,0,-0.5028819291834421,-0.54567812681888095,0,-0.098322392886022583,0.49023739867248667,0
4.4625,1,0.070242140246555035,-0.2716100332083225,0,-0.29265248012169581,-0.065988831468822826,0
4.465,0,-0.50312627988936298,-0.54445224324751551,0,-0.097158171850665206,0.4904694584198252,0
4.465,1,0.069510302549730035,-0.27177408409760745,0,-0.29281767733830061,-0.065251879959148648,0
4.4675,0,-0.50336771939533498,-0.54322578299006885,0,-0.095993432926974209,0.49069874753752379,0
4.4675,1,0.068778054194338578,-0.27193629215821286,0,-0.29298100697486945,-0.064514568525192537,0
4.47,0,-0.50360624641444962,-0.54199875297437905,0,-0.094828182364700045,0.49092526501434736,0
4.47,1,0.068045399850126587,-0.2720966564963177,0,-0.29314246839472485,-0.063776901958687293,0
4.4725,0,-0.50384185967542405,-0.54077116013079674,0,-0.093662426414825695,0.49114900985147814,0
4.4725,1,0.067312344188416001,-0.27225517623008061,0,-0.29330206097374628,-0.063038885051633617,0
4.475,0,-0.50407455792260447,-0.53954301139215421,0,-0.092496171329550625,0.49136998106251306,0
4.475,1,0.06657889188207336,-0.27241185048964051,0,-0.29345978410036427,-0.062300522596266082,0
4.4775,0,-0.50430433991596924,-0.53831431369373428,0,-0.091329423362274911,0.49158817767346114,0
4.4775,1,0.065845047605478463,-0.27256667841711713,0,-0.293615637175554,-0.06156181938501909,0
4.48,0,-0.50453120443113153,-0.53708507397323901,0,-0.090162188767583293,0.49180359872274088,0
4.48,1,0.06511081603449298,-0.27271965916661151,0,-0.29376961961282916,-0.060822780210492929,0
4.4825,0,-0.50475515025934259,-0.53585529917075914,0,-0.08899447380122931,0.49201624326117765,0
4.4825,1,0.064376201846429143,-0.27287079190420638,0,-0.29392173083823564,-0.060083409865419886,0
4.485,0,-0.50497617620749424,-0.53462499622874271,0,-0.087826284720119413,0.49222611035200131,0
4.485,1,0.063641209720018424,-0.27302007580796644,0,-0.29407197029034488,-0.059343713142630365,0
4.4875,0,-0.50519428109812226,-0.53339417209196416,0,-0.086657627782297172,0.49243319907084343,0
4.4875,1,0.062905844335380184,-0.27316751006793849,0,-0.29422033742024739,-0.058603694835019107,0
4.49,0,-0.50540946376940876,-0.5321628337074934,0,-0.085488509246927497,0.49263750850573496,0
4.49,1,0.062170110373990443,-0.27331309388615166,0,-0.29436683169154615,-0.057863359735511419,0
4.4925,0,-0.50562172307518527,-0.53093098802466487,0,-0.084318935374280826,0.49283903775710375,0
4.4925,1,0.061434012518650577,-0.27345682647661734,0,-0.29451145258034978,-0.057122712637029484,0
4.495,0,-0.50583105788493532,-0.52969864199504624,0,-0.083148912425717453,0.49303778593777214,0
4.495,1,0.060697555453456058,-0.27359870706532918,0,-0.29465419957526567,-0.05638175833245871,0
4.4975,0,-0.50603746708379704,-0.52846580257240783,0,-0.081978446663671739,0.49323375217295456,0
4.4975,1,0.059960743863765237,-0.27373873489026301,0,-0.29479507217739309,-0.055640501614614139,0
4.5,0,-0.50624094957256616,-0.52723247671269136,0,-0.080807544351636493,0.49342693560025513,0
4.5,1,0.059223582436168098,-0.27387690920137653,0,-0.29493406990031606,-0.054898947276206894,0
4.5025,0,-0.50644150426769841,-0.52599867137397893,0,-0.079636211754147299,0.49361733536966529,0
4.5025,1,0.058486075858455083,-0.27401322926060906,0,-0.29507119227009643,-0.054157100109810709,0
4.505,0,-0.50663913010131201,-0.52476439351646242,0,-0.078464455136766864,0.49380495064356161,0
4.505,1,0.057748228819585877,-0.27414769434188113,0,-0.29520643882526637,-0.053414964907828467,0
4.5075,0,-0.50683382602119054,-0.52352965010241215,0,-0.077292280766069463,0.49398978059670334,0
4.5075,1,0.057010046009658269,-0.27428030373109397,0,-0.29533980911682123,-0.052672546462458836,0
4.51,0,-0.50702559099078515,-0.522294448096146,0,-0.076119694909625321,0.49417182441623031,0
4.51,1,0.056271532119876976,-0.27441105672612914,0,-0.29547130270821209,-0.051929849565662926,0
4.5125,0,-0.50721442398921712,-0.52105879446399861,0,-0.07494670383598509,0.49435108130166067,0
4.5125,1,0.05553269184252254,-0.27453995263684766,0,-0.29560091917533826,-0.051186879009131034,0
4.515,0,-0.50740032401128043,-0.51982269617429044,0,-0.073773313814664301,0.49452755046488872,0
4.515,1,0.054793529870920191,-0.27466699078508938,0,-0.29572865810653964,-0.050443639584249397,0
4.5175,0,-0.50758329006744396,-0.51858616019729664,0,-0.07259953111612788,0.49470123113018266,0
4.5175,1,0.054054050899408783,-0.27479217050467225,0,-0.29585451910258914,-0.04970013608206704,0
4.52,0,-0.50776332118385381,-0.51734919350521613,0,-0.071425362011774657,0.4948721225341825,0
4.52,1,0.053314259623309691,-0.27491549114139141,0,-0.29597850177668478,-0.048956373293262655,0
4.5225,0,-0.50794041640233589,-0.516111803072141,0,-0.07025081277392195,0.49504022392589814,0
4.5225,1,0.052574160738895787,-0.27503695205301815,0,-0.2961006057544418,-0.048212356008111565,0
4.525,0,-0.50811457478039801,-0.51487399587402527,0,-0.069075889675790078,0.49520553456670702,0
4.525,1,0.051833758943360377,-0.27515655260929883,0,-0.29622083067388488,-0.047468089016452691,0
4.5275,0,-0.50828579539123209,-0.51363577888865397,0,-0.067900598991487024,0.49536805373035236,0
4.5275,1,0.051093058934786217,-0.27527429219195398,0,-0.29633917618543992,-0.046723577107655637,0
4.53,0,-0.50845407732371639,-0.51239715909561234,0,-0.06672494699599299,0.49552778070294096,0
4.53,1,0.050352065412114511,-0.27539017019467676,0,-0.29645564195192597,-0.045978825070587773,0
4.5325,0,-0.50861941968241786,-0.51115814347625499,0,-0.065548939965145075,0.49568471478294124,0
4.5325,1,0.049610783075113921,-0.27550418602313198,0,-0.29657022764854696,-0.04523383769358142,0
4.535,0,-0.50878182158759377,-0.50991873901367479,0,-0.064372584175621944,0.49583885528118149,0
4.535,1,0.048869216624349635,-0.27561633909495448,0,-0.29668293296288339,-0.044488619764401056,0
4.5375,0,-0.50894128217519441,-0.50867895269267227,0,-0.063195885904928473,0.49599020152084783,0
4.5375,1,0.048127370761152428,-0.27572662883974774,0,-0.29679375759488402,-0.04374317607021061,0
4.54,0,-0.50909780059686482,-0.50743879149972437,0,-0.062018851431380501,0.49613875283748227,0
4.54,1,0.047385250187587755,-0.27583505469908243,0,-0.29690270125685714,-0.042997511397540794,0
4.5425,0,-0.50925137601994663,-0.50619826242295385,0,-0.060841487034089523,0.49628450857898104,0
4.5425,1,0.046642859606424857,-0.27594161612649465,0,-0.29700976367346227,-0.04225163053225648,0
4.545,0,-0.50940200762748045,-0.50495737245209815,0,-0.05966379899294745,0.49642746810559257,0
4.545,1,0.045900203721105905,-0.27604631258748435,0,-0.29711494458170123,-0.041505538259524168,0
4.5475,0,-0.50954969461820743,-0.50371612857847881,0,-0.05848579358861139,0.496567630789916,0
4.5475,1,0.045157287235715139,-0.27614914355951348,0,-0.29721824373090955,-0.040759239363779481,0
4.55,0,-0.50969443620657129,-0.50247453779497031,0,-0.057307477102488409,0.4967049960168991,0
4.55,1,0.044414114854948068,-0.27625010853200405,0,-0.29731966088274753,-0.040012738628694741,0
4.5525,0,-0.50983623162272029,-0.5012326070959694,0,-0.056128855816720363,0.49683956318383682,0
4.5525,1,0.043670691284080645,-0.27634920700633636,0,-0.29741919581119131,-0.039266040837146576,0
4.555,0,-0.50997508011250892,-0.49999034347736415,0,-0.05494993601416872,0.49697133170036956,0
4.555,1,0.042927021228938503,-0.27644643849584677,0,-0.29751684830252395,-0.038519150771183619,0
4.5575,0,-0.51011098093749963,-0.49874775393650311,0,-0.053770723978399382,0.49710030098848135,0
4.5575,1,0.04218310939586619,-0.27654180252582572,0,-0.29761261815532614,-0.037772073211994231,0
4.56,0,-0.51024393337496476,-0.49750484547216439,0,-0.052591225993667584,0.49722647048249852,0
4.56,1,0.041438960491696451,-0.27663529863351555,0,-0.29770650518046715,-0.037024812939874308,0
4.5625,0,-0.510373936717888,-0.49626162508452493,0,-0.051411448344902758,0.49734983962908785,0
4.5625,1,0.040694579223719496,-0.27672692636810814,0,-0.29779850920109552,-0.036277374734195136,0
4.565,0,-0.5105009902749662,-0.49501809977512951,0,-0.050231397317693424,0.49747040788725516,0
4.565,1,0.039949970299652339,-0.2768166852907426,0,-0.29788863005262961,-0.035529763373371305,0
4.5675,0,-0.51062509337061113,-0.49377427654686001,0,-0.049051079198272132,0.49758817472834382,0
4.5675,1,0.039205138427608116,-0.27690457497450283,0,-0.29797686758274827,-0.034781983634828692,0
4.57,0,-0.51074624534495083,-0.49253016240390457,0,-0.047870500273500365,0.49770313963603324,0
4.57,1,0.038460088316065455,-0.27699059500441509,0,-0.29806322165138116,-0.034034040294972479,0
4.5725,0,-0.51086444555383126,-0.49128576435172661,0,-0.046689666830853509,0.49781530210633734,0
4.5725,1,0.037714824673837855,-0.27707474497744522,0,-0.29814769213069925,-0.033285938129155271,0
4.575,0,-0.51097969336881788,-0.49004108939703417,0,-0.04550858515840582,0.49792466164760324,0
4.575,1,0.036969352210043098,-0.27715702450249624,0,-0.29823027890510512,-0.032537681911645223,0
4.5775,0,-0.51109198817719692,-0.488796144547749,0,-0.044327261544815394,0.49803121778050979,0
4.5775,1,0.036223675634072687,-0.27723743320040528,0,-0.29831098187122301,-0.031789276415594286,0
4.58,0,-0.51120132938197704,-0.48755093681297579,0,-0.043145702279309181,0.49813497003806634,0
4.58,1,0.035477799655561297,-0.27731597070394104,0,-0.29838980093788908,-0.03104072641300645,0
4.5825,0,-0.51130771640189077,-0.48630547320297118,0,-0.041963913651667968,0.49823591796561134,0
4.5825,1,0.03473172898435626,-0.27739263665780067,0,-0.29846673602614154,-0.030292036674706105,0
4.585,0,-0.51141114867139559,-0.48505976072911317,0,-0.040781901952211444,0.49833406112081108,0
4.585,1,0.033985468330487073,-0.27746743071860691,0,-0.29854178706921036,-0.029543211970306425,0
4.5875,0,-0.51151162564067554,-0.48381380640387006,0,-0.039599673471783212,0.49842939907365841,0
4.5875,1,0.033239022404134927,-0.277540352554905,0,-0.29861495401250737,-0.028794257068177832,0
4.59,0,-0.5116091467756424,-0.48256761724076991,0,-0.038417234501735856,0.49852193140647155,0
4.59,1,0.032492395915602275,-0.27761140184715949,0,-0.29868623681361595,-0.02804517673541651,0
4.5925,0,-0.51170371155793692,-0.48132120025436947,0,-0.03723459133391601,0.49861165771389299,0
4.5925,1,0.031745593575282401,-0.277680578287751,0,-0.29875563544228073,-0.027295975737812988,0
4.595,0,-0.51179531948493018,-0.48007456246022351,0,-0.036051750260649426,0.49869857760288816,0
4.595,1,0.030998620093629053,-0.27774788158097302,0,-0.29882314988039732,-0.02654665883982078,0
4.5975,0,-0.51188397006972441,-0.47882771087485398,0,-0.03486871757472608,0.49878269069274456,0
4.5975,1,0.030251480181126056,-0.27781331144302845,0,-0.29888878012200171,-0.02579723080452509,0
4.6,0,-0.51196966284115453,-0.47758065251571924,0,-0.033685499569385283,0.49886399661507047,0
4.6,1,0.02950417854825698,-0.27787686760202612,0,-0.29895252617325996,-0.025047696393611586,0
4.6025,0,-0.51205239734378916,-0.47633339440118316,0,-0.032502102538300784,0.49894249501379401,0
4.6025,1,0.028756719905474834,-0.27793854979797733,0,-0.29901438805245734,-0.024298060367335214,0
4.605,0,-0.51213217313793147,-0.47508594355048445,0,-0.031318532775565906,0.49901818554516214,0
4.605,1,0.028009108963171776,-0.27799835778279214,0,-0.29907436578998786,-0.023548327484489102,0
4.6075,0,-0.51220898979962048,-0.47383830698370583,0,-0.030134796575678687,0.49909106787773966,0
4.6075,1,0.027261350431648863,-0.27805629132027571,0,-0.29913245942834332,-0.022798502502373506,0
4.61,0,-0.51228284692063197,-0.47259049172174317,0,-0.028950900233527033,0.49916114169240822,0
4.61,1,0.026513449021085805,-0.27811235018612462,0,-0.29918866902210262,-0.022048590176764825,0
4.6125,0,-0.51235374410847934,-0.47134250478627471,0,-0.027766850044373879,0.49922840668236551,0
4.6125,1,0.025765409441510775,-0.27816653416792292,0,-0.29924299463792065,-0.021298595261884688,0
4.615,0,-0.51242168098641461,-0.47009435319973036,0,-0.026582652303842352,0.49929286255312433,0
4.615,1,0.025017236402770229,-0.27821884306513822,0,-0.2992954363545175,-0.020548522510369094,0
4.6175,0,-0.51248665719342934,-0.46884604398526081,0,-0.025398313307900967,0.49935450902251177,0
4.6175,1,0.024268934614498749,-0.27826927668911772,0,-0.29934599426266717,-0.019798376673237614,0
4.62,0,-0.51254867238425528,-0.46759758416670683,0,-0.0242138393528488,0.49941334582066838,0
4.62,1,0.023520508786088933,-0.27831783486308409,0,-0.29939466846518659,-0.019048162499862666,0
4.6225,0,-0.51260772622936546,-0.46634898076856846,0,-0.023029236735300697,0.49946937269004749,0
4.6225,1,0.022771963626661295,-0.27836451742213136,0,-0.29944145907692421,-0.018297884737938846,0
4.625,0,-0.51266381841497477,-0.46510024081597412,0,-0.021844511752172481,0.49952258938541433,0
4.625,1,0.022023303845034203,-0.27840932421322062,0,-0.29948636622474878,-0.017547548133452329,0
4.6275,0,-0.51271694864304085,-0.46385137133465004,0,-0.020659670700666165,0.49957299567384555,0
4.6275,1,0.021274534149693845,-0.27845225509517574,0,-0.29952939004753792,-0.016797157430650328,0
4.63,0,-0.51276711663126451,-0.46260237935088933,0,-0.019474719878255175,0.4996205913347283,0
4.63,1,0.020525659248764216,-0.27849330993867905,0,-0.29957053069616674,-0.016046717372010615,0
4.6325,0,-0.51281432211309064,-0.4613532718915212,0,-0.018289665582669576,0.49966537615975976,0
4.6325,1,0.019776683849977137,-0.27853248862626684,0,-0.29960978833349611,-0.015296232698211128,0
4.635,0,-0.51285856483770886,-0.46010405598388032,0,-0.017104514111881318,0.49970734995294652,0
4.635,1,0.019027612660642314,-0.27856979105232471,0,-0.29964716313436118,-0.014545708148099606,0
4.6375,0,-0.51289984457005378,-0.45885473865577586,0,-0.015919271764089464,0.49974651253060404,0
4.6375,1,0.018278450387617412,-0.27860521712308317,0,-0.29968265528555971,-0.013795148458663326,0
4.64,0,-0.51293816109080603,-0.45760532693546091,0,-0.014733944837705458,0.49978286372135605,0
4.64,1,0.017529201737278163,-0.27863876675661275,0,-0.29971626498584009,-0.01304455836499888,0
4.6425,0,-0.51297351419639237,-0.45635582785160156,0,-0.013548539631338364,0.4998164033661342,0
4.6425,1,0.0167798714154885,-0.27867043988281937,0,-0.29974799244588968,-0.012293942600282028,0
4.645,0,-0.51300590369898624,-0.45510624843324615,0,-0.012363062443780133,0.49984713131817743,0
4.645,1,0.016030464127570733,-0.27870023644343939,0,-0.29977783788832291,-0.011543305895737613,0
4.6475,0,-0.51303532942650842,-0.45385659570979464,0,-0.011177519573990869,0.49987504744303168,0
4.6475,1,0.015280984578275742,-0.2787281563920348,0,-0.29980580154766906,-0.010792652980609545,0
4.65,0,-0.51306179122262729,-0.45260687671096766,0,-0.0099919173210840911,0.49990015161854945,0
4.65,1,0.014531437471753205,-0.27875419969398824,0,-0.2998318836703604,-0.010041988582130845,0
4.6525,0,-0.51308528894675909,-0.45135709846677585,0,-0.0088062619843120148,0.49992244373488953,0
4.6525,1,0.013781827511521854,-0.27877836632649777,0,-0.29985608451471996,-0.0092913174254937638,0
4.655,0,-0.51310582247406833,-0.45010726800748907,0,-0.007620559863050826,0.49994192369451651,0
4.655,1,0.013032159400439768,-0.27880065627857192,0,-0.29987840435094937,-0.0085406442338199547,0
4.6575,0,-0.51312339169546817,-0.44885739236360567,0,-0.0064348172567859595,0.49995859141220073,0
4.6575,1,0.012282437840674686,-0.27882106955102437,0,-0.29989884346111639,-0.0077899737281307236,0
4.66,0,-0.51313799651762049,-0.44760747856582167,0,-0.0052490404650973859,0.49997244681501785,0
4.66,1,0.011532667533674362,-0.27883960615646869,0,-0.29991740213914281,-0.0070393106273173396,0
4.6625,0,-0.51314963686293646,-0.44635753364499997,0,-0.0040632357876448939,0.49998348984234875,0
4.6625,1,0.010782853180136944,-0.27885626611931297,0,-0.29993408069079175,-0.0062886596481114138,0
4.665,0,-0.51315831266957623,-0.44510756463213969,0,-0.0028774095241533796,0.49999172044587936,0
4.665,1,0.010032999479981385,-0.27887104947575442,0,-0.29994887943365534,-0.005538025505055345,0
4.6675,0,-0.51316402389144944,-0.44385757855834534,0,-0.001691567974398137,0.49999713858960038,0
4.6675,1,0.0092831111323178877,-0.27888395627377383,0,-0.29996179869714207,-0.0047874129104728304,0
4.67,0,-0.51316677049821513,-0.44260758245479609,0,-0.00050571743819014642,0.49999974424980737,0
4.67,1,0.0085331928354183805,-0.27889498657312994,0,-0.29997283882246412,-0.0040368265744394468,0
4.6725,0,-0.51316655247528209,-0.44135758335271497,0,0.00068013578463863109,0.49999953741510056,0
4.6725,1,0.0077832492866870195,-0.27890414044535394,0,-0.29998200016262466,-0.0032862712047532945,0
4.675,0,-0.5131633698238085,-0.44010758828333812,0,0.0018659853942499624,0.49999651808638479,0
4.675,1,0.0070332851826307319,-0.27891141797374353,0,-0.29998928308240508,-0.0025357515069057116,0
4.6775,0,-0.51315722256070218,-0.43885760427788406,0,0.0030518250908140509,0.49999068627686971,0
4.6775,1,0.0062833052188297853,-0.27891681925335721,0,-0.29999468795835199,-0.0017852721840520567,0
4.68,0,-0.51314811071862054,-0.43760763836752287,0,0.0042376485745242408,0.49998204201206958,0
4.68,1,0.0055333140899083899,-0.27892034439100849,0,-0.29999821517876452,-0.0010348379369825547,0
4.6825,0,-0.51313603434597033,-0.43635769758334553,0,0.0054234495456117297,0.49997058532980349,0
4.6825,1,0.0047833164895053331,-0.27892199350525981,0,-0.29999986514368115,-0.00028445346409321551,0
4.685,0,-0.51312099350690787,-0.43510778895633301,0,0.0066092217043602743,0.49995631628019532,0
4.685,1,0.0040333171102446483,-0.27892176672641661,0,-0.2999996382648667,0.00046587653864318349,0
4.6875,0,-0.51310298828133849,-0.43385791951732566,0,0.0077949587511209027,0.49993923492567416,0
4.6875,1,0.0032833206437063163,-0.2789196641965212,0,-0.29999753496579906,0.0012161473777060443,0
4.69,0,-0.51308201876491666,-0.43260809629699237,0,0.0089806543863266263,0.49991934134097415,0
4.69,1,0.0025333317803969972,-0.27891568606934652,0,-0.2999935556816562,0.001966354362055828,0
4.6925,0,-0.5130580850690456,-0.43135832632579973,0,0.010166302310507155,0.49989663561313497,0
4.6925,1,0.0017833552097207986,-0.27890983251038998,0,-0.29998770085930271,0.002716492803162867,0
4.695,0,-0.51303118732087705,-0.43010861663398142,0,0.011351896224303614,0.4998711178415019,0
4.695,1,0.0010333956199500745,-0.27890210369686724,0,-0.29997997095727658,0.0034665580150361067,0
4.6975,0,-0.51300132566331103,-0.42885897425150737,0,0.012537429828483266,0.49984278813772626,0
4.6975,1,0.00028345769819625893,-0.27889249981770564,0,-0.29997036644577574,0.0042165453142517812,0
4.7,0,-0.51296850025499552,-0.42760940620805299,0,0.013722896823954228,0.49981164662576555,0
4.7,1,-0.00046645386961926627,-0.27888102107353785,0,-0.29995888780664448,0.0049664500199820176,0
4.7025,0,-0.5129327112703258,-0.42635991953296842,0,0.014908290911780208,0.499777693441884,0
4.7025,1,-0.001216334398794272,-0.27886766767669535,0,-0.29994553553336012,0.005716267454023375,0
4.705,0,-0.51289395889944456,-0.42511052125524773,0,0.016093605793195229,0.49974092873465276,0
4.705,1,-0.0019661792058747463,-0.27885243985120178,0,-0.29993031013101912,0.0064659929408253103,0
4.7075,0,-0.51285224334824109,-0.42386121840349822,0,0.017278835169618367,0.49970135266495047,0
4.7075,1,-0.0027159836086839248,-0.27883533783276637,0,-0.29991321211632371,0.0072156218075185774,0
4.71,0,-0.51280756483835077,-0.42261201800590958,0,0.018463972742668495,0.49965896540596372,0
4.71,1,-0.0034657429263512895,-0.27881636186877706,0,-0.29989424201756787,0.0079651493839435587,0
4.7125,0,-0.51275992360715472,-0.42136292709022316,0,0.019649012214179026,0.49961376714318739,0
4.7125,1,-0.0042154524793415289,-0.2787955122182938,0,-0.29987340037462373,0.0087145710026785232,0
4.715,0,-0.51270931990777924,-0.42011395268370116,0,0.02083394728621266,0.49956575807442544,0
4.715,1,-0.004965107589483468,-0.27877278915204162,0,-0.29985068773892753,0.0094638819990678184,0
4.7175,0,-0.51265575400909513,-0.41886510181309589,0,0.022018771661076155,0.49951493840979116,0
4.7175,1,-0.0057147035799989601,-0.27874819295240372,0,-0.29982610467346582,0.010213077711249994,0
4.72,0,-0.51259922619571707,-0.41761638150461899,0,0.02320347904133508,0.49946130837170799,0
4.72,1,-0.0064642357755317443,-0.27872172391341443,0,-0.2997996517527613,0.01096215348018585,0
4.7225,0,-0.51253973676800313,-0.41636779878391073,0,0.024388063129828587,0.49940486819491015,0
4.7225,1,-0.0072136995021762698,-0.27869338234075208,0,-0.29977132956285896,0.011711104649686421,0
4.725,0,-0.51247728604205378,-0.41511936067600902,0,0.025572517629684193,0.49934561812644312,0
4.725,1,-0.0079630900875064838,-0.2786631685517319,0,-0.29974113870131175,0.012459926566440885,0
4.7275,0,-0.51241187434971125,-0.41387107420531888,0,0.026756836244332571,0.49928355842566463,0
4.7275,1,-0.0087124028606045817,-0.27863108287529881,0,-0.29970907977716649,0.013208614580044412,0
4.73,0,-0.51234350203855894,-0.4126229463955815,0,0.027941012677522331,0.49921868936424507,0
4.73,1,-0.0094616331520897268,-0.27859712565201999,0,-0.29967515341094958,0.013957164043025928,0
4.7325,0,-0.51227216947192034,-0.41137498426984348,0,0.029125040633334834,0.49915101122616856,0
4.7325,1,-0.010210776294146729,-0.27856129723407763,0,-0.29963936023465271,0.014705570310875823,0
4.735,0,-0.51219787702885844,-0.41012719485042609,0,0.030308913816199001,0.49908052430773359,0
4.735,1,-0.010959827620554693,-0.27852359798526144,0,-0.2996017008917185,0.015453828742073579,0
4.7375,0,-0.51212062510417455,-0.4088795851588945,0,0.031492625930906126,0.49900722891755389,0
4.7375,1,-0.011708782466715624,-0.27848402828096119,0,-0.2995621760370259,0.016201934698115334,0
4.74,0,-0.51204041410840762,-0.40763216221602688,0,0.032676170682624718,0.49893112537655937,0
4.74,1,-0.012457636169683001,-0.27844258850815912,0,-0.2995207863368759,0.016949883543541367,0
4.7425,0,-0.51195724446783319,-0.40638493304178369,0,0.033859541776915331,0.4988522140179969,0
4.7425,1,-0.013206384068190318,-0.27839927906542222,0,-0.29947753246897685,0.017697670645963524,0
4.745,0,-0.51187111662446239,-0.40513790465527688,0,0.035042732919745419,0.49877049518743133,0
4.745,1,-0.013955021502679577,-0.27835410036289465,0,-0.2994324151224298,0.018445291376092566,0
4.7475,0,-0.51178203103604081,-0.40389108407473917,0,0.036225737817504197,0.4986859692427465,0
4.7475,1,-0.014703543815329756,-0.27830705282228985,0,-0.29938543499771392,0.019192741107765438,0
4.75,0,-0.51168998817604761,-0.40264447831749306,0,0.037408550177017517,0.49859863655414627,0
4.75,1,-0.015451946350085238,-0.27825813687688267,0,-0.29933659280667158,0.019940015217972489,0
4.7525,0,-0.51159498853369434,-0.40139809439992019,0,0.038591163705562745,0.49850849750415543,0
4.7525,1,-0.016200224452684195,-0.27820735297150162,0,-0.29928588927249378,0.020687109086884602,0
4.755,0,-0.51149703261392376,-0.40015193933743048,0,0.039773572110883657,0.49841555248762093,0
4.755,1,-0.016948373470686943,-0.27815470156252065,0,-0.29923332512970513,0.021434018097880262,0
4.7575,0,-0.5113961209374086,-0.39890602014443133,0,0.040955769101205353,0.49831980191171293,0
4.7575,1,-0.017696388753504259,-0.27810018311785134,0,-0.29917890112414885,0.022180737637572542,0
4.76,0,-0.51129225404055056,-0.39766034383429677,0,0.042137748385249175,0.498221246195926,0
4.76,1,-0.01844426565242566,-0.27804379811693458,0,-0.29912261801297202,0.022927263095836037,0
4.7625,0,-0.51118543247547865,-0.39641491741933677,0,0.043319503672247642,0.49811988577208016,0
4.7625,1,-0.019191999520647637,-0.27798554705073247,0,-0.29906447656461033,0.023673589865833705,0
4.765,0,-0.51107565681004841,-0.39516974791076626,0,0.044501028671959396,0.49801572108432229,0
4.765,1,-0.019939585713301868,-0.27792543042172013,0,-0.29900447755877302,0.024419713344043654,0
4.7675,0,-0.51096292762784012,-0.39392484231867442,0,0.045682317094684156,0.49790875258912731,0
4.7675,1,-0.020687019587483368,-0.27786344874387719,0,-0.29894262178642783,0.025165628930285847,0
4.77,0,-0.51084724552815763,-0.39268020765199391,0,0.046863362651277711,0.49779898075529938,0
4.77,1,-0.021434296502278634,-0.27779960254267966,0,-0.29887891004978562,0.025911332027748736,0
4.7725,0,-0.51072861112602708,-0.39143585091846983,0,0.048044159053166891,0.4976864060639733,0
4.7725,1,-0.022181411818793722,-0.27773389235509122,0,-0.29881334316228519,0.026656818043015833,0
4.775,0,-0.51060702505219513,-0.3901917791246291,0,0.049224700012364585,0.49757102900861583,0
4.775,1,-0.022928360900182302,-0.27766631872955483,0,-0.29874592194857802,0.027402082386092194,0
4.7775,0,-0.51048248795312778,-0.38894799927574952,0,0.050404979241484758,0.49745285009502721,0
4.7775,1,-0.023675139111673665,-0.27759688222598417,0,-0.29867664724451276,0.028147120470430852,0
4.78,0,-0.51035500049100868,-0.38770451837582909,0,0.05158499045375748,0.49733186984134231,0
4.78,1,-0.024421741820600706,-0.27752558341575495,0,-0.29860551989711981,0.028891927712959151,0
4.7825,0,-0.51022456334373767,-0.38646134342755489,0,0.052764727363043988,0.49720808877803241,0
4.7825,1,-0.025168164396427849,-0.27745242288169614,0,-0.29853254076459584,0.029636499534105038,0
4.785,0,-0.51009117720492902,-0.3852184814322725,0,0.053944183683851753,0.49708150744790636,0
4.785,1,-0.025914402210778953,-0.27737740121808124,0,-0.29845771071628824,0.030380831357823261,0
4.7875,0,-0.50995484278391001,-0.383975939389955,0,0.055123353131349563,0.49695212640611236,0
4.7875,1,-0.026660450637465163,-0.27730051903061942,0,-0.29838103063267951,0.031124918611621494,0
4.79,0,-0.5098155608057191,-0.38273372429917218,0,0.056302229421382619,0.49681994622013931,0
4.79,1,-0.027406305052512726,-0.27722177693644667,0,-0.29830250140537162,0.031868756726586414,0
4.7925,0,-0.50967333201110432,-0.38149184315705975,0,0.057480806270487676,0.49668496746981861,0
4.7925,1,-0.028151960834190779,-0.27714117556411666,0,-0.29822212393707026,0.032612341137409677,0
4.795,0,-0.50952815715652133,-0.3802503029592883,0,0.058659077395908164,0.49654719074732562,0
4.795,1,-0.028897413363039078,-0.27705871555359191,0,-0.29813989914156908,0.033355667282413834,0
4.7975,0,-0.50938003701413193,-0.37900911070003268,0,0.05983703651560935,0.49640661665718128,0
4.7975,1,-0.029642658021895706,-0.27697439755623443,0,-0.29805582794373386,0.034098730603578174,0
4.8,0,-0.50922897237180209,-0.37776827337194091,0,0.061014677348293515,0.49626324581625397,0
4.8,1,-0.030387690195924733,-0.27688822223479675,0,-0.29796991127948663,0.034841526546564514,0
4.8025,0,-0.50907496403309993,-0.37652779796610342,0,0.062191993613415153,0.49611707885376111,0
4.8025,1,-0.031132505272643829,-0.27680019026341263,0,-0.29788215009578972,0.035584050560742861,0
4.805,0,-0.50891801281729421,-0.37528769147202212,0,0.063368979031196176,0.49596811641127087,0
4.805,1,-0.031877098641951852,-0.2767103023275877,0,-0.29779254535062982,0.036326298099217065,0
4.8075,0,-0.50875811955935191,-0.37404796087757963,0,0.064545627322641158,0.495816359142704,0
4.8075,1,-0.032621465696156392,-0.27661855912419009,0,-0.29770109801300193,0.037068264618850363,0
4.81,0,-0.50859528510993668,-0.37280861316900832,0,0.06572193220955258,0.49566180771433571,0
4.81,1,-0.033365601830001264,-0.27652496136144117,0,-0.29760780906289325,0.037809945580290868,0
4.8125,0,-0.50842951033540651,-0.37156965533085939,0,0.066897887414546123,0.49550446280479737,0
4.8125,1,-0.034109502440693967,-0.27642950975890579,0,-0.29751267949126708,0.038551336447996958,0
4.815,0,-0.50826079611781194,-0.37033109434597206,0,0.068073486661065954,0.49534432510507859,0
4.815,1,-0.034853162927933112,-0.27633220504748296,0,-0.2974157103000466,0.03929243269026262,0
4.8175,0,-0.50808914335489386,-0.36909293719544256,0,0.069248723673400042,0.49518139531852889,0
4.8175,1,-0.035596578693935794,-0.27623304796939607,0,-0.29731690250209863,0.040033229779242722,0
4.82,0,-0.50791455296008126,-0.36785519085859331,0,0.070423592176695499,0.49501567416085984,0
4.82,1,-0.036339745143464941,-0.27613203927818331,0,-0.2972162571212173,0.040773723190978182,0
4.8225,0,-0.50773702586248914,-0.36661786231294202,0,0.071598085896973945,0.49484716236014692,0
4.8225,1,-0.037082657683856594,-0.27602917973868779,0,-0.2971137751921078,0.041513908405421088,0
4.825,0,-0.50755656300691654,-0.3653809585341708,0,0.072772198561146903,0.49467586065683161,0
4.825,1,-0.037825311725047189,-0.27592447012704796,0,-0.29700945776036991,0.042253780906459752,0
4.8275,0,-0.5073731653538438,-0.3641444864960951,0,0.073945923897031196,0.49450176980372329,0
4.8275,1,-0.038567702679600753,-0.27581791123068744,0,-0.29690330588248159,0.042993336181943675,0
4.83,0,-0.50718683387943075,-0.36290845317063292,0,0.075119255633364371,0.49432489056600148,0
4.83,1,-0.039309825962736085,-0.27570950384830539,0,-0.29679532062578251,0.043732569723708432,0
4.8325,0,-0.50699756957551423,-0.36167286552777389,0,0.076292187499820169,0.49414522372121777,0
4.8325,1,-0.040051676992353888,-0.27559924878986625,0,-0.29668550306845742,0.044471477027600501,0
4.835,0,-0.50680537344960563,-0.36043773053554823,0,0.077464713227024001,0.49396277005929812,0
4.835,1,-0.040793251189063857,-0.27548714687658987,0,-0.29657385429951971,0.045210053593502018,0
4.8375,0,-0.50661024652488862,-0.3592030551599959,0,0.078636826546568464,0.49377753038254485,0
4.8375,1,-0.04153454397621175,-0.27537319894094131,0,-0.29646037541879461,0.045948294925355453,0
4.84,0,-0.50641218984021663,-0.35796884636513565,0,0.079808521191028825,0.49358950550563896,0
4.84,1,-0.042275550779906371,-0.27525740582662062,0,-0.2963450675369026,0.046686196531188197,0
4.8425,0,-0.50621120445011036,-0.35673511111293404,0,0.080979790893978637,0.49339869625564231,0
4.8425,1,-0.043016267029046554,-0.2751397683885527,0,-0.29622793177524265,0.047423753923137114,0
4.845,0,-0.50600729142475542,-0.35550185636327447,0,0.082150629390005253,0.49320510347199986,0
4.845,1,-0.043756688155348077,-0.27502028749287694,0,-0.29610896926597552,0.048160962617472984,0
4.8475,0,-0.50580045184999955,-0.35426908907392629,0,0.083321030414725508,0.49300872800654194,0
4.8475,1,-0.044496809593370552,-0.27489896401693681,0,-0.29598818115200681,0.048897818134624883,0
4.85,0,-0.5055906868273502,-0.35303681620051375,0,0.08449098770480129,0.49280957072348663,0
4.85,1,-0.045236626780544277,-0.2747757988492695,0,-0.29586556858697022,0.049634315999204495,0
4.8525,0,-0.50537799747397172,-0.3518050446964851,0,0.085660494997955208,0.49260763249944206,0
4.8525,1,-0.045976135157197,-0.27465079288959549,0,-0.29574113273521041,0.05037045174003036,0
4.855,0,-0.50516238492268306,-0.35057378151308155,0,0.086829546032986302,0.49240291422340871,0
4.855,1,-0.046715330166580721,-0.27452394704880778,0,-0.29561487477176629,0.051106220890152015,0
4.8575,0,-0.50494385032195455,-0.3493430335993063,0,0.087998134549785736,0.49219541679678191,0
4.8575,1,-0.047454207254898371,-0.27439526224896149,0,-0.29548679588235388,0.051841618986874095,0
4.86,0,-0.50472239483590564,-0.34811280790189364,0,0.089166254289352556,0.49198514113335434,0
4.86,1,-0.048192761871330501,-0.27426473942326318,0,-0.29535689726334924,0.052576641571780353,0
4.8625,0,-0.50449801964430174,-0.34688311136527777,0,0.090333898993809447,0.49177208815931828,0
4.8625,1,-0.048930989468061903,-0.27413237951606001,0,-0.2952251801217714,0.053311284190757584,0
4.865,0,-0.50427072594255151,-0.34565395093156204,0,0.091501062406418518,0.49155625881326825,0
4.865,1,-0.049668885500308201,-0.27399818348282906,0,-0.2950916456752653,0.054045542394019513,0
4.8675,0,-0.50404051494170399,-0.34442533354048771,0,0.092667738271597161,0.49133765404620355,0
4.8675,1,-0.050406445426342386,-0.27386215229016636,0,-0.29495629515208444,0.054779411736130573,0
4.87,0,-0.50380738786844581,-0.34319726612940304,0,0.093833920334933887,0.49111627482153075,0
4.87,1,-0.051143664707521332,-0.27372428691577616,0,-0.29481912979107378,0.055512887776029633,0
4.8725,0,-0.50357134596509812,-0.34196975563323229,0,0.094999602343204204,0.49089212211506622,0
4.8725,1,-0.05188053880831224,-0.27358458834845983,0,-0.29468015084165239,0.056245966077053643,0
4.875,0,-0.50333239048961365,-0.34074280898444465,0,0.09616477804438657,0.4906651969150389,0
4.875,1,-0.05261706319631905,-0.27344305758810483,0,-0.29453935956379612,0.056978642206961208,0
4.8775,0,-0.50309052271557353,-0.33951643311302321,0,0.097329441187678292,0.4904355002220927,0
4.8775,1,-0.05335323334230882,-0.27329969564567369,0,-0.29439675722802028,0.057710911737956082,0
4.88,0,-0.50284574393218451,-0.33829063494643397,0,0.09849358552351152,0.49020303304928942,0
4.88,1,-0.054089044720238046,-0.27315450354319287,0,-0.2942523451153623,0.058442770246710601,0
4.8825,0,-0.5025980554442756,-0.33706542140959472,0,0.09965720480356928,0.48996779642211125,0
4.8825,1,-0.054824492807278954,-0.2730074823137415,0,-0.29410612451736406,0.059174213314389032,0
4.885,0,-0.50234745857229512,-0.33584079942484402,0,0.10082029278080148,0.48972979137846356,0
4.885,1,-0.05555957308384573,-0.2728586330014402,0,-0.29395809673605472,0.059905236526670846,0
4.8875,0,-0.50209395465230733,-0.33461677591191008,0,0.10198284320944102,0.48948901896867775,0
4.8875,1,-0.056294281033620712,-0.27270795666143965,0,-0.29380826308393287,0.060635835473773929,0
4.89,0,-0.50183754503598921,-0.33339335778787982,0,0.10314484984501984,0.48924548025551379,0
4.89,1,-0.057028612143580563,-0.27255545435990935,0,-0.29365662488394917,0.061366005750477709,0
4.8925,0,-0.50157823109062749,-0.33217055196716772,0,0.1043063064443851,0.48899917631416318,0
4.8925,1,-0.057762561904022361,-0.27240112717402609,0,-0.29350318346948867,0.062095742956146213,0
4.895,0,-0.50131601419911487,-0.3309483653614847,0,0.10546720676571533,0.48875010823225185,0
4.895,1,-0.058496125808589663,-0.27224497619196247,0,-0.29334794018435312,0.062825042694751046,0
4.8975,0,-0.5010508957599471,-0.3297268048798071,0,0.10662754456853667,0.48849827710984278,0
4.8975,1,-0.059229299354298534,-0.27208700251287543,0,-0.29319089638274337,0.063553900574894309,0
4.9,0,-0.50078287718721926,-0.32850587742834547,0,0.10778731361373903,0.48824368405943919,0
4.9,1,-0.059962078041563519,-0.27192720724689451,0,-0.29303205342924155,0.064282312209831424,0
4.9025,0,-0.50051195991062258,-0.32728558991051371,0,0.10894650766359244,0.4879863302059872,0
4.9025,1,-0.060694457374223562,-0.27176559151511037,0,-0.2928714126987933,0.065010273217493905,0
4.905,0,-0.50023814537544087,-0.32606594922689763,0,0.11010512048176332,0.48772621668687893,0
4.905,1,-0.061426432859567913,-0.27160215644956287,0,-0.29270897557669007,0.065737779220512035,0
4.9075,0,-0.49996143504254698,-0.32484696227522408,0,0.11126314583333081,0.48746334465195529,0
4.9075,1,-0.062158000008361962,-0.27143690319322944,0,-0.29254474345855103,0.066464825846237488,0
4.91,0,-0.49968183038839931,-0.32362863595032976,0,0.11242057748480316,0.48719771526350919,0
4.91,1,-0.062889154334873035,-0.27126983290001316,0,-0.29237871775030549,0.067191408726765864,0
4.9125,0,-0.49939933290503813,-0.32241097714413003,0,0.11357740920413414,0.48692932969628833,0
4.9125,1,-0.063619891356896136,-0.27110094673473101,0,-0.29221089986817472,0.067917523498959159,0
4.915,0,-0.49911394410008203,-0.3211939927455878,0,0.11473363476073947,0.48665818913749848,0
4.915,1,-0.064350206595779669,-0.27093024587310172,0,-0.29204129123865413,0.068643165804468151,0
4.9175,0,-0.49882566549672419,-0.31997768964068241,0,0.11588924792551333,0.48638429478680634,0
4.9175,1,-0.0650800955764511,-0.27075773150173393,0,-0.29186989329849516,0.069368331289754726,0
4.92,0,-0.49853449863372873,-0.3187620747123785,0,0.11704424247084486,0.4861076478563427,0
4.92,1,-0.06580955382744258,-0.2705834048181141,0,-0.29169670749468729,0.070093015606114112,0
4.9225,0,-0.49824044506542686,-0.3175471548405947,0,0.11819861217063468,0.48582824957070569,0
4.9225,1,-0.066538576880916495,-0.27040726703059437,0,-0.29152173528443998,0.070817214409697071,0
4.925,0,-0.4979435063617132,-0.31633293690217262,0,0.11935235080031158,0.48554610116696373,0
4.925,1,-0.067267160272691001,-0.27022931935838035,0,-0.29134497813516458,0.071540923361531963,0
4.9275,0,-0.49764368410804172,-0.31511942777084562,0,0.12050545213684906,0.48526120389465877,0
4.9275,1,-0.067995299542265533,-0.270049563031519,0,-0.29116643752445603,0.072264138127546812,0
4.93,0,-0.4973409799054222,-0.31390663431720756,0,0.12165790995878202,0.48497355901580952,0
4.93,1,-0.068722990232846198,-0.26986799929088634,0,-0.29098611494007481,0.072986854378591218,0
4.9325,0,-0.49703539537041597,-0.31269456340868163,0,0.1228097180462235,0.48468316780491466,0
4.9325,1,-0.069450227891371202,-0.269684629388175,0,-0.29080401187992877,0.07370906779045823,0
4.935,0,-0.49672693213513208,-0.31148322190948929,0,0.12396087018088137,0.48439003154895605,0
4.935,1,-0.070177008068536176,-0.26949945458588204,0,-0.29062012985205465,0.074430774043906189,0
4.9375,0,-0.49641559184722339,-0.31027261668061884,0,0.12511136014607516,0.48409415154740204,0
4.9375,1,-0.070903326318819487,-0.26931247615729631,0,-0.29043447037459996,0.075151968824680435,0
4.94,0,-0.49610137616988237,-0.30906275457979432,0,0.12626118172675288,0.48379552911221063,0
4.94,1,-0.071629178200507487,-0.26912369538648606,0,-0.29024703497580462,0.075872647823534936,0
4.9425,0,-0.49578428678183706,-0.30785364246144425,0,0.12741032870950783,0.48349416556783303,0
4.9425,1,-0.072354559275719724,-0.26893311356828631,0,-0.2900578251939826,0.076592806736253918,0
4.945,0,-0.49546432537734691,-0.30664528717667044,0,0.12855879488259558,0.48319006225121675,0
4.945,1,-0.073079465110434075,-0.26874073200828641,0,-0.28986684257750345,0.077312441263673329,0
4.9475,0,-0.49514149366619875,-0.30543769557321665,0,0.12970657403595087,0.48288322051180904,0
4.9475,1,-0.073803891274511924,-0.26854655202281719,0,-0.28967408868477396,0.078031547111702293,0
4.95,0,-0.4948157933737023,-0.30423087449543745,0,0.13085365996120457,0.48257364171156036,0
4.95,1,-0.074527833341723165,-0.26835057493893838,0,-0.28947956508421963,0.078750119991344458,0
4.9525,0,-0.49448722624068614,-0.30302483078426684,0,0.13200004645170077,0.48226132722492776,0
4.9525,1,-0.075251286889771271,-0.26815280209442582,0,-0.28928327335426623,0.079468155618719324,0
4.955,0,-0.49415579402349336,-0.30181957127718706,0,0.13314572730251378,0.48194627843887811,0
4.955,1,-0.075974247500318254,-0.26795323483775857,0,-0.28908521508332119,0.080185649715083393,0
4.9575,0,-0.49382149849397711,-0.30061510280819737,0,0.13429069631046531,0.48162849675289188,0
4.9575,1,-0.076696710759009593,-0.26775187452810617,0,-0.28888539186975504,0.080902598006851359,0
4.96,0,-0.49348434143949632,-0.29941143220778255,0,0.13543494727414152,0.48130798357896631,0
4.96,1,-0.077418672255499144,-0.26754872253531559,0,-0.28868380532188292,0.081618996225617135,0
4.9625,0,-0.49314432466291125,-0.29820856630288184,0,0.13657847399391029,0.48098474034161914,0
4.9625,1,-0.078140127583473926,-0.26734378023989835,0,-0.28848045705794589,0.082334840108174892,0
4.965,0,-0.49280144998257897,-0.29700651191685745,0,0.13772127027193848,0.48065876847789191,0
4.965,1,-0.078861072340678975,-0.26713704903301744,0,-0.28827534870609223,0.083050125396539942,0
4.9675,0,-0.49245571923234877,-0.29580527586946337,0,0.13886332991220912,0.48033006943735368,0
4.9675,1,-0.079581502128942036,-0.26692853031647429,0,-0.2880684819043588,0.083764847837969586,0
4.97,0,-0.49210713426155783,-0.29460486497681404,0,0.14000464672053878,0.47999864468210446,0
4.97,1,-0.080301412554198301,-0.26671822550269558,0,-0.28785985830065219,0.084479003184983914,0
4.9725,0,-0.49175569693502641,-0.29340528605135291,0,0.14114521450459491,0.47966449568677888,0
4.9725,1,-0.081020799226515033,-0.26650613601472012,0,-0.28764947955273018,0.085192587195386471,0
4.975,0,-0.4914014091330533,-0.29220654590182127,0,0.14228502707391333,0.47932762393854977,0
4.975,1,-0.081739657760116172,-0.26629226328618555,0,-0.28743734732818282,0.085905595632284906,0
4.9775,0,-0.49104427275141099,-0.29100865133322668,0,0.14342407823991554,0.47898803093713171,0
4.9775,1,-0.08245798377340692,-0.26607660876131506,0,-0.28722346330441362,0.086618024264111526,0
4.98,0,-0.4906842897013412,-0.28981160914681176,0,0.14456236181592638,0.47864571819478469,0
4.98,1,-0.083175772888998217,-0.2658591738949041,0,-0.28700782916862072,0.087329868864643737,0
4.9825,0,-0.49032146190954978,-0.28861542614002289,0,0.14569987161719145,0.47830068723631786,0
4.9825,1,-0.083893020733731213,-0.26563996015230701,0,-0.28679044661777803,0.088041125213024513,0
4.985,0,-0.48995579131820216,-0.28742010910647864,0,0.14683660146089472,0.47795293959909319,0
4.985,1,-0.084609722938701712,-0.26541896900942352,0,-0.2865713173586163,0.088751789093782674,0
4.9875,0,-0.48958727988491835,-0.28622566483593848,0,0.14797254516617625,0.47760247683302898,0
4.9875,1,-0.085325875139284482,-0.26519620195268523,0,-0.28635044310760416,0.089461856296853187,0
4.99,0,-0.48921592958276794,-0.28503210011427144,0,0.14910769655414974,0.47724930050060382,0
4.99,1,-0.086041472975157643,-0.26497166047904219,0,-0.28612782559092925,0.090171322617597319,0
4.9925,0,-0.48884174240026534,-0.28383942172342458,0,0.15024204944792038,0.47689341217686021,0
4.9925,1,-0.086756512090326907,-0.26474534609594919,0,-0.28590346654447918,0.090880183856822769,0
4.995,0,-0.48846472034136468,-0.28264763644139174,0,0.15137559767260253,0.47653481344940835,0
4.995,1,-0.087470988133149782,-0.26451726032135214,0,-0.28567736771382252,0.091588435820803726,0
4.9975,0,-0.48808486542545476,-0.28145675104218193,0,0.15250833505533759,0.47617350591842983,0
4.9975,1,-0.088184896756359793,-0.26428740468367451,0,-0.28544953085418961,0.092296074321300811,0
5,0,-0.48770217968735396,-0.28026677229578806,0,0.15364025542531187,0.47580949119668153,0
5,1,-0.088898233617090594,-0.26405578072180341,0,-0.28521995773045383,0.093003095175580974,0
5.0025,0,-0.4873166651773051,-0.27907770696815531,0,0.15477135261377448,0.47544277090949938,0
5.0025,1,-0.089610994376900052,-0.2638223899850759,0,-0.28498865011711211,0.093709494206437344,0
5.005,0,-0.4869283239609703,-0.27788956182114993,0,0.15590162045405526,0.47507334669480217,0
5.005,1,-0.090323174701794282,-0.26358723403326512,0,-0.28475560979826597,0.094415267242208945,0
5.0075,0,-0.48653715811942577,-0.27670234361252755,0,0.15703105278158291,0.47470122020309546,0
5.0075,1,-0.091034770262251624,-0.26335031443656637,0,-0.28452083856760252,0.095120410116800391,0
5.01,0,-0.48614316974915639,-0.27551605909590182,0,0.15815964343390293,0.47432639309747532,0
5.01,1,-0.09174577673324659,-0.26311163277558325,0,-0.28428433822837501,0.095824918669701498,0
5.0125,0,-0.48574636096205065,-0.27433071502071293,0,0.15928738625069577,0.47394886705363232,0
5.0125,1,-0.092456189794273794,-0.26287119064131359,0,-0.2840461105933838,0.096528788746006788,0
5.015,0,-0.48534673388539501,-0.27314631813219609,0,0.16041427507379502,0.47356864375985536,0
5.015,1,-0.093166005129371718,-0.26262898963513553,0,-0.28380615748495702,0.097232016196434998,0
5.0175,0,-0.48494429066186878,-0.27196287517134998,0,0.16154030374720557,0.47318572491703564,0
5.0175,1,-0.093875218427146578,-0.26238503136879332,0,-0.2835644807349314,0.097934596877348415,0
5.02,0,-0.48453903344953836,-0.27078039287490535,0,0.1626654661171219,0.47280011223867052,0
5.02,1,-0.09458382538079603,-0.26213931746438318,0,-0.28332108218463292,0.09863652665077223,0
5.0225,0,-0.48413096442185205,-0.26959887797529342,0,0.1637897560319464,0.47241180745086747,0
5.0225,1,-0.095291821688132897,-0.2618918495543392,0,-0.28307596368485755,0.099337801384413754,0
5.025,0,-0.48372008576763426,-0.26841833720061442,0,0.16491316734230763,0.47202081229234805,0
5.025,1,-0.095999203051608778,-0.26164262928141907,0,-0.28282912709585184,0.10003841695168161,0
5.0275,0,-0.48330639969108002,-0.26723877727460593,0,0.16603569390107886,0.47162712851445182,0
5.0275,1,-0.096705965178337711,-0.26139165829868982,0,-0.28258057428729372,0.10073836923170482,0
5.03,0,-0.48288990841174945,-0.26606020491661142,0,0.16715732956339649,0.47123075788114049,0
5.03,1,-0.097412103780119663,-0.26113893826951351,0,-0.2823303071382729,0.10143765410935182,0
5.0325,0,-0.48247061416456183,-0.26488262684154873,0,0.16827806818667848,0.47083170216900178,0
5.0325,1,-0.098117614573464088,-0.26088447086753275,0,-0.28207832753727163,0.10213626747524945,0
5.035,0,-0.48204851919979019,-0.26370604975987844,0,0.16939790363064305,0.47042996316725338,0
5.035,1,-0.098822493279613358,-0.26062825777665644,0,-0.28182463738214525,0.10283420522580181,0
5.0375,0,-0.48162362578305523,-0.26253048037757221,0,0.17051682975732718,0.47002554267774715,0
5.0375,1,-0.099526735624566168,-0.26037030069104516,0,-0.28156923858010269,0.10353146326320904,0
5.04,0,-0.4811959361953197,-0.26135592539608132,0,0.17163484043110533,0.46961844251497303,0
5.04,1,-0.1002303373391009,-0.26011060131509678,0,-0.28131213304768693,0.10422803749548615,0
5.0425,0,-0.4807654527328824,-0.26018239151230504,0,0.17275192951870816,0.46920866450606313,0
5.0425,1,-0.10093329415879895,-0.25984916136343184,0,-0.28105332271075573,0.10492392383648158,0
5.045,0,-0.48033217770737247,-0.25900988541855896,0,0.17386809088924129,0.46879621049079584,0
5.045,1,-0.10163560182406797,-0.25958598256087884,0,-0.28079280950446184,0.10561911820589588,0
5.0475,0,-0.47989611344574318,-0.25783841380254346,0,0.17498331841420414,0.46838108232159981,0
5.0475,1,-0.1023372560801651,-0.25932106664245985,0,-0.2805305953732336,0.10631361652930019,0
5.05,0,-0.47945726229026603,-0.256667983347312,0,0.17609760596750881,0.46796328186355818,0
5.05,1,-0.10303825267722008,-0.25905441535337553,0,-0.28026668227075541,0.10700741473815467,0
5.0525,0,-0.47901562659852476,-0.25549860073123953,0,0.17721094742549898,0.46754281099441258,0
5.0525,1,-0.10373858737025846,-0.25878603044899057,0,-0.28000107215994807,0.10770050876982695,0
5.055,0,-0.47857120874340919,-0.25433027262799079,0,0.17832333666696892,0.46711967160456735,0
5.055,1,-0.10443825591922458,-0.25851591369481874,0,-0.27973376701294916,0.10839289456761038,0
5.0575,0,-0.47812401111310898,-0.2531630057064887,0,0.17943476757318258,0.46669386559709347,0
5.0575,1,-0.10513725408900464,-0.2582440668665083,0,-0.2794647688110935,0.10908456808074228,0
5.06,0,-0.47767403611110765,-0.25199680663088264,0,0.1805452340278926,0.46626539488773289,0
5.06,1,-0.10583557764944962,-0.25797049174982684,0,-0.27919407954489339,0.10977552526442214,0
5.0625,0,-0.47722128615617609,-0.25083168206051687,0,0.18165472991735954,0.46583426140490264,0
5.0625,1,-0.10653322237539826,-0.25769519014064651,0,-0.27892170121401905,0.11046576207982965,0
5.065,0,-0.47676576368236645,-0.2496676386498986,0,0.18276324913037104,0.46540046708969895,0
5.065,1,-0.10723018404669989,-0.25741816384492905,0,-0.27864763582727886,0.11115527449414281,0
5.0675,0,-0.47630747113900568,-0.2485046830486666,0,0.18387078555826106,0.46496401389590142,0
5.0675,1,-0.10792645844823723,-0.25713941467871065,0,-0.27837188540259966,0.11184405848055579,0
5.07,0,-0.47584641099068919,-0.24734282190155926,0,0.18497733309492931,0.46452490378997724,0
5.07,1,-0.10862204136994924,-0.2568589444680871,0,-0.27809445196700705,0.11253211001829688,0
5.0725,0,-0.47538258571727443,-0.24618206184838293,0,0.18608288563686048,0.46408313875108537,0
5.0725,1,-0.10931692860685376,-0.25657675504919841,0,-0.27781533755660559,0.11321942509264628,0
5.075,0,-0.47491599781387445,-0.24502240952398022,0,0.18718743708314378,0.4636387207710807,0
5.075,1,-0.1100111159590702,-0.25629284826821391,0,-0.27753454421655915,0.11390599969495384,0
5.0775,0,-0.47444664979085116,-0.24386387155819822,0,0.18829098133549238,0.46319165185451833,0
5.0775,1,-0.11070459923184224,-0.25600722598131692,0,-0.27725207400107099,0.11459182982265671,0
5.08,0,-0.47397454417380896,-0.24270645457585674,0,0.18939351229826298,0.46274193401865771,0
5.08,1,-0.11139737423556029,-0.25571989005468948,0,-0.27696792897336397,0.11527691147929699,0
5.0825,0,-0.47349968350358806,-0.24155016519671657,0,0.19049502387847539,0.46228956929346693,0
5.0825,1,-0.11208943678578406,-0.2554308423644972,0,-0.27668211120566083,0.1159612406745392,0
5.085,0,-0.47302207033625771,-0.24039501003544769,0,0.19159550998583216,0.4618345597216269,0
5.085,1,-0.1127807827032651,-0.25514008479687378,0,-0.27639462277916427,0.11664481342418777,0
5.0875,0,-0.47254170724310951,-0.23924099570159749,0,0.19269496453273841,0.46137690735853565,0
5.0875,1,-0.1134714078139691,-0.25484761924790578,0,-0.27610546578403705,0.11732762575020443,0
5.09,0,-0.47205859681065071,-0.23808812879955893,0,0.19379338143432148,0.46091661427231245,0
5.09,1,-0.11416130794909837,-0.25455344762361709,0,-0.27581464231938224,0.11800967368072551,0
5.0925,0,-0.47157274164059726,-0.23693641592853878,0,0.19489075460845084,0.46045368254380231,0
5.0925,1,-0.11485047894511413,-0.25425757183995357,0,-0.27552215449322326,0.11869095325007922,0
5.095,0,-0.47108414434986701,-0.2357858636825258,0,0.19598707797575796,0.45998811426657998,0
5.095,1,-0.11553891664375876,-0.25395999382276746,0,-0.27522800442248396,0.11937146049880279,0
5.0975,0,-0.47059280757057276,-0.23463647865025888,0,0.19708234545965622,0.45951991154695443,0
5.0975,1,-0.11622661689207807,-0.25366071550780189,0,-0.27493219423296866,0.12005119147365959,0
5.1,0,-0.47009873395001522,-0.23348826741519524,0,0.19817655098636103,0.45904907650397286,0
5.1,1,-0.11691357554244346,-0.25335973884067525,0,-0.2746347260593423,0.12073014222765617,0
5.1025,0,-0.46960192615067614,-0.2323412365554785,0,0.19926968848490978,0.45857561126942531,0
5.1025,1,-0.11759978845257402,-0.2530570657768656,0,-0.27433560204511043,0.12140830882005924,0
5.105,0,-0.46910238685021105,-0.2311953926439069,0,0.20036175188718208,0.45809951798784876,0
5.105,1,-0.11828525148555866,-0.252752698281695,0,-0.27403482434259924,0.12208568731641253,0
5.1075,0,-0.4686001187414422,-0.23005074224790142,0,0.20145273512791986,0.45762079881653134,0
5.1075,1,-0.11896996050987807,-0.25244663833031378,0,-0.27373239511293551,0.1227622737885537,0
5.11,0,-0.46809512453235136,-0.22890729192947387,0,0.20254263214474769,0.4571394559255168,0
5.11,1,-0.11965391139942677,-0.25213888790768479,0,-0.27342831652602678,0.12343806431463097,0
5.1125,0,-0.4675874069460727,-0.22776504824519497,0,0.20363143687819302,0.4566554914976087,0
5.1125,1,-0.12033710003353498,-0.25182944900856763,0,-0.27312259076054107,0.12411305497911995,0
5.115,0,-0.46707696872088533,-0.2266240177461625,0,0.20471914327170659,0.45616890772837482,0
5.115,1,-0.12101952229699052,-0.25151832363750271,0,-0.27281522000388714,0.12478724187284015,0
5.1175,0,-0.46656381261020607,-0.22548420697796934,0,0.20580574527168294,0.45567970682615133,0
5.1175,1,-0.12170117408006062,-0.25120551380879547,0,-0.27250620645219414,0.1254606210929716,0
5.12,0,-0.4660479413825821,-0.22434562248067158,0,0.20689123682748076,0.45518789101204721,0
5.12,1,-0.12238205127851373,-0.25089102154650039,0,-0.2721955523102918,0.12613318874307131,0
5.1225,0,-0.46552935782168342,-0.22320827078875657,0,0.20797561189144353,0.45469346251994841,0
5.1225,1,-0.1230621497936412,-0.25057484888440518,0,-0.2718832597916902,0.12680494093308964,0
5.125,0,-0.46500806472629547,-0.22207215843111097,0,0.20905886441892016,0.4541964235965224,0
5.125,1,-0.12374146553227902,-0.25025699786601457,0,-0.27156933111855969,0.12747587377938674,0
5.1275,0,-0.46448406491031147,-0.22093729193098879,0,0.21014098836828562,0.45369677650122237,0
5.1275,1,-0.12441999440682935,-0.24993747054453441,0,-0.2712537685217109,0.12814598340474873,0
5.13,0,-0.4639573612027249,-0.2198036778059794,0,0.21122197770096168,0.45319452350629141,0
5.13,1,-0.12509773233528221,-0.24961626898285547,0,-0.27093657424057449,0.12881526593840395,0
5.1325,0,-0.46342795644762191,-0.21867132256797558,0,0.21230182638143777,0.4526896668967671,0
5.1325,1,-0.12577467524123689,-0.24929339525353741,0,-0.27061775052318104,0.12948371751603913,0
5.135,0,-0.4628958535041735,-0.21754023272314152,0,0.21338052837729179,0.45218220897048556,0
5.135,1,-0.12645081905392355,-0.2489688514387926,0,-0.27029729962614096,0.13015133427981537,0
5.1375,0,-0.46236105524662785,-0.2164104147718808,0,0.21445807765921113,0.45167215203808597,0
5.1375,1,-0.1271261597082245,-0.24864263963046984,0,-0.2699752238146243,0.13081811237838425,0
5.14,0,-0.46182356456430257,-0.21528187520880443,0,0.21553446820101352,0.45115949842301489,0
5.14,1,-0.12780069314469569,-0.24831476193003824,0,-0.2696515253623406,0.13148404796690369,0
5.1425,0,-0.46128338436157673,-0.21415462052269874,0,0.2166096939796682,0.45064425046153045,0
5.1425,1,-0.12847441530958803,-0.2479852204485708,0,-0.26932620655151868,0.13214913720705382,0
5.145,0,-0.46074051755788298,-0.21302865719649344,0,0.21768374897531703,0.45012641050270674,0
5.145,1,-0.12914732215486854,-0.24765401730672817,0,-0.26899926967288645,0.13281337626705281,0
5.1475,0,-0.46019496708769969,-0.21190399170722951,0,0.21875662717129568,0.44960598090843812,0
5.1475,1,-0.12981940963824171,-0.24732115463474227,0,-0.26867071702565076,0.13347676132167255,0
5.15,0,-0.45964673590054289,-0.21078063052602716,0,0.21982832255415483,0.44908296405344361,0
5.15,1,-0.13049067372317061,-0.24698663457239986,0,-0.26834055091747705,0.1341392885522544,0
5.1525,0,-0.45909582696095808,-0.20965858011805377,0,0.2208988291136815,0.44855736232527116,0
5.1525,1,-0.13116111037889805,-0.24665045926902612,0,-0.26800877366446924,0.13480095414672469,0
5.155,0,-0.45854224324851234,-0.20853784694249181,0,0.22196814084292052,0.44802917812430193,0
5.155,1,-0.13183071558046758,-0.24631263088346819,0,-0.26767538759114945,0.13546175429961027,0
5.1575,0,-0.45798598775778593,-0.20741843745250674,0,0.22303625173819586,0.44749841386375461,0
5.1575,1,-0.13249948530874456,-0.24597315158407862,0,-0.26734039503043783,0.13612168521205401,0
5.16,0,-0.45742706349836426,-0.20630035809521494,0,0.2241031557991322,0.44696507196968976,0
5.16,1,-0.13316741555043715,-0.24563202354869876,0,-0.26700379832363214,0.13678074309183011,0
5.1625,0,-0.45686547349482948,-0.20518361531165155,0,0.22516884702867648,0.4464291548810142,0
5.1625,1,-0.13383450229811716,-0.24528924896464227,0,-0.26666559982038768,0.13743892415335957,0
5.165,0,-0.45630122078675223,-0.20406821553673843,0,0.22623331943311961,0.44589066504948516,0
5.165,1,-0.13450074155024103,-0.24494483002867842,0,-0.26632580187869676,0.13809622461772525,0
5.1675,0,-0.45573430842868318,-0.20295416519925194,0,0.22729656702211803,0.44534960493971465,0
5.1675,1,-0.13516612931117047,-0.2445987689470154,0,-0.26598440686486868,0.13875264071268723,0
5.17,0,-0.45516473949014463,-0.20184147072179082,0,0.22835858380871568,0.44480597702917379,0
5.17,1,-0.13583066159119345,-0.24425106793528367,0,-0.2656414171535092,0.13940816867269784,0
5.1725,0,-0.45459251705562204,-0.20073013852074412,0,0.2294193638093657,0.44425978380819708,0
5.1725,1,-0.13649433440654471,-0.24390172921851916,0,-0.26529683512750041,0.14006280473891677,0
5.175,0,-0.45401764422455537,-0.19962017500625889,0,0.23047890104395238,0.44371102777998667,0
5.175,1,-0.13715714377942656,-0.24355075503114648,0,-0.26495066317798033,0.14071654515922602,0
5.1775,0,-0.45344012411133067,-0.19851158658220813,0,0.23153718953581315,0.44315971146061667,0
5.1775,1,-0.13781908573802945,-0.24319814761696215,0,-0.26460290370432249,0.14136938618824482,0
5.18,0,-0.45285995984527122,-0.19740437964615856,0,0.23259422331176058,0.44260583737903747,0
5.18,1,-0.1384801563165525,-0.24284390922911767,0,-0.26425355911411585,0.1420213240873445,0
5.1825,0,-0.45227715457062889,-0.19629856058933842,0,0.23364999640210454,0.44204940807707982,0
5.1825,1,-0.13914035155522408,-0.24248804213010267,0,-0.26390263182314422,0.14267235512466331,0
5.185,0,-0.45169171144657544,-0.19519413579660524,0,0.23470450284067437,0.44149042610945938,0
5.185,1,-0.13979966750032222,-0.24213054859172795,0,-0.263550124255366,0.14332247557512112,0
5.1875,0,-0.45110363364719352,-0.19409111164641368,0,0.23575773666484107,0.44092889404378072,0
5.1875,1,-0.14045810020419505,-0.2417714308951085,0,-0.26319603884289383,0.14397168172043406,0
5.19,0,-0.45051292436146806,-0.19298949451078329,0,0.23680969191553969,0.44036481446054171,0
5.19,1,-0.14111564572528112,-0.24141069133064655,0,-0.26284037802597421,0.14461996984912914,0
5.1925,0,-0.44991958679327704,-0.1918892907552662,0,0.23786036263729168,0.43979818995313774,0
5.1925,1,-0.1417723001281298,-0.24104833219801444,0,-0.26248314425296709,0.14526733625655874,0
5.195,0,-0.44932362416138266,-0.19079050673891496,0,0.23890974287822733,0.43922902312786599,0
5.195,1,-0.14242805948342141,-0.24068435580613759,0,-0.26212433998032558,0.14591377724491517,0
5.1975,0,-0.44872503969942223,-0.1896931488142502,0,0.23995782669010826,0.43865731660392954,0
5.1975,1,-0.14308291986798755,-0.24031876447317738,0,-0.26176396767257548,0.1465592891232449,0
5.2,0,-0.44812383665589917,-0.18859722332722847,0,0.24100460812835009,0.43808307301344174,0
5.2,1,-0.14373687736483112,-0.23995156052651398,0,-0.26140202980229493,0.14720386820746306,0
5.2025,0,-0.44752001829417365,-0.1875027366172099,0,0.24205008125204502,0.43750629500143023,0
5.2025,1,-0.1443899280631466,-0.23958274630272919,0,-0.26103852885009393,0.14784751082036759,0
5.205,0,-0.44691358789245361,-0.18640969501692581,0,0.24309424012398459,0.43692698522584139,0
5.205,1,-0.14504206805833997,-0.23921232414758917,0,-0.26067346730459406,0.14849021329165352,0
5.2075,0,-0.44630454874378528,-0.18531810485244657,0,0.24413707881068247,0.43634514635754423,0
5.2075,1,-0.14569329345204873,-0.23884029641602719,0,-0.26030684766240803,0.14913197195792705,0
5.21,0,-0.44569290415604396,-0.18422797244314923,0,0.24517859138239731,0.43576078108033489,0
5.21,1,-0.1463436003521619,-0.23846666547212639,0,-0.25993867242811913,0.14977278316271961,0
5.2125,0,-0.44507865745192454,-0.18313930410168514,0,0.24621877191315572,0.43517389209094048,0
5.2125,1,-0.14699298487283988,-0.23809143368910235,0,-0.25956894411426096,0.15041264325650192,0
5.215,0,-0.44446181196893214,-0.18205210613394768,0,0.24725761448077524,0.43458448209902345,0
5.215,1,-0.14764144313453431,-0.23771460344928586,0,-0.259197665241297,0.15105154859669789,0
5.2175,0,-0.44384237105937258,-0.18096638483903993,0,0.24829511316688738,0.43399255382718571,0
5.2175,1,-0.14828897126400795,-0.23733617714410535,0,-0.25882483833760006,0.15168949554769853,0
5.22,0,-0.44322033809034278,-0.17988214650924222,0,0.24933126205696085,0.43339811001097273,0
5.22,1,-0.14893556539435424,-0.23695615717406962,0,-0.25845046593943188,0.15232648048087571,0
5.2225,0,-0.4425957164437212,-0.17879939742997991,0,0.25036605524032468,0.43280115339887759,0
5.2225,1,-0.14958122166501717,-0.23657454594875027,0,-0.25807455059092277,0.152962499774596,0
5.225,0,-0.44196850951615807,-0.17771814387979087,0,0.25139948681019164,0.43220168675234522,0
5.225,1,-0.15022593622181088,-0.23619134588676424,0,-0.25769709484405112,0.15359754981423424,0
5.2275,0,-0.44133872071906571,-0.17663839213029323,0,0.25243155086368146,0.43159971284577642,0
5.2275,1,-0.15086970521693921,-0.23580655941575621,0,-0.25731810125862281,0.15423162699218723,0
5.23,0,-0.44070635347860881,-0.17556014844615284,0,0.25346224150184432,0.43099523446653187,0
5.23,1,-0.15151252480901531,-0.23542018897238112,0,-0.25693757240225096,0.15486472770788728,0
5.2325,0,-0.44007141123569438,-0.17448341908505099,0,0.25449155282968439,0.43038825441493639,0
5.2325,1,-0.15215439116308105,-0.23503223700228648,0,-0.25655551085033534,0.15549684836781572,0
5.235,0,-0.43943389744596206,-0.17340821029765197,0,0.25551947895618327,0.42977877550428273,0
5.235,1,-0.15279530045062653,-0.23464270596009482,0,-0.25617191918604199,0.15612798538551625,0
5.2375,0,-0.43879381557977393,-0.17233452832757057,0,0.25654601399432381,0.42916680056083584,0
5.2375,1,-0.15343524884960943,-0.23425159830938591,0,-0.25578680000028264,0.15675813518160842,0
5.24,0,-0.43815116912220464,-0.17126237941133973,0,0.25757115206111375,0.42855233242383672,0
5.24,1,-0.15407423254447442,-0.23385891652267915,0,-0.25540015589169429,0.15738729418380082,0
5.2425,0,-0.43750596157303123,-0.17019176977837805,0,0.25859488727760943,0.42793537394550651,0
5.2425,1,-0.15471224772617231,-0.23346466308141578,0,-0.25501198946661879,0.15801545882690443,0
5.245,0,-0.43685819644672302,-0.16912270565095736,0,0.25961721376893976,0.4273159279910505,0
5.245,1,-0.15534929059217945,-0.23306884047594109,0,-0.25462230333908226,0.1586426255528457,0
5.2475,0,-0.43620787727243143,-0.1680551932441702,0,0.26063812566433014,0.42669399743866199,0
5.2475,1,-0.15598535734651678,-0.23267145120548668,0,-0.25423110013077466,0.15926879081067971,0
5.25,0,-0.43555500759397964,-0.16698923876589747,0,0.26165761709712637,0.42606958517952631,0
5.25,1,-0.15662044419976903,-0.23227249777815259,0,-0.25383838247102936,0.15989395105660323,0
5.2525,0,-0.4348995909698522,-0.16592484841677577,0,0.26267568220481891,0.42544269411782476,0
5.2525,1,-0.15725454736910383,-0.23187198271088938,0,-0.25344415299680262,0.16051810275396769,0
5.255,0,-0.43424163097318486,-0.16486202839016506,0,0.26369231512906682,0.42481332717073855,0
5.255,1,-0.15788766307829064,-0.23146990852948029,0,-0.25304841435265296,0.16114124237329214,0
5.2575,0,-0.43358113119175384,-0.16380078487211608,0,0.26470751001572213,0.42418148726845262,0
5.2575,1,-0.15851978755771987,-0.23106627776852334,0,-0.25265116919072089,0.16176336639227604,0
5.26,0,-0.43291809522796565,-0.16274112404133781,0,0.26572126101485405,0.42354717735415953,0
5.26,1,-0.15915091704442166,-0.23066109297141324,0,-0.25225242017070831,0.16238447129581216,0
5.2625,0,-0.43225252669884612,-0.16168305206916503,0,0.26673356228077344,0.42291040038406341,0
5.2625,1,-0.15978104778208488,-0.23025435669032349,0,-0.25185216995985804,0.16300455357599922,0
5.265,0,-0.43158442923603008,-0.16062657511952572,0,0.26774440797205723,0.42227115932738368,0
5.265,1,-0.16041017602107588,-0.2298460714861883,0,-0.25145042123293326,0.16362360973215465,0
5.2675,0,-0.43091380648575056,-0.15957169934890852,0,0.26875379225157281,0.42162945716635897,0
5.2675,1,-0.16103829801845729,-0.22943623992868456,0,-0.25104717667219706,0.16424163627082719,0
5.27,0,-0.43024066210882794,-0.15851843090633025,0,0.26976170928650284,0.4209852968962508,0
5.27,1,-0.16166541003800677,-0.22902486459621377,0,-0.25064243896739202,0.16485862970580942,0
5.2725,0,-0.42956499978065937,-0.15746677593330324,0,0.27076815324836973,0.42033868152534748,0
5.2725,1,-0.16229150835023567,-0.22861194807588381,0,-0.25023621081571962,0.16547458655815026,0
5.275,0,-0.42888682319120758,-0.15641674056380284,0,0.27177311831306045,0.41968961407496774,0
5.275,1,-0.16291658923240759,-0.2281974929634909,0,-0.24982849492181969,0.1660895033561674,0
5.2775,0,-0.42820613604499019,-0.1553683309242348,0,0.27277659866085135,0.41903809757946464,0
5.2775,1,-0.16354064896855705,-0.22778150186350138,0,-0.24941929399775009,0.1667033766354597,0
5.28,0,-0.42752294206106861,-0.15432155313340268,0,0.27377858847643316,0.41838413508622907,0
5.28,1,-0.16416368384950794,-0.22736397738903341,0,-0.24900861076296604,0.16731620293891949,0
5.2825,0,-0.42683724497303688,-0.15327641330247527,0,0.27477908194893569,0.41772772965569355,0
5.2825,1,-0.16478569017289202,-0.22694492216183884,0,-0.24859644794429972,0.16792797881674482,0
5.285,0,-0.42614904852901075,-0.15223291753495399,0,0.27577807327195314,0.41706888436133588,0
5.285,1,-0.16540666424316733,-0.22652433881228484,0,-0.24818280827593972,0.16853870082645162,0
5.2875,0,-0.42545835649161634,-0.15119107192664022,0,0.27677555664356901,0.41640760228968277,0
5.2875,1,-0.16602660237163652,-0.22610222997933568,0,-0.24776769449941055,0.16914836553288587,0
5.29,0,-0.42476517263797892,-0.15015088256560272,0,0.27777152626638146,0.41574388654031347,0
5.29,1,-0.16664550087646524,-0.22567859831053427,0,-0.2473511093635522,0.16975696950823566,0
5.2925,0,-0.4240695007597115,-0.149112355532145,0,0.27876597634752848,0.4150777402258633,0
5.2925,1,-0.16726335608270029,-0.22525344646198392,0,-0.24693305562449955,0.17036450933204317,0
5.295,0,-0.42337134466290371,-0.14807549689877264,0,0.27975890109871326,0.4144091664720273,0
5.295,1,-0.167880164322288,-0.22482677709832985,0,-0.24651353604566192,0.17097098159121665,0
5.2975,0,-0.42267070816811003,-0.14704031273016066,0,0.28075029473622953,0.41373816841756372,0
5.2975,1,-0.16849592193409221,-0.22439859289274078,0,-0.24609255339770261,0.17157638288004234,0
5.3,0,-0.42196759511033849,-0.14600680908312083,0,0.28174015148098719,0.41306474921429748,0
5.3,1,-0.16911062526391249,-0.22396889652689048,0,-0.24567011045851836,0.1721807098001962,0
5.3025,0,-0.42126200933903907,-0.14497499200656905,0,0.28272846555853776,0.41238891202712374,0
5.3025,1,-0.16972427066450216,-0.22353769069093929,0,-0.24524621001321886,0.1727839589607558,0
5.305,0,-0.42055395471809204,-0.14394486754149263,0,0.28371523119910008,0.4117106600340113,0
5.305,1,-0.1703368544955863,-0.22310497808351559,0,-0.24482085485410626,0.17338612697821193,0
5.3075,0,-0.41984343512579619,-0.14291644172091761,0,0.28470044263758609,0.41102999642600613,0
5.3075,1,-0.17094837312387975,-0.22267076141169723,0,-0.24439404778065471,0.17398721047648033,0
5.31,0,-0.41913045445485719,-0.14188972056987606,0,0.28568409411362644,0.41034692440723458,0
5.31,1,-0.17155882292310493,-0.22223504339099298,0,-0.24396579159948983,0.17458720608691319,0
5.3125,0,-0.41841501661237568,-0.14086471010537338,0,0.28666617987159659,0.40966144719490694,0
5.3125,1,-0.17216820027400975,-0.22179782674532394,0,-0.24353608912436828,0.17518611044831081,0
5.315,0,-0.4176971255198354,-0.13984141633635561,0,0.28764669416064254,0.40897356801932061,0
5.315,1,-0.1727765015643854,-0.22135911420700488,0,-0.24310494317615722,0.17578392020693298,0
5.3175,0,-0.41697678511309122,-0.13881984526367663,0,0.28862563123470703,0.40828329012386361,0
5.3175,1,-0.1733837231890841,-0.22091890851672558,0,-0.24267235658281386,0.17638063201651041,0
5.32,0,-0.41625399934235713,-0.13780000288006553,0,0.28960298535255558,0.40759061676501773,0
5.32,1,-0.17398986155003682,-0.22047721242353213,0,-0.24223833217936497,0.17697624253825611,0
5.3225,0,-0.41552877217219419,-0.13678189517009381,0,0.29057875077780265,0.40689555121236182,0
5.3225,1,-0.1745949130562709,-0.2200340286848082,0,-0.24180287280788645,0.17757074844087667,0
5.325,0,-0.41480110758149824,-0.13576552811014264,0,0.29155292177893788,0.40619809674857493,0
5.325,1,-0.17519887412392759,-0.21958936006625637,0,-0.2413659813174828,0.17816414640058353,0
5.3275,0,-0.41407100956348786,-0.13475090766837011,0,0.29252549262935246,0.40549825666943967,0
5.3275,1,-0.17580174117627978,-0.21914320934187925,0,-0.24092766056426665,0.17875643310110415,0
5.33,0,-0.41333848212569196,-0.13373803980467849,0,0.29349645760736559,0.4047960342838452,0
5.33,1,-0.17640351064374929,-0.21869557929396075,0,-0.24048791341133838,0.17934760523369311,0
5.3325,0,-0.41260352928993743,-0.13272693047068146,0,0.29446581099625085,0.4040914329137904,0
5.3325,1,-0.17700417896392442,-0.2182464727130472,0,-0.24004674272876553,0.17993765949714324,0
5.335,0,-0.41186615509233682,-0.13171758560967123,0,0.29543354708426284,0.4033844558943871,0
5.335,1,-0.17760374258157732,-0.21779589239792851,0,-0.23960415139356248,0.18052659259779655,0
5.3375,0,-0.41112636358327564,-0.13071001115658593,0,0.29639966016466385,0.40267510657386291,0
5.3375,1,-0.17820219794868136,-0.21734384115561933,0,-0.23916014228966984,0.18111440124955522,0
5.34,0,-0.41038415882740015,-0.12970421303797663,0,0.29736414453575044,0.40196338831356443,0
5.34,1,-0.17879954152442837,-0.21689032180134002,0,-0.23871471830793417,0.18170108217389253,0
5.3425,0,-0.40963954490360438,-0.12870019717197473,0,0.2983269945008804,0.40124930448796015,0
5.3425,1,-0.17939576977524591,-0.21643533715849783,0,-0.23826788234608742,0.18228663209986368,0
5.345,0,-0.40889252590501768,-0.12769796946825898,0,0.29928820436849951,0.40053285848464337,0
5.345,1,-0.17999087917481443,-0.21597889005866786,0,-0.23781963730872649,0.18287104776411653,0
5.3475,0,-0.40814310593899183,-0.12669753582802276,0,0.30024776845216855,0.39981405370433526,0
5.3475,1,-0.18058486620408445,-0.21552098334157407,0,-0.23736998610729287,0.18345432591090238,0
5.35,0,-0.40739128912708839,-0.12569890214394122,0,0.30120568107059031,0.39909289356088756,0
5.35,1,-0.18117772735129364,-0.21506161985507033,0,-0.23691893166005212,0.18403646329208664,0
5.3525,0,-0.40663707960506562,-0.12470207430013851,0,0.30216193654763679,0.39836938148128559,0
5.3525,1,-0.18176945911198381,-0.21460080245512128,0,-0.23646647689207351,0.1846174566671594,0
5.355,0,-0.4058804815228656,-0.12370705817215484,0,0.30311652921237614,0.39764352090565092,0
5.355,1,-0.18236005798901792,-0.21413853400578328,0,-0.23601262473520951,0.18519730280324598,0
5.3575,0,-0.40512149904460126,-0.12271385962691372,0,0.30406945339910019,0.39691531528724427,0
5.3575,1,-0.18294952049259702,-0.21367481737918534,0,-0.23555737812807551,0.1857759984751175,0
5.36,0,-0.40436013634854318,-0.12172248452268908,0,0.30502070344735166,0.39618476809246822,0
5.36,1,-0.18353784314027716,-0.21320965545550993,0,-0.23510074001602929,0.18635354046520128,0
5.3625,0,-0.40359639762710653,-0.12073293870907241,0,0.30597027370195162,0.39545188280086979,0
5.3625,1,-0.18412502245698614,-0.21274305112297395,0,-0.23464271335115064,0.18692992556359123,0
5.365,0,-0.40283028708683782,-0.11974522802693989,0,0.30691815851302695,0.39471666290514329,0
5.365,1,-0.18471105497504037,-0.2122750072778094,0,-0.23418330109222099,0.18750515056805819,0
5.3675,0,-0.40206180894840149,-0.11875935830841955,0,0.30786435223603792,0.39397911191113272,0
5.3675,1,-0.18529593723416152,-0.21180552682424425,0,-0.23372250620470297,0.18807921228406022,0
5.37,0,-0.40129096744656667,-0.11777533537685834,0,0.3088088492318059,0.3932392333378345,0
5.37,1,-0.18587966578149329,-0.21133461267448322,0,-0.23326033166072005,0.18865210752475281,0
5.3725,0,-0.40051776683019374,-0.1167931650467893,0,0.30975164386654103,0.39249703071739994,0
5.3725,1,-0.18646223717161797,-0.21086226774868855,0,-0.23279678043903615,0.18922383311099902,0
5.375,0,-0.39974221136222071,-0.11581285312389862,0,0.31069273051187007,0.39175250759513786,0
5.375,1,-0.18704364796657305,-0.21038849497496057,0,-0.23233185552503527,0.18979438587137967,0
5.3775,0,-0.39896430531964977,-0.1148344054049928,0,0.31163210354486431,0.39100566752951682,0
5.3775,1,-0.18762389473586771,-0.2099132972893186,0,-0.23186555991070107,0.19036376264220331,0
5.38,0,-0.3981840529935336,-0.11385782767796569,0,0.31256975734806741,0.39025651409216772,0
5.38,1,-0.18820297405649933,-0.20943667763568144,0,-0.23139789659459659,0.19093196026751627,0
5.3825,0,-0.3974014586889616,-0.11288312572176562,0,0.31350568630952369,0.38950505086788617,0
5.3825,1,-0.18878088251296987,-0.20895863896584815,0,-0.2309288685818438,0.19149897559911264,0
5.385,0,-0.39661652672504616,-0.11191030530636246,0,0.31443988482280599,0.38875128145463467,0
5.385,1,-0.18935761669730231,-0.20847918423947859,0,-0.23045847888410334,0.19206480549654412,0
5.3875,0,-0.39582926143490882,-0.11093937219271474,0,0.31537234728704405,0.38799520946354499,0
5.3875,1,-0.18993317320905687,-0.20799831642407399,0,-0.22998673051955407,0.19262944682712987,0
5.39,0,-0.3950396671656663,-0.10997033213273666,0,0.31630306810695274,0.38723683851892049,0
5.39,1,-0.19050754865534739,-0.20751603849495762,0,-0.2295136265128728,0.1931928964659663,0
5.3925,0,-0.39424774827841652,-0.10900319086926522,0,0.3172320416928604,0.38647617225823816,0
5.3925,1,-0.19108073965085751,-0.20703235343525525,0,-0.22903916989521395,0.19375515129593679,0
5.395,0,-0.39345350914822452,-0.10803795413602722,0,0.31815926246073739,0.38571321433215083,0
5.395,1,-0.19165274281785677,-0.20654726423587569,0,-0.22856336370418923,0.19431620820772144,0
5.3975,0,-0.39265695416410834,-0.10707462765760642,0,0.31908472483222444,0.38494796840448936,0
5.3975,1,-0.1922235547862168,-0.20606077389549127,0,-0.22808621098384729,0.1948760640998066,0
5.4,0,-0.39185808772902475,-0.10611321714941048,0,0.32000842323466133,0.38418043815226455,0
5.4,1,-0.19279317219342743,-0.20557288542051838,0,-0.22760771478465347,0.19543471587849448,0
5.4025,0,-0.391056914259855,-0.10515372831763806,0,0.3209303521011157,0.38341062726566932,0
5.4025,1,-0.19336159168461259,-0.20508360182509788,0,-0.22712787816346941,0.19599216045791273,0
5.405,0,-0.39025343818739061,-0.10419616685924588,0,0.32185050587041159,0.38263853944808052,0
5.405,1,-0.19392880991254635,-0.20459292613107546,0,-0.22664670418353286,0.19654839476002384,0
5.4075,0,-0.38944766395631863,-0.10324053846191569,0,0.32276887898715839,0.38186417841606091,0
5.4075,1,-0.19449482353766881,-0.20410086136798214,0,-0.22616419591443729,0.19710341571463455,0
5.41,0,-0.38863959602520748,-0.10228684880402142,0,0.32368546590177977,0.38108754789936111,0
5.41,1,-0.19505962922810199,-0.2036074105730146,0,-0.22568035643211171,0.19765722025940524,0
5.4125,0,-0.38782923886649207,-0.10133510355459606,0,0.32460026107054263,0.38030865164092131,0
5.4125,1,-0.19562322365966564,-0.20311257679101552,0,-0.2251951888188003,0.19820980533985927,0
5.415,0,-0.3870165969664594,-0.10038530837329881,0,0.32551325895558619,0.37952749339687308,0
5.415,1,-0.19618560351589295,-0.20261636307445396,0,-0.22470869616304223,0.19876116790939219,0
5.4175,0,-0.38620167482523371,-0.099437468910382049,0,0.32642445402495118,0.37874407693654116,0
5.4175,1,-0.19674676548804632,-0.20211877248340562,0,-0.22422088155965136,0.19931130492928095,0
5.42,0,-0.38538447695676176,-0.098491590806658313,0,0.32733384075260902,0.37795840604244496,0
5.42,1,-0.197306706275133,-0.20161980808553315,0,-0.22373174810969604,0.19986021336869311,0
5.4225,0,-0.38456500788879788,-0.097547679693467379,0,0.32824141361849113,0.37717048451030039,0
5.4225,1,-0.19786542258392073,-0.20111947295606641,0,-0.22324129892047884,0.20040789020469588,0
5.425,0,-0.38374327216288912,-0.09660574119264323,0,0.32914716710851838,0.37638031614902123,0
5.425,1,-0.19842291112895322,-0.20061777017778271,0,-0.22274953710551629,0.20095433242226515,0
5.4275,0,-0.38291927433436018,-0.09566578091648105,0,0.33005109571463054,0.3755879047807209,0
5.4275,1,-0.19897916863256576,-0.20011470284098701,0,-0.22225646578451871,0.2014995370142946,0
5.43,0,-0.38209301897229836,-0.094727804467704263,0,0.33095319393481581,0.37479325424071369,0
5.43,1,-0.19953419182490062,-0.19961027404349213,0,-0.22176208808337006,0.20204350098160456,0
5.4325,0,-0.38126451065953842,-0.093791817439431477,0,0.3318534562731405,0.37399636837751632,0
5.4325,1,-0.20008797744392245,-0.19910448689059893,0,-0.22126640713410756,0.20258622133295093,0
5.435,0,-0.38043375399264728,-0.092857825415143522,0,0.33275187723977862,0.37319725105284923,0
5.435,1,-0.20064052223543372,-0.19859734449507643,0,-0.22076942607490166,0.20312769508503403,0
5.4375,0,-0.37960075358190876,-0.091925833968650408,0,0.33364845135104182,0.37239590614163787,0
5.4375,1,-0.20119182295308988,-0.19808884997714202,0,-0.22027114805003581,0.20366791926250741,0
5.44,0,-0.37876551405130821,-0.09099584866405834,0,0.33454317312940912,0.37159233753201404,0
5.44,1,-0.20174187635841478,-0.1975790064644414,0,-0.21977157620988627,0.20420689089798655,0
5.4425,0,-0.37792804003851699,-0.090067875055736671,0,0.33543603710355702,0.37078654912531706,0
5.4425,1,-0.20229067922081578,-0.19706781709202884,0,-0.21927071371090198,0.2047446070320576,0
5.445,0,-0.37708833619487703,-0.089141918688284902,0,0.33632703780838935,0.36997854483609488,0
5.445,1,-0.2028382283175989,-0.19655528500234715,0,-0.21876856371558437,0.20528106471328605,0
5.4475,0,-0.37624640718538521,-0.088217985096499654,0,0.33721616978506752,0.36916832859210519,0
5.4475,1,-0.20338452043398397,-0.19604141334520775,0,-0.2182651293924672,0.20581626099822528,0
5.45,0,-0.37540225768867758,-0.087296079805341625,0,0.33810342758104062,0.36835590433431642,0
5.45,1,-0.20392955236311969,-0.19552620527777068,0,-0.21776041391609652,0.20635019295142507,0
5.4525,0,-0.3745558923970137,-0.086376208329902587,0,0.33898880575007567,0.36754127601690878,0
5.4525,1,-0.20447332090609857,-0.1950096639645246,0,-0.21725442046701043,0.2068828576454402,0
5.455,0,-0.37370731601626073,-0.085458376175372358,0,0.33987229885228809,0.36672444760727507,0
5.455,1,-0.20501582287197198,-0.19449179257726676,0,-0.21674715223171909,0.20741425216083881,0
5.4575,0,-0.37285653326587764,-0.08454258883700573,0,0.34075390145417195,0.3659054230860217,0
5.4575,1,-0.20555705507776498,-0.19397259429508296,0,-0.21623861240268447,0.20794437358621085,0
5.46,0,-0.37200354887889914,-0.083628851800089485,0,0.34163360812863058,0.36508420644696937,0
5.46,1,-0.2060970143484912,-0.19345207230432748,0,-0.2157288041783004,0.20847321901817639,0
5.4625,0,-0.3711483676019196,-0.082717170539909332,0,0.34251141345500719,0.3642608016971538,0
5.4625,1,-0.20663569751716768,-0.19293022979860303,0,-0.2152177307628724,0.20900078556139398,0
5.465,0,-0.37029099419507694,-0.081807550521716857,0,0.34338731201911543,0.36343521285682645,0
5.465,1,-0.2071731014248295,-0.19240706997874057,0,-0.21470539536659763,0.20952707032856882,0
5.4675,0,-0.36943143343203644,-0.080899997200696502,0,0.34426129841327013,0.36260744395945521,0
5.4675,1,-0.20770922292054469,-0.1918825960527793,0,-0.21419180120554485,0.21005207044046101,0
5.47,0,-0.36856969009997448,-0.079994516021932527,0,0.34513336723631827,0.36177749905172485,0
5.47,1,-0.20824405886142866,-0.19135681123594636,0,-0.21367695150163429,0.21057578302589369,0
5.4725,0,-0.36770576899956198,-0.079091112420375947,0,0.34600351309366961,0.36094538219353756,0
5.4725,1,-0.20877760611265897,-0.19082971875063678,0,-0.21316084948261776,0.21109820522176118,0
5.475,0,-0.36683967494494824,-0.078189791820811511,0,0.34687173059732801,0.3601110974580134,0
5.475,1,-0.20930986154748982,-0.19030132182639328,0,-0.21264349838205851,0.21161933417303699,0
5.4775,0,-0.36597141276374417,-0.077290559637824635,0,0.34773801436592211,0.35927464893149064,0
5.4775,1,-0.20984082204726653,-0.18977162369988601,0,-0.2121249014393112,0.21213916703278188,0
5.48,0,-0.36510098729700585,-0.076393421275768369,0,0.34860235902473685,0.35843604071352614,0
5.48,1,-0.21037048450144005,-0.18924062761489235,0,-0.21160506189950196,0.21265770096215178,0
5.4825,0,-0.36422840339921775,-0.075498382128730349,0,0.34946475920574432,0.35759527691689558,0
5.4825,1,-0.21089884580758131,-0.18870833682227667,0,-0.21108398301350834,0.2131749331304057,0
5.485,0,-0.363353665938276,-0.074605447580499737,0,0.35032520954763535,0.35675236166759355,0
5.485,1,-0.21142590287139562,-0.18817475457997002,0,-0.21056166803793941,0.21369086071491364,0
5.4875,0,-0.36247677979547166,-0.073714623004534199,0,0.3511837046958507,0.35590729910483382,0
5.4875,1,-0.21195165260673693,-0.18763988415294991,0,-0.21003812023511567,0.2142054809011644,0
5.49,0,-0.36159774986547361,-0.072825913763926844,0,0.35204023930261252,0.35506009338104927,0
5.49,1,-0.21247609193562214,-0.18710372881321999,0,-0.20951334287304918,0.21471879088277332,0
5.4925,0,-0.36071658105631166,-0.071939325211373167,0,0.352894808026956,0.35421074866189195,0
5.4925,1,-0.21299921778824524,-0.18656629183978965,0,-0.20898733922542359,0.21523078786149005,0
5.495,0,-0.35983327828935951,-0.071054862689138007,0,0.35374740553476086,0.353359269126233,0
5.495,1,-0.21352102710299148,-0.18602757651865379,0,-0.20846011257157415,0.2157414690472062,0
5.4975,0,-0.3589478464993176,-0.070172531529022517,0,0.35459802649878308,0.35250565896616248,0
5.4975,1,-0.21404151682645153,-0.18548758614277233,0,-0.20793166619646791,0.21625083165796299,0
5.5,0,-0.35806029063419575,-0.069292337052331079,0,0.35544666559868665,0.35164992238698922,0
5.5,1,-0.21456068391343547,-0.18494632401204994,0,-0.20740200339068365,0.21675887291995882,0
5.5025,0,-0.35717061565529606,-0.068414284569838293,0,0.35629331752107546,0.35079206360724041,0
5.5025,1,-0.21507852532698682,-0.18440379343331553,0,-0.2068711274503921,0.2172655900675568,0
5.505,0,-0.35627882653719534,-0.067538379381755914,0,0.35713797695952521,0.3499320868586614,0
5.505,1,-0.21559503803839647,-0.18385999772030198,0,-0.20633904167733599,0.21777098034329234,0
5.5075,0,-0.35538492826772766,-0.066664626777699812,0,0.35798063861461527,0.34906999638621522,0
5.5075,1,-0.21611021902721667,-0.18331494019362551,0,-0.20580574937881019,0.21827504099788045,0
5.51,0,-0.35448892584796693,-0.065793032036656943,0,0.358821297193961,0.34820579644808214,0
5.51,1,-0.21662406528127473,-0.18276862418076539,0,-0.20527125386764183,0.21877776929022327,0
5.5125,0,-0.35359082429220917,-0.064923600426952263,0,0.35965994741224566,0.347339491315659,0
5.5125,1,-0.21713657379668699,-0.18222105301604336,0,-0.20473555846217051,0.21927916248741736,0
5.515,0,-0.35269062862795481,-0.064056337206215744,0,0.36049658399125289,0.34647108527355874,0
5.515,1,-0.21764774157787251,-0.18167223004060312,0,-0.20419866648622839,0.21977921786476101,0
5.5175,0,-0.35178834389589086,-0.063191247621349284,0,0.36133120165989879,0.34560058261960963,0
5.5175,1,-0.21815756563756669,-0.18112215860238998,0,-0.20366058126912037,0.2202779327057616,0
5.52,0,-0.35088397514987318,-0.062328336908493702,0,0.36216379515426445,0.34472798766485446,0
5.52,1,-0.21866604299683509,-0.18057084205613011,0,-0.20312130614560431,0.22077530430214271,0
5.5225,0,-0.3499775274569083,-0.061467610292995696,0,0.36299435921762835,0.3438533047335498,0
5.5225,1,-0.21917317068508693,-0.18001828376331011,0,-0.20258084445587118,0.22127132995385132,0
5.525,0,-0.34906900589713563,-0.060609072989374804,0,0.36382288860049894,0.34297653816316503,0
5.525,1,-0.21967894574008867,-0.17946448709215646,0,-0.20203919954552535,0.22176600696906504,0
5.5275,0,-0.34815841556380922,-0.05975273020129037,0,0.36464937806064734,0.34209769230438131,0
5.5275,1,-0.22018336520797754,-0.17890945541761488,0,-0.20149637476556473,0.22225933266419906,0
5.53,0,-0.34724576156327946,-0.058898587121508528,0,0.36547382236313986,0.34121677152109059,0
5.53,1,-0.22068642614327494,-0.17835319212132975,0,-0.20095237347236106,0.22275130436391327,0
5.5325,0,-0.34633104901497508,-0.058046648931869171,0,0.3662962162803709,0.34033378019039451,0
5.5325,1,-0.22118812560889994,-0.17779570059162345,0,-0.20040719902764012,0.22324191940111929,0
5.535,0,-0.3454142830513845,-0.057196920803252928,0,0.3671165545920958,0.33944872270260312,0
5.535,1,-0.22168846067618256,-0.17723698422347581,0,-0.19986085479846205,0.22373117511698737,0
5.5375,0,-0.34449546881803755,-0.056349407895548133,0,0.36793483208546374,0.3385616034612336,0
5.5375,1,-0.22218742842487713,-0.17667704641850338,0,-0.19931334415720153,0.22421906886095333,0
5.54,0,-0.34357461147348689,-0.055504115357617831,0,0.36875104355505078,0.33767242688300897,0
5.54,1,-0.22268502594317555,-0.17611589058493879,0,-0.19876467048152818,0.22470559799072543,0
5.5425,0,-0.34265171618928947,-0.054661048327266752,0,0.36956518380289288,0.33678119739785656,0
5.5425,1,-0.22318125032772043,-0.17555352013761003,0,-0.19821483715438681,0.22519075987229117,0
5.545,0,-0.34172678814998769,-0.053820211931208298,0,0.37037724763851909,0.3358879194489065,0
5.545,1,-0.22367609868361837,-0.17498993849791974,0,-0.1976638475639777,0.22567455187992416,0
5.5475,0,-0.34079983255309082,-0.052981611285031552,0,0.37118722987898489,0.33499259749249033,0
5.5475,1,-0.22416956812445302,-0.17442514909382459,0,-0.19711170510373699,0.2261569713961907,0
5.55,0,-0.33987085460905597,-0.052145251493168267,0,0.37199512534890533,0.33409523599813901,0
5.55,1,-0.22466165577229807,-0.17385915535981442,0,-0.19655841317231698,0.22663801581195667,0
5.5525,0,-0.33893985954126921,-0.051311137648859868,0,0.3728009288804886,0.33319583944858144,0
5.5525,1,-0.22515235875773043,-0.17329196073689149,0,-0.19600397517356652,0.22711768252639403,0
5.555,0,-0.33800685258602664,-0.050479274834124462,0,0.37360463531356936,0.3322944123397425,0
5.555,1,-0.22564167421984302,-0.17272356867254976,0,-0.19544839451651136,0.22759596894698753,0
5.5575,0,-0.33707183899251514,-0.049649668119723857,0,0.37440623949564233,0.33139095918074118,0
5.5575,1,-0.22612959930625784,-0.1721539826207541,0,-0.19489167461533458,0.22807287248954122,0
5.56,0,-0.33613482402279321,-0.048822322565130569,0,0.37520573628189596,0.33048548449388865,0
5.56,1,-0.2266161311731387,-0.17158320604191943,0,-0.19433381888935686,0.22854839057818505,0
5.5625,0,-0.33519581295177181,-0.047997243218494849,0,0.37600312053524604,0.32957799281468603,0
5.5625,1,-0.22710126698520416,-0.17101124240288998,0,-0.19377483076301705,0.22902252064538126,0
5.565,0,-0.33425481106719479,-0.047174435116611714,0,0.37679838712636948,0.32866848869182236,0
5.565,1,-0.22758500391574024,-0.17043809517691835,0,-0.19321471366585247,0.22949526013193089,0
5.5675,0,-0.33331182366961964,-0.046353903284887969,0,0.37759153093373832,0.32775697668717241,0
5.5675,1,-0.22806733914661315,-0.16986376784364471,0,-0.19265347103247943,0.22996660648698017,0
5.57,0,-0.33236685607239791,-0.045535652737309258,0,0.37838254684365341,0.32684346137579434,0
5.57,1,-0.22854826986828197,-0.16928826388907595,0,-0.19209110630257367,0.23043655716802688,0
5.5725,0,-0.33141991360165551,-0.044719688476407109,0,0.37917142975027862,0.32592794734592717,0
5.5725,1,-0.22902779327981126,-0.16871158680556475,0,-0.19152762292085077,0.2309051096409267,0
5.575,0,-0.33047100159627307,-0.043906015493225967,0,0.37995817455567471,0.32501043919898842,0
5.575,1,-0.22950590658888365,-0.16813374009178872,0,-0.19096302433704668,0.23137226137989941,0
5.5775,0,-0.32952012540786618,-0.043094638767290264,0,0.38074277616983371,0.32409094154957163,0
5.5775,1,-0.22998260701181233,-0.16755472725272944,0,-0.19039731400589824,0.23183800986753522,0
5.58,0,-0.32856729040076549,-0.042285563266571492,0,0.38152522951071288,0.32316945902544353,0
5.58,1,-0.23045789177355361,-0.16697455179965151,0,-0.18983049538712363,0.23230235259480092,0
5.5825,0,-0.32761250195199676,-0.04147879394745526,0,0.38230552950426927,0.32224599626754136,0
5.5825,1,-0.23093175810771926,-0.16639321725008172,0,-0.18926257194540291,0.23276528706104602,0
5.585,0,-0.32665576545126079,-0.040674335754708371,0,0.38308367108449393,0.32132055792997005,0
5.585,1,-0.23140420325658898,-0.16581072712778791,0,-0.1886935471503586,0.23322681077400892,0
5.5875,0,-0.32569708630091337,-0.039872193621445909,0,0.3838596491934464,0.32039314867999946,0
5.5875,1,-0.2318752244711226,-0.16522708496275812,0,-0.18812342447653618,0.23368692124982296,0
5.59,0,-0.32473646991594496,-0.039072372469098331,0,0.38463345878128918,0.31946377319806118,0
5.59,1,-0.23234481901097251,-0.16464229429117958,0,-0.18755220740338469,0.23414561601302242,0
5.5925,0,-0.32377392172396047,-0.038274877207378571,0,0.38540509480632251,0.31853243617774551,0
5.5925,1,-0.23281298414449578,-0.16405635865541762,0,-0.18697989941523727,0.2346028925965486,0
5.595,0,-0.3228094471651588,-0.037479712734249139,0,0.38617455223501879,0.31759914232579839,0
5.595,1,-0.23327971714876644,-0.16346928160399474,0,-0.18640650400129183,0.23505874854175568,0
5.5975,0,-0.32184305169231248,-0.036686883935889245,0,0.38694182604205746,0.31666389636211789,0
5.5975,1,-0.23374501530958755,-0.16288106669156951,0,-0.18583202465559162,0.23551318139841673,0
5.6,0,-0.32087474077074696,-0.035896395686661905,0,0.38770691121035977,0.3157267030197512,0
5.6,1,-0.2342088759215033,-0.16229171747891558,0,-0.18525646487700581,0.23596618872472952,0
5.6025,0,-0.31990451987832008,-0.035108252849081104,0,0.3884698027311238,0.31478756704489097,0
5.6025,1,-0.23467129628781108,-0.1617012375329005,0,-0.18467982816921022,0.23641776808732237,0
5.605,0,-0.31893239450540134,-0.034322460273778901,0,0.38923049560385925,0.31384649319687175,0
5.605,1,-0.23513227372057344,-0.16110963042646478,0,-0.18410211804066787,0.23686791706126001,0
5.6075,0,-0.31795837015485101,-0.033539022799472601,0,0.38998898483642253,0.31290348624816655,0
5.6075,1,-0.23559180554063003,-0.16051689973860064,0,-0.18352333800460977,0.23731663323004926,0
5.61,0,-0.31698245234199918,-0.032757945252931915,0,0.39074526544505189,0.31195855098438302,0
5.61,1,-0.23604988907760957,-0.15992304905433102,0,-0.18294349157901549,0.23776391418564477,0
5.6125,0,-0.31600464659462485,-0.031979232448946113,0,0.3914993324544026,0.31101169220425962,0
5.6125,1,-0.23650652166994157,-0.1593280819646884,0,-0.18236258228659397,0.23820975752845477,0
5.615,0,-0.31502495845293488,-0.031202889190291211,0,0.39225118089758221,0.31006291471966174,0
5.615,1,-0.23696170066486827,-0.15873200206669363,0,-0.18178061365476411,0.23865416086734662,0
5.6175,0,-0.31404339346954269,-0.030428920267697161,0,0.39300080581618585,0.30911222335557775,0
5.6175,1,-0.23741542341845626,-0.1581348129633349,0,-0.18119758921563561,0.23909712181965248,0
5.62,0,-0.31305995720944702,-0.029657330459815046,0,0.39374820226033164,0.3081596229501149,0
5.62,1,-0.23786768729560828,-0.15753651826354637,0,-0.18061351250598967,0.23953863801117489,0
5.6225,0,-0.31207465525001071,-0.028888124533184283,0,0.39449336528869611,0.30720511835449515,0
5.6225,1,-0.23831848967007485,-0.15693712158218714,0,-0.18002838706725971,0.23997870707619223,0
5.625,0,-0.31108749318093915,-0.028121307242199849,0,0.39523628996854987,0.30624871443305091,0
5.625,1,-0.23876782792446583,-0.15633662654002006,0,-0.17944221644551223,0.24041732665746429,0
5.6275,0,-0.31009847660425871,-0.027356883329079509,0,0.39597697137579313,0.30529041606322055,0
5.6275,1,-0.239215699450262,-0.15573503676369044,0,-0.17885500419142752,0.24085449440623771,0
5.63,0,-0.30910761113429525,-0.026594857523831054,0,0.39671540459499133,0.30433022813554411,0
5.63,1,-0.23966210164782664,-0.15513235588570481,0,-0.17826675386028054,0.24129020798225131,0
5.6325,0,-0.30811490239765227,-0.02583523454421955,0,0.397451584719411,0.3033681555536587,0
5.6325,1,-0.24010703192641689,-0.15452858754440982,0,-0.17767746901192166,0.24172446505374165,0
5.635,0,-0.30712035603318921,-0.025078019095734608,0,0.39818550685105553,0.30240420323429368,0
5.635,1,-0.24055048770419524,-0.15392373538397083,0,-0.17708715321075752,0.24215726329744816,0
5.6375,0,-0.3061239776919995,-0.024323215871557658,0,0.3989171661007011,0.30143837610726615,0
5.6375,1,-0.24099246640824085,-0.15331780305435075,0,-0.17649581002573192,0.24258860039861865,0
5.64,0,-0.30512577303738869,-0.023570829552529232,0,0.3996465575879326,0.30047067911547587,0
5.64,1,-0.24143296547456089,-0.15271079421128872,0,-0.17590344303030667,0.24301847405101445,0
5.6425,0,-0.30412574774485229,-0.022820864807116262,0,0.40037367644117966,0.29950111721490047,0
5.6425,1,-0.24187198234810184,-0.1521027125162788,0,-0.17531005580244244,0.24344688195691572,0
5.645,0,-0.30312390750205365,-0.022073326291379397,0,0.40109851779775285,0.29852969537459034,0
5.645,1,-0.24230951448276061,-0.15149356163654876,0,-0.17471565192457966,0.24387382182712652,0
5.6475,0,-0.3021202580088016,-0.021328218648940328,0,0.40182107680387974,0.29755641857666348,0
5.6475,1,-0.24274555934139586,-0.15088334524503863,0,-0.17412023498361948,0.24429929138098019,0
5.65,0,-0.30111480497702831,-0.020585546510949123,0,0.40254134861474111,0.29658129181630022,0
5.65,1,-0.243180114395839,-0.15027206702037949,0,-0.17352380857090466,0.24472328834634427,0
5.6525,0,-0.30010755413076673,-0.019845314496051574,0,0.40325932839450751,0.29560432010173793,0
5.6525,1,-0.24361317712690539,-0.14965973064687202,0,-0.17292637628220048,0.24514581045962572,0
5.655,0,-0.29909851120612813,-0.019107527210356572,0,0.40397501131637531,0.29462550845426544,0
5.655,1,-0.24404474502440524,-0.14904633981446527,0,-0.17232794171767576,0.24556685546577589,0
5.6575,0,-0.29808768195127938,-0.018372189247403466,0,0.40468839256260342,0.29364486190821765,0
5.6575,1,-0.2444748155871547,-0.14843189821873518,0,-0.17172850848188384,0.24598642111829561,0
5.66,0,-0.29707507212642043,-0.017639305188129482,0,0.40539946732454957,0.29266238551096974,0
5.66,1,-0.24490338632298672,-0.14781640956086325,0,-0.17112808018374348,0.24640450517924012,0
5.6625,0,-0.29606068750376136,-0.016908879600837104,0,0.40610823080270714,0.29167808432293152,0
5.6625,1,-0.24533045474876206,-0.14719987754761518,0,-0.17052666043651998,0.24682110541922408,0
5.665,0,-0.29504453386749957,-0.016180917041161511,0,0.40681467820674166,0.29069196341754139,0
5.665,1,-0.24575601839037997,-0.14658230589131938,0,-0.16992425285780607,0.24723621961742639,0
5.6675,0,-0.29402661701379673,-0.015455422052038009,0,0.4075188047555276,0.28970402788126054,0
5.6675,1,-0.24618007478278911,-0.1459636983098456,0,-0.16932086106950309,0.24764984556159517,0
5.67,0,-0.29300694275075584,-0.014732399163669476,0,0.40822060567718499,0.28871428281356681,0
5.67,1,-0.24660262146999823,-0.14534405852658352,0,-0.16871648869780193,0.24806198104805255,0
5.6725,0,-0.29198551689839797,-0.014011852893493831,0,0.40892007620911652,0.28772273332694853,0
5.6725,1,-0.24702365600508694,-0.14472339027042133,0,-0.16811113937316413,0.24847262388169949,0
5.675,0,-0.29096234528863901,-0.013293787746151522,0,0.40961721159804432,0.28672938454689811,0
5.675,1,-0.24744317595021628,-0.14410169727572419,0,-0.16750481673030299,0.24888177187602054,0
5.6775,0,-0.28993743376526637,-0.012578208213453018,0,0.410312007100047,0.28573424161190586,0
5.6775,1,-0.24786117887663936,-0.14347898328231282,0,-0.1668975244081646,0.24928942285308861,0
5.68,0,-0.28891078818391558,-0.011865118774346319,0,0.41100445798059659,0.28473730967345323,0
5.68,1,-0.24827766236471197,-0.142855252035442,0,-0.16628926604990907,0.24969557464356967,0
5.6825,0,-0.28788241441204659,-0.011154523894884494,0,0.41169455951459583,0.28373859389600647,0
5.6825,1,-0.24869262400390296,-0.14223050728577913,0,-0.16568004530289152,0.25010022508672741,0
5.685,0,-0.28685231832892033,-0.010446428028193224,0,0.41238230698641526,0.28273809945700973,0
5.685,1,-0.24910606139280489,-0.14160475278938267,0,-0.16506986581864333,0.25050337203042794,0
5.6875,0,-0.28582050582557489,-0.0097408356144383645,0,0.41306769568993046,0.28173583154687826,0
5.6875,1,-0.24951797213914426,-0.14097799230768071,0,-0.16445873125285329,0.25090501333114423,0
5.69,0,-0.2847869828048018,-0.0090377510807935265,0,0.41375072092855936,0.28073179536899157,0
5.69,1,-0.24992835385979201,-0.14035022960744933,0,-0.1638466452653487,0.25130514685396094,0
5.6925,0,-0.283751755181122,-0.0083371788414076803,0,0.41443137801529967,0.27972599613968618,0
5.6925,1,-0.25033720418077376,-0.13972146846079117,0,-0.16323361152007662,0.25170377047257875,0
5.695,0,-0.28271482888076194,-0.0076391232973727612,0,0.41510966227276636,0.27871843908824873,0
5.695,1,-0.25074452073728021,-0.1390917126451138,0,-0.16261963368508509,0.25210088206931891,0
5.6975,0,-0.28167620984162944,-0.0069435888366913149,0,0.41578556903322894,0.27770912945690845,0
5.6975,1,-0.2511503011736772,-0.13846096594310825,0,-0.16200471543250433,0.25249647953512777,0
5.7,0,-0.28063590401328958,-0.0062505798342441417,0,0.41645909363864936,0.27669807250083006,0
5.7,1,-0.251554543143516,-0.13782923214272735,0,-0.16138886043852799,0.25289056076958122,0
5.7025,0,-0.27959391735694039,-0.0055601006517579715,0,0.41713023144071942,0.27568527348810595,0
5.7025,1,-0.25195724430954342,-0.13719651503716426,0,-0.16077207238339439,0.25328312368088901,0
5.705,0,-0.27855025584538839,-0.0048721556377731533,0,0.41779897780089847,0.27467073769974892,0
5.705,1,-0.25235840234371187,-0.13656281842483078,0,-0.16015435495136779,0.25367416618589922,0
5.7075,0,-0.27750492546302419,-0.0041867491276113616,0,0.41846532809045134,0.27365447042968416,0
5.7075,1,-0.25275801492718947,-0.13592814610933579,0,-0.15953571183071971,0.25406368621010261,0
5.71,0,-0.27645793220579801,-0.0035038854433433295,0,0.41912927769048591,0.27263647698474158,0
5.71,1,-0.25315607975037002,-0.13529250189946362,0,-0.15891614671371021,0.25445168168763682,0
5.7125,0,-0.27540928208119492,-0.0028235688937565924,0,0.41979082199199125,0.27161676268464785,0
5.7125,1,-0.25355259451288287,-0.13465588960915245,0,-0.15829566329656916,0.25483815056129083,0
5.715,0,-0.27435898110821011,-0.00214580377432326,0,0.4204499563958754,0.27059533286201831,0
5.715,1,-0.25394755692360294,-0.13401831305747269,0,-0.1576742652794777,0.25522309078250899,0
5.7175,0,-0.27330703531732403,-0.0014705943671678009,0,0.42110667631300341,0.26957219286234885,0
5.7175,1,-0.25434096470066048,-0.13337977606860532,0,-0.15705195636654945,0.25560650031139537,0
5.72,0,-0.27225345075047747,-0.00079794494103485538,0,0.42176097716423544,0.26854734804400748,0
5.72,1,-0.25473281557145094,-0.13274028247182018,0,-0.15642874026581199,0.25598837711671801,0
5.7225,0,-0.2711982334610466,-0.00012785975125706331,0,0.42241285438046489,0.26752080377822612,0
5.7225,1,-0.2551231072726447,-0.1320998361014544,0,-0.15580462068918816,0.25636871917591292,0
5.725,0,-0.27014138951381772,0.00053965696027708432,0,0.4230623034026566,0.26649256544909194,0
5.725,1,-0.2555118375501968,-0.13145844079689065,0,-0.15517960135247746,0.25674752447508831,0
5.7275,0,-0.26908292498496206,0.0012046009651553726,0,0.42370931968188502,0.26546263845353868,0
5.7275,1,-0.25589900415935657,-0.1308161004025355,0,-0.15455368597533756,0.25712479100902863,0
5.73,0,-0.26802284596201048,0.0018669680484739684,0,0.42435389867937257,0.26443102820133801,0
5.73,1,-0.2562846048646773,-0.13017281876779771,0,-0.15392687828126558,0.25750051678119862,0
5.7325,0,-0.26696115854382813,0.0025267540088695041,0,0.42499603586652807,0.2633977401150906,0
5.7325,1,-0.25666863744002588,-0.12952859974706651,0,-0.15329918199757969,0.25787469980374739,0
5.735,0,-0.26589786884058875,0.0031839546585511387,0,0.42563572672498506,0.26236277963021704,0
5.735,1,-0.25705109966859213,-0.12888344719968994,0,-0.15267060085540046,0.25824733809751244,0
5.7375,0,-0.26483298297374924,0.0038385658233325961,0,0.42627296674664039,0.26132615219494887,0
5.7375,1,-0.2574319893428984,-0.12823736498995303,0,-0.15204113858963236,0.25861842969202353,0
5.74,0,-0.26376650707602384,0.0044905833426641811,0,0.42690775143369269,0.26028786327031928,0
5.74,1,-0.25781130426480914,-0.12759035698705612,0,-0.1514107989389453,0.25898797262550671,0
5.7425,0,-0.26269844729135838,0.005140003069664772,0,0.42754007629868102,0.25924791833015365,0
5.7425,1,-0.25818904224554001,-0.12694242706509312,0,-0.15077958564575605,0.25935596494488816,0
5.745,0,-0.26162880977490438,0.0057868208711537895,0,0.42816993686452343,0.25820632286106016,0
5.745,1,-0.2585652011056675,-0.12629357910302977,0,-0.15014750245620986,0.25972240470579816,0
5.7475,0,-0.26055760069299305,0.0064310326276831404,0,0.42879732866455578,0.25716308236242025,0
5.7475,1,-0.25893977867513795,-0.1256438169846818,0,-0.14951455312016196,0.26008728997257485,0
5.75,0,-0.25948482622310914,0.0070726342335691392,0,0.42942224724257055,0.25611820234637872,0
5.75,1,-0.25931277279327708,-0.12499314459869325,0,-0.14888074139115906,0.26045061881826809,0
5.7525,0,-0.25841049255386483,0.007711621596924405,0,0.43004468815285563,0.25507168833783406,0
5.7525,1,-0.25968418130879906,-0.12434156583851461,0,-0.14824607102642104,0.26081238932464329,0
5.755,0,-0.25733460588497348,0.0083479906396897331,0,0.43066464696023304,0.25402354587442838,0
5.755,1,-0.2600540020798156,-0.12368908460238107,0,-0.14761054578682242,0.26117259958218508,0
5.7575,0,-0.25625717242722307,0.0089817372976659406,0,0.43128211924009824,0.25297378050653724,0
5.7575,1,-0.2604222329738452,-0.12303570479329071,0,-0.14697416943687405,0.26153124769010111,0
5.76,0,-0.25517819840244987,0.0096128575205456871,0,0.4318971005784587,0.25192239779725961,0
5.76,1,-0.26078887186782218,-0.12238143031898267,0,-0.14633694574470466,0.26188833175632575,0
5.7625,0,-0.25409769004351185,0.010241347271945271,0,0.4325095865719733,0.25086940332240742,0
5.7625,1,-0.26115391664810561,-0.12172626509191536,0,-0.14569887848204252,0.26224384989752375,0
5.765,0,-0.25301565359426187,0.0108672025294364,0,0.43311957282799124,0.24981480267049502,0
5.765,1,-0.26151736521048841,-0.12107021302924459,0,-0.14505997142419713,0.2625978002390939,0
5.7675,0,-0.25193209530952115,0.011490419284577931,0,0.4337270549645913,0.24875860144272874,0
5.7675,1,-0.26187921546020621,-0.12041327805280176,0,-0.14442022835004081,0.26295018091517264,0
5.77,0,-0.25084702145505211,0.012110993542947587,0,0.43433202861062103,0.24770080525299601,0
5.77,1,-0.26223946531194625,-0.11975546408907201,0,-0.14377965304199045,0.26330099006863761,0
5.7725,0,-0.24976043830753167,0.01272892132417365,0,0.43493448940573598,0.24664141972785461,0
5.7725,1,-0.26259811268985622,-0.11909677506917232,0,-0.14313824928598914,0.26365022585111125,0
5.775,0,-0.24867235215452396,0.01334419866196662,0,0.43553443300043898,0.24558045050652164,0
5.775,1,-0.26295515552755305,-0.11843721492882973,0,-0.14249602087148797,0.2639978864229644,0
5.7775,0,-0.24758276929445328,0.01395682160415085,0,0.43613185505611973,0.24451790324086239,0
5.7775,1,-0.26331059176813171,-0.11777678760835938,0,-0.14185297159142765,0.26434396995331966,0
5.78,0,-0.24649169603657675,0.014566786212696152,0,0.43672675124509402,0.2434537835953792,0
5.78,1,-0.26366441936417379,-0.11711549705264267,0,-0.14120910524222038,0.26468847462005496,0
5.7825,0,-0.24539913870095709,0.015174088563749376,0,0.43731911725064326,0.24238809724719998,0
5.7825,1,-0.26401663627775623,-0.11645334721110534,0,-0.1405644256237315,0.26503139860980701,0
5.785,0,-0.24430510361843497,0.015778724747665958,0,0.43790894876705405,0.24132084988606675,0
5.785,1,-0.26436724048045995,-0.11579034203769561,0,-0.1399189365392613,0.26537274011797468,0
5.7875,0,-0.24320959713060158,0.016380690869041446,0,0.43849624149965771,0.24025204721432403,0
5.7875,1,-0.26471622995337846,-0.11512648549086224,0,-0.13927264179552681,0.26571249734872243,0
5.79,0,-0.24211262558977092,0.016979983046742985,0,0.43908099116486998,0.23918169494690708,0
5.79,1,-0.26506360268712614,-0.11446178153353261,0,-0.13862554520264364,0.26605066851498371,0
5.7925,0,-0.24101419535895205,0.01757659741394078,0,0.43966319349023053,0.23810979881132996,0
5.7925,1,-0.26540935668184706,-0.1137962341330908,0,-0.13797765057410774,0.26638725183846423,0
5.795,0,-0.23991431281182121,0.018170530118139534,0,0.44024284421444299,0.23703636454767357,0
5.795,1,-0.26575348994722314,-0.11312984726135566,0,-0.1373289617267773,0.2667222455496453,0
5.7975,0,-0.23881298433269388,0.018761777321209844,0,0.44081993908741446,0.23596139790857348,0
5.7975,1,-0.26609600050248267,-0.11246262489455887,0,-0.13667948248085457,0.26705564788778707,0
5.8,0,-0.23771021631649675,0.019350335199419571,0,0.4413944738702954,0.23488490465920761,0
5.8,1,-0.26643688637640855,-0.11179457101332296,0,-0.13602921665986772,0.26738745710093192,0
5.8025,0,-0.23660601516873947,0.019936199943465186,0,0.44196644433551963,0.23380689057728379,0
5.8025,1,-0.26677614560734669,-0.11112568960263941,0,-0.13537816809065273,0.26771767144590758,0
5.805,0,-0.2355003873054865,0.020519367758503076,0,0.44253584626684417,0.23272736145302728,0
5.805,1,-0.2671137762432142,-0.11045598465184661,0,-0.13472634060333527,0.2680462891883304,0
5.8075,0,-0.23439333915332872,0.021099834864180822,0,0.44310267545938914,0.23164632308916802,0
5.8075,1,-0.26744977634150752,-0.10978546015460794,0,-0.13407373803131267,0.26837330860260844,0
5.81,0,-0.23328487714935489,0.021677597494668441,0,0.44366692771967786,0.23056378130092783,0
5.81,1,-0.26778414396931072,-0.10911412010888975,0,-0.13342036421123579,0.26869872797194472,0
5.8125,0,-0.23217500774112321,0.022252651898689611,0,0.444228598865677,0.22947974191600745,0
5.8125,1,-0.26811687720330352,-0.10844196851693939,0,-0.13276622298299101,0.26902254558834038,0
5.815,0,-0.23106373738663258,0.022824994339552835,0,0.4447876847268365,0.22839421077457336,0
5.815,1,-0.26844797412976934,-0.10776900938526322,0,-0.13211131818968216,0.26934475975259758,0
5.8175,0,-0.22995107255429387,0.023394621095182609,0,0.44534418114412988,0.22730719372924471,0
5.8175,1,-0.26877743284460348,-0.10709524672460458,0,-0.13145565367761247,0.2696653687743229,0
5.82,0,-0.22883701972290107,0.023961528458150513,0,0.44589808397009434,0.22621869664507979,0
5.82,1,-0.26910525145332082,-0.10642068454992176,0,-0.13079923329626664,0.26998437097193007,0
5.8225,0,-0.22772158538160236,0.024525712735706317,0,0.44644938906887116,0.22512872539956258,0
5.8225,1,-0.26943142807106402,-0.10574532688036604,0,-0.13014206089829278,0.27030176467264322,0
5.825,0,-0.22660477602987097,0.025087170249809006,0,0.44699809231624577,0.22403728588258912,0
5.825,1,-0.26975596082261122,-0.10506917773925961,0,-0.12948414033948441,0.27061754821249978,0
5.8275,0,-0.22548659817747604,0.025645897337157809,0,0.44754418959968828,0.22294438399645369,0
5.8275,1,-0.27007884784238401,-0.10439224115407354,0,-0.12882547547876261,0.27093171993635345,0
5.83,0,-0.22436705834445345,0.02620189034922317,0,0.44808767681839379,0.22185002565583492,0
5.83,1,-0.27040008727445514,-0.10371452115640575,0,-0.12816607017815793,0.27124427819787728,0
5.8325,0,-0.22324616306107631,0.026755145652277691,0,0.44862854988332274,0.22075421678778168,0
5.8325,1,-0.2707196772725563,-0.10303602178195895,0,-0.12750592830279253,0.27155522135956633,0
5.835,0,-0.22212391886782559,0.02730565962742704,0,0.44916680471724152,0.21965696333169893,0
5.835,1,-0.27103761600008586,-0.10235674707051856,0,-0.12684505372086227,0.27186454779274088,0
5.8375,0,-0.22100033231536059,0.027853428670640831,0,0.44970243725476283,0.2185582712393333,0
5.8375,1,-0.27135390163011647,-0.1016767010659307,0,-0.1261834503036188,0.27217225587754917,0
5.84,0,-0.21987540996448915,0.028398449192783445,0,0.45023544344238636,0.21745814647475867,0
5.84,1,-0.27166853234540267,-0.10099588781608006,0,-0.12552112192535161,0.27247834400297016,0
5.8425,0,-0.21874915838613798,0.028940717619644844,0,0.45076581923853926,0.21635659501436147,0
5.8425,1,-0.27198150633838858,-0.10031431137286782,0,-0.12485807246337023,0.27278281056681652,0
5.845,0,-0.2176215841613228,0.029480230391971327,0,0.45129356061361686,0.215253622846826,0
5.845,1,-0.27229282181121528,-0.099631975792189631,0,-0.12419430579798632,0.27308565397573742,0
5.8475,0,-0.21649269388111825,0.03001698396549626,0,0.45181866355002326,0.21414923597311944,0
5.8475,1,-0.27260247697572837,-0.098948885133913436,0,-0.12352982581249587,0.2733868726452211,0
5.85,0,-0.21536249414662795,0.030550974810970754,0,0.45234112404221205,0.2130434404064768,0
5.85,1,-0.27291047005348545,-0.09826504346185741,0,-0.12286463639316135,0.27368646499959798,0
5.8525,0,-0.21423099156895428,0.031082199414194333,0,0.45286093809672717,0.21193624217238577,0
5.8525,1,-0.27321679927576342,-0.097580454843767858,0,-0.12219874142919386,0.27398442947204305,0
5.855,0,-0.21309819276916808,0.031610654276045529,0,0.45337810173224352,0.21082764730857129,0
5.855,1,-0.27352146288356582,-0.096895123351297074,0,-0.12153214481273539,0.27428076450457883,0
5.8575,0,-0.21196410437827826,0.03213633591251247,0,0.45389261097960798,0.20971766186498014,0
5.8575,1,-0.27382445912763032,-0.096209053059981259,0,-0.12086485043884099,0.27457546854807791,0
5.86,0,-0.2108287330372014,0.032659240854723402,0,0.45440446188188005,0.20860629190376528,0
5.86,1,-0.2741257862684357,-0.095522248049218328,0,-0.120196862205461,0.27486854006226563,0
5.8625,0,-0.20969208539673109,0.033179365648977194,0,0.45491365049437288,0.20749354349927004,0
5.8625,1,-0.27442544257620932,-0.094834712402245835,0,-0.11952818401342333,0.27515997751572285,0
5.865,0,-0.20855416811750727,0.033696706856773798,0,0.45542017288469422,0.20637942273801221,0
5.865,1,-0.27472342633093411,-0.094146450206118823,0,-0.11885881976641569,0.27544977938588844,0
5.8675,0,-0.20741498786998541,0.034211261054844649,0,0.45592402513278729,0.20526393571866799,0
5.8675,1,-0.27501973582235584,-0.09345746555168763,0,-0.11818877337096784,0.27573794415906183,0
5.87,0,-0.20627455133440573,0.034723024835183053,0,0.45642520333097192,0.20414708855205571,0
5.87,1,-0.2753143693499901,-0.092767762533575798,0,-0.11751804873643391,0.27602447033040572,0
5.8725,0,-0.20513286520076202,0.035231994805074524,0,0.45692370358398543,0.20302888736111951,0
5.8725,1,-0.27560732522312936,-0.092077345250157858,0,-0.11684664977497472,0.2763093564039486,0
5.875,0,-0.20398993616877076,0.035738167587127063,0,0.45741952200902386,0.20190933828091281,0
5.875,1,-0.27589860176085002,-0.091386217803537187,0,-0.11617458040154002,0.27659260089258714,0
5.8775,0,-0.20284577094783976,0.036241539819301428,0,0.45791265473578291,0.20078844745858168,0
5.8775,1,-0.27618819729201927,-0.090694384299523839,0,-0.11550184453385091,0.2768742023180889,0
5.88,0,-0.20170037625703691,0.03674210815494134,0,0.45840309790649925,0.19966622105334791,0
5.88,1,-0.27647611015530205,-0.090001848847612365,0,-0.11482844609238212,0.2771541592110946,0
5.8825,0,-0.2005537588250588,0.037239869262803642,0,0.45889084767599159,0.19854266523649222,0
5.8825,1,-0.27676233869916794,-0.089308615560959592,0,-0.11415438900034437,0.27743247011112082,0
5.885,0,-0.19940592539019919,0.037734819827088428,0,0.45937590021170188,0.19741778619133699,0
5.885,1,-0.27704688128189797,-0.088614688556362495,0,-0.11347967718366681,0.27770913356656218,0
5.8875,0,-0.19825688270031738,0.038226956547469139,0,0.45985825169373662,0.19629159011322905,0
5.8875,1,-0.2773297362715913,-0.087920071954235929,0,-0.11280431457097928,0.27798414813469391,0
5.89,0,-0.19710663751280658,0.038716276139122575,0,0.46033789831490801,0.19516408320952233,0
5.89,1,-0.277610902046172,-0.087224769878590472,0,-0.11212830509359487,0.27825751238167423,0
5.8925,0,-0.19595519659456198,0.039202775332758927,0,0.46081483628077535,0.19403527169956017,0
5.8925,1,-0.27789037699339586,-0.08652878645701019,0,-0.11145165268549218,0.27852922488254678,0
5.895,0,-0.1948025667219489,0.039686450874651696,0,0.46128906180968637,0.19290516181465769,0
5.895,1,-0.27816815951085683,-0.085832125820630448,0,-0.11077436128329785,0.27879928422124273,0
5.8975,0,-0.19364875468077078,0.040167299526667623,0,0.46176057113281849,0.19177375979808395,0
5.8975,1,-0.27844424800599377,-0.085134792104115661,0,-0.11009643482626898,0.27906768899058343,0
5.9,0,-0.19249376726623699,0.04064531806629653,0,0.46222936049422031,0.19064107190504376,0
5.9,1,-0.27871864089609694,-0.084436789445637081,0,-0.10941787725627554,0.27933443779228245,0
5.9025,0,-0.19133761128293064,0.041120503286681161,0,0.46269542615085291,0.18950710440265972,0
5.9025,1,-0.27899133660831449,-0.083738121986850544,0,-0.10873869251778291,0.27959952923694803,0
5.905,0,-0.19018029354477628,0.041592851996646925,0,0.46315876437263137,0.18837186356995375,0
5.905,1,-0.27926233357965902,-0.083038793872874259,0,-0.10805888455783431,0.27986296194408528,0
5.9075,0,-0.18902182087500741,0.042062361020731652,0,0.46361937144246629,0.18723535569782862,0
5.9075,1,-0.27953163025701383,-0.082338809252266526,0,-0.10737845732603332,0.28012473454209846,0
5.91,0,-0.18786220010613394,0.042529027199215252,0,0.46407724365630515,0.18609758708904936,0
5.91,1,-0.2797992250971395,-0.08163817227700354,0,-0.10669741477452639,0.28038484566829314,0
5.9125,0,-0.1867014380799096,0.042992847388149347,0,0.46453237732317393,0.18495856405822442,0
5.9125,1,-0.28006511656668015,-0.08093688710245707,0,-0.10601576085798534,0.28064329396887849,0
5.915,0,-0.18553954164729911,0.04345381845938686,0,0.46498476876521855,0.18381829293178675,0
5.915,1,-0.28032930314216964,-0.080234957887372255,0,-0.10533349953358993,0.28090007809896939,0
5.9175,0,-0.1843765176684454,0.043911937300611562,0,0.46543441431774663,0.18267678004797469,0
5.9175,1,-0.28059178331003787,-0.079532388793845304,0,-0.10465063476101041,0.2811551967225886,0
5.92,0,-0.18321237301263663,0.044367200815367547,0,0.46588131032926883,0.18153403175681271,0
5.92,1,-0.28085255556661715,-0.078829183987301238,0,-0.10396717050239006,0.28140864851266895,0
5.9225,0,-0.1820471145582731,0.04481960592308868,0,0.46632545316154067,0.18039005442009196,0
5.9225,1,-0.28111161841814802,-0.078125347636471582,0,-0.10328311072232776,0.28166043215105541,0
5.925,0,-0.18088074919283417,0.045269149559127982,0,0.46676683918960404,0.17924485441135071,0
5.925,1,-0.28136897038078573,-0.077420883913372124,0,-0.10259845938786064,0.28191054632850721,0
5.9275,0,-0.17971328381284488,0.04571582867478699,0,0.46720546480182901,0.17809843811585468,0
5.9275,1,-0.28162460998060612,-0.076715796993280613,0,-0.1019132204684466,0.28215898974469994,0
5.93,0,-0.17854472532384263,0.046159640237345027,0,0.46764132639995531,0.17695081193057705,0
5.93,1,-0.2818785357536116,-0.076010091054714457,0,-0.10122739793594702,0.28240576110822763,0
5.9325,0,-0.17737508064034377,0.046600581230088471,0,0.46807442039913427,0.17580198226417845,0
5.9325,1,-0.28213074624573731,-0.075303770279408419,0,-0.10054099576460931,0.28265085913660465,0
5.935,0,-0.17620435668580989,0.047038648652339927,0,0.46850474322797031,0.17465195553698681,0
5.935,1,-0.28238124001285686,-0.074596838852292333,0,-0.099854017931049616,0.28289428255626786,0
5.9375,0,-0.17503256039261422,0.047473839519487381,0,0.46893229132856284,0.17350073818097689,0
5.9375,1,-0.28263001562078849,-0.073889300961468771,0,-0.09916646841423539,0.28313603010257871,0
5.94,0,-0.17385969870200785,0.047906150863013287,0,0.46935706115654796,0.17234833663974983,0
5.94,1,-0.28287707164530063,-0.073181160798190772,0,-0.098478351195468175,0.28337610051982492,0
5.9425,0,-0.17268577856408573,0.048335579730523617,0,0.46977904918114027,0.17119475736851242,0
5.9425,1,-0.28312240667211791,-0.072472422556839458,0,-0.097789670258366199,0.28361449256122279,0
5.945,0,-0.17151080693775284,0.048762123185776829,0,0.47019825188517467,0.17004000683405623,0
5.945,1,-0.28336601929692695,-0.071763090434901783,0,-0.097100429588847098,0.28385120498891886,0
5.9475,0,-0.17033479079068994,0.049185778308712819,0,0.47061466576514815,0.16888409151473671,0
5.9475,1,-0.28360790812538189,-0.071053168632948138,0,-0.096410633175110616,0.28408623657399201,0
5.95,0,-0.16915773709931944,0.049606542195481808,0,0.47102828733126162,0.16772701790045191,0
5.95,1,-0.28384807177311033,-0.070342661354610078,0,-0.095720285007621364,0.28431958609645525,0
5.9525,0,-0.16797965284877103,0.050024411958473146,0,0.47143911310746184,0.16656879249262116,0
5.9525,1,-0.28408650886571873,-0.069631572806557934,0,-0.095029389079091489,0.28455125234525774,0
5.955,0,-0.16680054503284736,0.050439384726344128,0,0.47184713963148317,0.16540942180416363,0
5.955,1,-0.28432321803879818,-0.0689199071984785,0,-0.094337949384463465,0.28478123411828649,0
5.9575,0,-0.16562042065398938,0.050851457644048678,0,0.47225236345488952,0.16424891235947658,0
5.9575,1,-0.28455819793792986,-0.068207668743052688,0,-0.09364596992089283,0.28500953022236841,0
5.96,0,-0.16443928672324187,0.051260627872866039,0,0.47265478114311626,0.1630872706944137,0
5.96,1,-0.28479144721869065,-0.06749486165593313,0,-0.092953454687730974,0.28523613947327192,0
5.9625,0,-0.16325715026021859,0.051666892590429385,0,0.47305438927551208,0.16192450335626293,0
5.9625,1,-0.28502296454665843,-0.066781490155721906,0,-0.092260407686507895,0.28546106069570898,0
5.965,0,-0.16207401829306747,0.052070248990754367,0,0.47345118444538087,0.16076061690372442,0
5.965,1,-0.28525274859741773,-0.066067558463948101,0,-0.091566832920915026,0.28568429272333667,0
5.9675,0,-0.16088989785843572,0.052470694284267635,0,0.47384516326002385,0.15959561790688825,0
5.9675,1,-0.28548079805656484,-0.065353070805045488,0,-0.090872734396788002,0.28590583439875916,0
5.97,0,-0.1597047960014347,0.05286822569783526,0,0.47423632234078122,0.15842951294721186,0
5.97,1,-0.28570711161971346,-0.064638031406330121,0,-0.090178116122089522,0.28612568457352933,0
5.9725,0,-0.15851871977560489,0.05326284047479115,0,0.47462465832307438,0.15726230861749746,0
5.9725,1,-0.28593168799249968,-0.063922444497978015,0,-0.08948298210689215,0.28634384210815061,0
5.975,0,-0.1573316762428805,0.05365453587496536,0,0.47501016785644778,0.15609401152186919,0
5.975,1,-0.28615452589058749,-0.063206314313002734,0,-0.088787336363361169,0.28656030587207859,0
5.9775,0,-0.15614367247355418,0.054043309174712381,0,0.47539284760461081,0.15492462827575024,0
5.9775,1,-0.28637562403967387,-0.062489645087232981,0,-0.08809118290573742,0.28677507474372277,0
5.98,0,-0.15495471554624157,0.054429157666939371,0,0.47577269424548002,0.15375416550583956,0
5.98,1,-0.28659498117549392,-0.061772441059290265,0,-0.087394525750320196,0.28698814761044833,0
5.9825,0,-0.15376481254784569,0.054812078661134279,0,0.47614970447122085,0.15258262985008866,0
5.9825,1,-0.28681259604382614,-0.061054706470566482,0,-0.086697368915450088,0.28719952336857768,0
5.985,0,-0.15257397057352129,0.055192069483393988,0,0.4765238749882898,0.15141002795767811,0
5.985,1,-0.28702846740049731,-0.06033644556520152,0,-0.085999716421491915,0.28740920092339217,0
5.9875,0,-0.15138219672663908,0.055569127476452325,0,0.47689520251747641,0.15023636648899388,0
5.9875,1,-0.28724259401138769,-0.059617662590060863,0,-0.085301572290817584,0.28761717918913371,0
5.99,0,-0.15018949811874979,0.055943249999708074,0,0.47726368379394518,0.1490616521156036,0
5.99,1,-0.28745497465243597,-0.058898361794713187,0,-0.084602940547789024,0.28782345708900642,0
5.9925,0,-0.14899588186954826,0.056314434429252866,0,0.47762931556727772,0.14788589152023246,0
5.9925,1,-0.28766560810964414,-0.058178547431407955,0,-0.083903825218741096,0.28802803355517809,0
5.995,0,-0.14780135510683728,0.056682678157899083,0,0.47799209460151471,0.14670909139673916,0
5.995,1,-0.28787449317908254,-0.057458223755053002,0,-0.083204230331964571,0.28823090752878194,0
5.9975,0,-0.14660592496649139,0.057047978595207618,0,0.47835201767519786,0.14553125845009154,0
5.9975,1,-0.28808162866689463,-0.056737395023192125,0,-0.082504159917689016,0.2884320779599181,0
6,0,-0.14540959859242061,0.057410333167515662,0,0.47870908158141212,0.14435239939634217,0
6,1,-0.28828701338930185,-0.056016065495982661,0,-0.081803618008065779,0.2886315438076551,0
6.0025,0,-0.14421238313653406,0.057769739317964343,0,0.47906328312782748,0.14317252096260361,0
6.0025,1,-0.28849064617260839,-0.055294239436173051,0,-0.081102608637150991,0.28882930404003154,0
6.005,0,-0.14301428575870334,0.058126194506526375,0,0.47941461913674122,0.14199162988702363,0
6.005,1,-0.28869252585320593,-0.054571921109080442,0,-0.080401135840888482,0.28902535763405751,0
6.0075,0,-0.141815313626726,0.058479696210033606,0,0.47976308644511984,0.14080973291876023,0
6.0075,1,-0.28889265127757841,-0.053849114782568222,0,-0.079699203657092821,0.28921970357571608,0
6.01,0,-0.14061547391628881,0.058830241922204499,0,0.48010868190464112,0.13962683681795643,0
6.01,1,-0.28909102130230657,-0.053125824727023624,0,-0.078996816125432301,0.28941234085996487,0
6.0125,0,-0.13941477381093084,0.059177829153671591,0,0.48045140238173617,0.13844294835571497,0
6.0125,1,-0.2892876347940726,-0.052402055215335246,0,-0.078293977287411942,0.28960326849073731,0
6.015,0,-0.13821322050200663,0.059522455432008826,0,0.48079124475763135,0.13725807431407278,0
6.015,1,-0.2894824906296648,-0.05167781052287064,0,-0.077590691186356558,0.28979248548094427,0
6.0175,0,-0.1370108211886491,0.05986411830175889,0,0.48112820592839056,0.13607222148597528,0
6.0175,1,-0.28967558769598201,-0.050953094927453868,0,-0.076886961867393716,0.2899799908524755,0
6.02,0,-0.13580758307773241,0.060202815324460424,0,0.48146228280495701,0.13488539667525062,0
6.02,1,-0.28986692489003807,-0.050227912709343021,0,-0.076182793377436858,0.29016578363620099,0
6.0225,0,-0.13460351338383472,0.060538544078675219,0,0.48179347231319541,0.13369760669658354,0
6.0225,1,-0.2900565011189663,-0.049502268151207805,0,-0.075478189765168305,0.29034986287197223,0
6.025,0,-0.1333986193292008,0.060871302160015309,0,0.48212177139393392,0.13250885837548923,0
6.025,1,-0.29024431530002404,-0.048776165538107062,0,-0.074773155081022349,0.29053222760862385,0
6.0275,0,-0.13219290814370463,0.061201087181170032,0,0.48244717700300621,0.13131915854828699,0
6.0275,1,-0.29043036636059677,-0.048049609157466311,0,-0.074067693377168314,0.29071287690397479,0
6.03,0,-0.13098638706481175,0.061527896771932981,0,0.48276968611129351,0.1301285140620736,0
6.03,1,-0.29061465323820262,-0.047322603299055306,0,-0.073361808707493648,0.29089180982482976,0
6.0325,0,-0.12977906333754166,0.061851728579228944,0,0.48308929570476655,0.1289369317746967,0
6.0325,1,-0.2907971748804965,-0.046595152254965543,0,-0.07265550512758702,0.29106902544698049,0
6.035,0,-0.12857094421443005,0.062172580267140724,0,0.48340600278452756,0.12774441855472779,0
6.035,1,-0.29097793024527441,-0.045867260319587808,0,-0.071948786694721434,0.29124452285520713,0
6.0375,0,-0.12736203695549084,0.062490449516935928,0,0.48371980436685241,0.1265509812814353,0
6.0375,1,-0.29115691830047763,-0.045138931789589699,0,-0.071241657467837324,0.29141830114327949,0
6.04,0,-0.12615234882817822,0.062805334027093665,0,0.48403069748323241,0.12535662684475721,0
6.04,1,-0.29133413802419683,-0.044410170963893152,0,-0.070534121507525707,0.29159035941395833,0
6.0425,0,-0.12494188710734866,0.063117231513331207,0,0.4843386791804164,0.12416136214527369,0
6.0425,1,-0.29150958840467628,-0.043680982143651959,0,-0.069826182876011306,0.29176069677899663,0
6.045,0,-0.12373065907522257,0.063426139708630522,0,0.48464374652045278,0.12296519409417957,0
6.045,1,-0.29168326844031772,-0.042951369632229286,0,-0.069117845637135689,0.29192931235914094,0
6.0475,0,-0.12251867202134609,0.063732056363264816,0,0.48494589658073128,0.12176812961325645,0
6.0475,1,-0.29185517713968456,-0.042221337735175196,0,-0.068409113856340437,0.29209620528413244,0
6.05,0,-0.12130593324255264,0.064034979244824944,0,0.48524512645402512,0.12057017563484486,0
6.05,1,-0.29202531352150579,-0.041490890760204145,0,-0.067699991600650308,0.29226137469270835,0
6.0525,0,-0.12009245004292443,0.064334906138245773,0,0.48554143324853277,0.11937133910181609,0
6.0525,1,-0.29219367661467993,-0.040760033017172508,0,-0.066990482938656393,0.29242481973260304,0
6.055,0,-0.11887822973375387,0.064631834845832473,0,0.48583481408792006,0.11817162696754389,0
6.055,1,-0.29236026545827887,-0.040028768818056067,0,-0.066280591940499331,0.2925865395605492,0
6.0575,0,-0.11766327963350476,0.064925763187286753,0,0.48612526611136192,0.11697104619587603,0
6.0575,1,-0.29252507910155179,-0.039297102476927533,0,-0.065570322677852497,0.29274653334227907,0
6.06,0,-0.11644760706777357,0.065216688999732986,0,0.48641278647358438,0.11576960376110559,0
6.06,1,-0.29268811660392896,-0.038565038309934026,0,-0.064859679223905162,0.29290480025252563,0
6.0625,0,-0.11523121936925046,0.065504610137744293,0,0.48669737234490651,0.11456730664794222,0
6.0625,1,-0.2928493770350255,-0.037832580635274587,0,-0.064148665653345774,0.29306133947502366,0
6.065,0,-0.11401412387768023,0.065789524473368569,0,0.48697902091128215,0.11336416185148303,0
6.065,1,-0.29300885947464511,-0.037099733773177671,0,-0.063437286042345109,0.29321615020251102,0
6.0675,0,-0.11279632793982319,0.066071429896154402,0,0.48725772937434181,0.11216017637718347,0
6.0675,1,-0.29316656301278371,-0.036366502045878622,0,-0.062725544468539562,0.29336923163672957,0
6.07,0,-0.11157783890941597,0.066350324313176917,0,0.48753349495143455,0.11095535724082796,0
6.07,1,-0.29332248674963313,-0.035632889777597175,0,-0.062013445011014343,0.29352058298842643,0
6.0725,0,-0.11035866414713209,0.066626205649063575,0,0.48780631487566983,0.10974971146850034,0
6.0725,1,-0.29347662979558475,-0.03489890129451495,0,-0.061300991750286749,0.29367020347735501,0
6.075,0,-0.10913881102054256,0.066899071846019897,0,0.48807618639595918,0.10854324609655412,0
6.075,1,-0.29362899127123299,-0.034164540924752913,0,-0.060588188768289399,0.29381809233227613,0
6.0775,0,-0.10791828690407629,0.067168920863855064,0,0.48834310677705811,0.10733596817158263,0
6.0775,1,-0.29377957030737878,-0.033429812998348872,0,-0.059875040148353521,0.29396424879095906,0
6.08,0,-0.10669709917898046,0.067435750680007525,0,0.48860707329960784,0.10612788475038891,0
6.08,1,-0.2939283660450332,-0.032694721847234945,0,-0.059161549975192219,0.29410867210018249,0
6.0825,0,-0.10547525523328073,0.067699559289570457,0,0.48886808326017694,0.10491900289995544,0
6.0825,1,-0.2940753776354208,-0.031959271805215045,0,-0.058447722334883739,0.29425136151573567,0
6.085,0,-0.10425276246174138,0.067960344705317172,0,0.48912613397130322,0.10370932969741373,0
6.085,1,-0.29422060423998297,-0.031223467207942352,0,-0.057733561314854777,0.29439231630241935,0
6.0875,0,-0.10302962826582533,0.068218104957726455,0,0.48938122276153534,0.10249887223001368,0
6.0875,1,-0.29436404503038138,-0.03048731239289677,0,-0.057019071003863775,0.29453153573404695,0
6.09,0,-0.10180586005365407,0.068472838095007843,0,0.48963334697547439,0.10128763759509277,0
6.09,1,-0.29450569918850117,-0.029750811699362403,0,-0.056304255491984222,0.29466901909344523,0
6.0925,0,-0.10058146523996746,0.068724542183126763,0,0.48988250397381572,0.10007563290004508,0
6.0925,1,-0.29464556590645441,-0.029013969468405027,0,-0.05558911887058797,0.29480476567245562,0
6.095,0,-0.099356451246083444,0.068973215305829685,0,0.49012869113339042,0.098862865262290156,0
6.095,1,-0.29478364438658305,-0.028276790042849539,0,-0.054873665232328561,0.29493877477193492,0
6.0975,0,-0.098130825499857702,0.069218855564669099,0,0.49037190584720702,0.097649341809241633,0
6.0975,1,-0.29491993384146237,-0.027539277767257425,0,-0.054157898671124548,0.29507104570175641,0
6.1,0,-0.096904595435643073,0.069461461079028494,0,0.490612145524493,0.096435069678275726,0
6.1,1,-0.29505443349390398,-0.026801436987904215,0,-0.05344182328214285,0.29520157778081069,0
6.1025,0,-0.095677768494249041,0.069701029986147217,0,0.49084940759073631,0.095220056016699486,0
6.1025,1,-0.29518714257695888,-0.026063272052756943,0,-0.052725443161782078,0.29533037033700665,0
6.105,0,-0.094450352122900968,0.069937560441145241,0,0.49108368948772702,0.094004307981718951,0
6.105,1,-0.29531806033392066,-0.025324787311451595,0,-0.052008762407655895,0.29545742270727232,0
6.1075,0,-0.093222353775199315,0.070171050617047898,0,0.49131498867359868,0.092787832740407056,0
6.1075,1,-0.29544718601832848,-0.024585987115270561,0,-0.051291785118576391,0.29558273423755588,0
6.11,0,-0.091993780911078724,0.070401498704810495,0,0.49154330262286983,0.091570637469671382,0
6.11,1,-0.29557451889396985,-0.023846875817120083,0,-0.050574515394537438,0.29570630428282635,0
6.1125,0,-0.090764640996767024,0.070628902913342867,0,0.49176862882648537,0.090352729356221698,0
6.1125,1,-0.29570005823488388,-0.023107457771507706,0,-0.049856957336698066,0.29582813220707466,0
6.115,0,-0.089534941504744101,0.070853261469533815,0,0.49199096479185805,0.089134115596537375,0
6.115,1,-0.29582380332536395,-0.02236773733451972,0,-0.049139115047365851,0.29594821738331439,0
6.1175,0,-0.088304689913700635,0.071074572618275531,0,0.49221030804290977,0.087914803396834537,0
6.1175,1,-0.29594575345996066,-0.021627718863798599,0,-0.0484209926299803,0.2960665591935826,0
6.12,0,-0.087073893708496858,0.071292834622487866,0,0.49242665612011294,0.086694799973033088,0
6.12,1,-0.29606590794348453,-0.020887406718520445,0,-0.047702594189096253,0.29618315702894071,0
6.1225,0,-0.085842560380121058,0.071508045763142555,0,0.49264000658053181,0.085474112550723569,0
6.1225,1,-0.29618426609100884,-0.020146805259372427,0,-0.046983923830367286,0.29629801028947528,0
6.125,0,-0.084610697425648057,0.071720204339287372,0,0.49285035699786361,0.084252748365133759,0
6.125,1,-0.29630082722787249,-0.019405918848530209,0,-0.046264985660529112,0.29641111838429879,0
6.1275,0,-0.083378312348197633,0.071929308668070152,0,0.49305770496247997,0.083030714661095156,0
6.1275,1,-0.29641559068968237,-0.018664751849635397,0,-0.045545783787383026,0.29652248073155046,0
6.13,0,-0.082145412656892694,0.072135357084762777,0,0.49326204808146795,0.081808018693009257,0
6.13,1,-0.29652855582231635,-0.017923308627772961,0,-0.044826322319779295,0.29663209675839702,0
6.1325,0,-0.080912005866817516,0.072338347942785056,0,0.49346338397867123,0.080584667724813611,0
6.1325,1,-0.29663972198192556,-0.017181593549448673,0,-0.044106605367600617,0.29673996590103346,0
6.135,0,-0.079678099498975766,0.07253827961372851,0,0.49366171029473133,0.079360669029947775,0
6.135,1,-0.29674908853493726,-0.016439610982566525,0,-0.043386637041745536,0.29684608760468378,0
6.1375,0,-0.078443701080248437,0.072735150487380093,0,0.4938570246871285,0.078136029891319,0
6.1375,1,-0.29685665485805707,-0.015697365296406168,0,-0.042666421454111911,0.2969504613236017,0
6.14,0,-0.077208818143351746,0.072928958971745825,0,0.49404932483022296,0.076910757601267782,0
6.14,1,-0.29696242033827169,-0.014954860861600326,0,-0.041945962717580339,0.29705308652107137,0
6.1425,0,-0.075973458226794841,0.073119703493074326,0,0.49423860841529582,0.075684859461533194,0
6.1425,1,-0.29706638437285116,-0.014212102050112226,0,-0.041225264945997625,0.29715396266940824,0
6.145,0,-0.074737628874837481,0.073307382495880258,0,0.49442487315058992,0.074458342783218084,0
6.145,1,-0.29716854636935136,-0.013469093235213017,0,-0.040504332254160245,0.29725308924995947,0
6.1475,0,-0.073501337637447553,0.073491994442967723,0,0.49460811676135097,0.073231214886754006,0
6.1475,1,-0.29726890574561632,-0.012725838791459186,0,-0.039783168757797818,0.29735046575310481,0
6.15,0,-0.072264592070258524,0.073673537815453494,0,0.49478833698986824,0.07200348310186605,0
6.15,1,-0.29736746192978053,-0.011982343094669983,0,-0.039061778573556576,0.29744609167825725,0
6.1525,0,-0.071027399734526792,0.073852011112790245,0,0.49496553159551548,0.070775154767537443,0
6.1525,1,-0.29746421436027121,-0.011238610521904831,0,-0.038340165818982828,0.29753996653386361,0
6.155,0,-0.069789768197088903,0.074027412852789631,0,0.49513969835479171,0.069546237231973951,0
6.155,1,-0.29755916248581055,-0.010494645451440746,0,-0.037618334612506472,0.29763208983740524,0
6.1575,0,-0.06855170503031871,0.074199741571645314,0,0.49531083506136186,0.068316737852568116,0
6.1575,1,-0.29765230576541796,-0.0097504522627497418,0,-0.036896289073424467,0.29772246111539868,0
6.16,0,-0.06731321781208438,0.074368995823955855,0,0.49547893952609756,0.067086663995863327,0
6.16,1,-0.29774364366841211,-0.0090060353364762487,0,-0.036174033321884347,0.29781107990339611,0
6.1625,0,-0.066074314125705358,0.074535174182747577,0,0.49564400957711779,0.065856023037517669,0
6.1625,1,-0.29783317567441303,-0.0082613990544145206,0,-0.035451571478867704,0.29789794574598616,0
6.165,0,-0.064835001559909178,0.074698275239497305,0,0.49580604305982945,0.064624822362267562,0
6.165,1,-0.29792090127334431,-0.0075165477994860452,0,-0.03472890766617371,0.29798305819679438,0
6.1675,0,-0.063595287708788181,0.074858297604155008,0,0.49596503783696788,0.063393069363891316,0
6.1675,1,-0.29800681996543504,-0.0067714859557169473,0,-0.03400604600640262,0.29806641681848395,0
6.17,0,-0.062355180171756175,0.075015239905166342,0,0.49612099178863733,0.062160771445172361,0
6.17,1,-0.29809093126122171,-0.0060262179082153974,0,-0.033282990622939289,0.29814802118275602,0
6.1725,0,-0.061114686553504938,0.075169100789495139,0,0.49627390281235156,0.060927936017862394,0
6.1725,1,-0.29817323468155033,-0.0052807480431490139,0,-0.032559745639936702,0.29822787087035046,0
6.175,0,-0.059873814463960659,0.075319878922645772,0,0.4964237688230741,0.059694570502644317,0
6.175,1,-0.29825372975757813,-0.0045350807477222681,0,-0.031836315182299506,0.29830596547104632,0
6.1775,0,-0.058632571518240244,0.07546757298868545,0,0.49657058775325863,0.058460682329094932,0
6.1775,1,-0.29833241603077559,-0.003789220410153882,0,-0.03111270337566752,0.29838230458366249,0
6.18,0,-0.057390965336607556,0.075612181690266372,0,0.49671435755288929,0.05722627893564753,0
6.18,1,-0.29840929305292818,-0.0030431714196542314,0,-0.030388914346399294,0.298456887816058,0
6.1825,0,-0.056149003544429546,0.075753703748647871,0,0.49685507618952091,0.055991367769554233,0
6.1825,1,-0.29848436038613813,-0.0022969381664027433,0,-0.029664952221555643,0.29852971478513263,0
6.185,0,-0.054906693772132247,0.075892137903718376,0,0.49699274164831914,0.054755956286848165,0
6.185,1,-0.29855761760282618,-0.0015505250415252928,0,-0.028940821128883191,0.29860078511682753,0
6.1875,0,-0.053664043655156722,0.076027482914017314,0,0.49712735193210061,0.053520051952305442,0
6.1875,1,-0.29862906428573327,-0.00080393643707160156,0,-0.028216525196797917,0.29867009844612546,0
6.19,0,-0.05242106083391488,0.076159737556756951,0,0.49725890506137316,0.052283662239406968,0
6.19,1,-0.2986987000279222,-5.7176745992630336e-05,0,-0.027492068554368723,0.29873765441705152,0
6.1925,0,-0.051177752953745194,0.076288900627844089,0,0.49738739907437551,0.051046794630300055,0
6.1925,1,-0.29876652443277929,0.00068974963788202587,0,-0.026767455331300975,0.29880345268267339,0
6.195,0,-0.049934127664868329,0.076414970941901667,0,0.49751283202711755,0.04980945661575982,0
6.195,1,-0.29883253711401581,0.0014368383198667448,0,-0.026042689657920087,0.29886749290510184,0
6.1975,0,-0.048690192622342657,0.076537947332290301,0,0.49763520199341998,0.048571655695150442,0
6.1975,1,-0.29889673769566966,0.0021840849044424864,0,-0.025317775665155064,0.29892977475549121,0
6.2,0,-0.047445955486019688,0.076657828651129717,0,0.49775450706495433,0.047333399376386184,0
6.2,1,-0.29895912581210676,0.0029314849952794004,0,-0.024592717484522089,0.29899029791403986,0
6.2025,0,-0.04620142392049939,0.076774613769320071,0,0.49787074535128262,0.046094695175892257,0
6.2025,1,-0.29901970110802256,0.0036790341952594383,0,-0.023867519248108093,0.29904906206999049,0
6.205,0,-0.044956605595085415,0.076888301576563137,0,0.49798391497989714,0.044855550618565491,0
6.205,1,-0.29907846323844339,0.0044267281064989646,0,-0.023142185088554333,0.29910606692163055,0
6.2075,0,-0.043711508183740221,0.076998890981383517,0,0.49809401409626003,0.043615973237734799,0
6.2075,1,-0.29913541186872789,0.0051745623303713689,0,-0.022416719139039969,0.29916131217629266,0
6.21,0,-0.042466139365040088,0.077106380911149588,0,0.49820104086384298,0.04237597057512147,0
6.21,1,-0.29919054667456829,0.0059225324675296785,0,-0.021691125533265656,0.29921479755035502,0
6.2125,0,-0.041220506822130076,0.077210770312094487,0,0.49830499346416651,0.041135550180799264,0
6.2125,1,-0.29924386734199165,0.0066706341179291742,0,-0.02096540840543713,0.29926652276924171,0
6.215,0,-0.039974618242678818,0.077312058149336935,0,0.49840587009683973,0.039894719613154342,0
6.215,1,-0.29929537356736124,0.0074188628808500049,0,-0.020239571890248793,0.29931648756742302,0
6.2175,0,-0.038728481318833267,0.077410243406901932,0,0.49850366897959952,0.038653486438844954,0
6.2175,1,-0.29934506505737762,0.0081672143549198044,0,-0.019513620122867316,0.29936469168841584,0
6.22,0,-0.037482103747173333,0.077505325087741439,0,0.49859838834834985,0.03741185823276099,0
6.22,1,-0.29939294152907986,0.0089156841381363046,0,-0.018787557238915238,0.29941113488478399,0
6.2225,0,-0.036235493228666392,0.077597302213754868,0,0.49869002645720117,0.036169842577983322,0
6.2225,1,-0.29943900270984658,0.0096642678278899587,0,-0.018061387374454552,0.29945581691813855,0
6.225,0,-0.034988657468621752,0.077686173825809529,0,0.49877858157850946,0.034927447065742946,0
6.225,1,-0.29948324833739709,0.010412961020986555,0,-0.01733511466597033,0.29949873755913808,0
6.2275,0,-0.033741604176644971,0.077771938983760933,0,0.49886405200291539,0.033684679295379959,0
6.2275,1,-0.29952567815979247,0.011161759313669839,0,-0.016608743250354309,0.29953989658748903,0
6.23,0,-0.032494341066592096,0.077854596766473036,0,0.49894643603938343,0.032441546874302313,0
6.23,1,-0.29956629193543655,0.011910658301644133,0,-0.015882277264888511,0.29957929379194587,0
6.2325,0,-0.031246875856523817,0.077934146271838339,0,0.49902573201524064,0.03119805741794442,0
6.2325,1,-0.29960508943307668,0.012659653580096955,0,-0.015155720847228851,0.2996169289703115,0
6.235,0,-0.029999216268659496,0.078010586616797925,0,0.49910193827621568,0.029954218549725527,0
6.235,1,-0.29964207043180496,0.01340874074372164,0,-0.014429078135388752,0.29965280192943744,0
6.2375,0,-0.02875137002933113,0.078083916937361345,0,0.4991750531864777,0.028710037901007936,0
6.2375,1,-0.29967723472105884,0.014157915386739967,0,-0.013702353267722759,0.29968691248522406,0
6.24,0,-0.027503344868937189,0.078154136388626422,0,0.49924507512867489,0.027465523111055008,0
6.24,1,-0.29971058210062212,0.014907173102924772,0,-0.012975550382910161,0.29971926046262087,0
6.2425,0,-0.026255148521896379,0.078221244144798974,0,0.4993120025039734,0.026220681826988997,0
6.2425,1,-0.2997421123806257,0.015656509485622583,0,-0.012248673619938604,0.29974984569562674,0
6.245,0,-0.025006788726601292,0.078285239399212392,0,0.49937583373209571,0.024975521703748681,0
6.245,1,-0.29977182538154823,0.016405920127776228,0,-0.011521727118087719,0.29977866802728997,0
6.2475,0,-0.023758273225371974,0.07834612136434714,0,0.49943656725135926,0.023730050404046805,0
6.2475,1,-0.29979972093421697,0.017155400621947477,0,-0.010794715016912745,0.29980572730970872,0
6.25,0,-0.022509609764409383,0.078403889271850102,0,0.49949420151871488,0.022484275598327347,0
6.25,1,-0.29982579887980843,0.017904946560339651,0,-0.010067641456228155,0.29983102340403106,0
6.2525,0,-0.021260806093748759,0.078458542372553911,0,0.49954873500978514,0.021238204964722576,0
6.2525,1,-0.29985005906984885,0.018654553534820258,0,-0.0093405105760912804,0.29985455618045509,0
6.255,0,-0.020011869967212898,0.078510079936496072,0,0.49960016621890257,0.019991846189009926,0
6.255,1,-0.29987250136621496,0.019404217136943614,0,-0.0086133265167859449,0.29987632551822929,0
6.2575,0,-0.018762809142365333,0.078558501252938048,0,0.49964849365914793,0.0187452069645687,0
6.2575,1,-0.29989312564113446,0.020153932957973467,0,-0.0078860934188060925,0.29989633130565241,0
6.26,0,-0.017513631380463413,0.078603805630384174,0,0.49969371586238831,0.017498294992336544,0
6.26,1,-0.2999119317771865,0.020903696588905625,0,-0.0071588154228394187,0.29991457344007388,0
6.2625,0,-0.016264344446411283,0.078645992396600556,0,0.49973583137931515,0.016251117980765773,0
6.2625,1,-0.29992891966730223,0.021653503620490584,0,-0.006431496669751003,0.29993105182789381,0
6.265,0,-0.015014956108712786,0.078685060898633738,0,0.4997748387794822,0.015003683645779486,0
6.265,1,-0.29994408921476512,0.022403349643256156,0,-0.0057041413005669466,0.29994576638456311,0
6.2675,0,-0.013765474139424255,0.078721010502829369,0,0.4998107366513434,0.013755999710727483,0
6.2675,1,-0.29995744033321142,0.023153230247530091,0,-0.0049767534564580055,0.29995871703458354,0
6.27,0,-0.012515906314107213,0.078753840594850702,0,0.49984352360229051,0.012508073906342019,0
6.27,1,-0.29996897294663039,0.023903141023462707,0,-0.0042493372787232257,0.299969903711508,0
6.2725,0,-0.011266260411780986,0.078783550579696993,0,0.49987319825869103,0.01125991397069334,0
6.2725,1,-0.29997868698936475,0.024653077561049518,0,-0.0035218969087735825,0.29997932635794039,0
6.275,0,-0.010016544214875215,0.078810139881721794,0,0.49989975926592567,0.010011527649145053,0
6.275,1,-0.29998658240611087,0.025403035450153863,0,-0.0027944364881156173,0.29998698492553577,0
6.2775,0,-0.0087667655091822755,0.078833607944651107,0,0.49992320528842588,0.0087629226943092883,0
6.2775,1,-0.29999265915191892,0.026153010280529534,0,-0.002066960158335076,0.29999287937500047,0
6.28,0,-0.0075169320838096038,0.078853954231601492,0,0.49994353500971123,0.007514106866001684,0
6.28,1,-0.29999691719219318,0.026902997641843399,0,-0.0013394720610805475,0.29999700967609211,0
6.2825,0,-0.0062670517311319311,0.078871178225097996,0,0.49996074713242683,0.0062650879311961765,0
6.2825,1,-0.2999993565026921,0.027652993123698039,0,-0.00061197633804710352,0.29999937580761959,0
6.285,0,-0.0050171322467434214,0.078885279427091962,0,0.49997484037838053,0.0050158736639795993,0
6.285,1,-0.29999997706952836,0.028402992315654366,0,0.00011552286904006133,0.29999997775744325,0
6.2875,0,-0.003767181429409721,0.078896257358978816,0,0.49998581348858001,0.0037664718455061004,0
6.2875,1,-0.29999877888916898,0.029152990807254264,0,0.00084302141844199091,0.29999881552247465,0
6.29,0,-0.0025172070810199083,0.078904111561615642,0,0.49999366522326993,0.0025168902639513598,0
6.29,1,-0.29999576196843541,0.029902984188043203,0,0.0015705151684223266,0.29999588910867675,0
6.2925,0,-0.0012672170065383599,0.078908841595338661,0,0.49999839436196886,0.0012671367144666259,0
6.2925,1,-0.2999909263245033,0.03065296804759288,0,0.0022979999772636678,0.29999119853106393,0
6.295,0,-1.7219013956516023e-05,0.078910447039980666,0,0.49999999970350617,1.7218999132559941e-05,0
6.295,1,-0.29998427198490263,0.031402937975523834,0,0.003025471703283932,0.29998474381370188,0
6.2975,0,0.0012327790857554401,0.078908927494888217,0,0.49999848006605868,-0.0012328550730871096,0
6.2975,1,-0.29997579898751747,0.032152889561528099,0,0.0037529262048527157,0.29997652498970756,0
6.3,0,0.002482769478696998,0.078904282578938875,0,0.49999383428718747,-0.0024830776863921196,0
6.3,1,-0.29996550738058592,0.032902818395391796,0,0.0044803593404076541,0.29996654210124923,0
6.3025,0,0.0037327443480858254,0.078896511930558147,0,0.49998606122387435,-0.0037334410181923965,0
6.3025,1,-0.29995339722269981,0.033652720067017791,0,0.0052077669684707844,0.29995479519954638,0
6.305,0,0.0049826958743063665,0.078885615207736459,0,0.49997515975255841,-0.0049839372391549657,0
6.305,1,-0.29993946858280462,0.03440259016644831,0,0.0059351449476649056,0.29994128434486961,0
6.3075,0,0.0062326162349585299,0.07887159208804595,0,0.49996112876917242,-0.0062345585132510522,0
6.3075,1,-0.29992372154019914,0.035152424283887575,0,0.0066624891367299413,0.29992600960654059,0
6.31,0,0.0074824976049064689,0.078854442268657135,0,0.49994396718917894,-0.007485296997803371,0
6.31,1,-0.29990615618453503,0.035902218009724415,0,0.0073897953945393034,0.29990897106293196,0
6.3125,0,0.0087323321563274516,0.078834165466355466,0,0.49992367394760667,-0.0087361448435336019,0
6.3125,1,-0.2998867726158167,0.036651966934554914,0,0.0081170595801162565,0.29989016880146729,0
6.315,0,0.0099821120587608187,0.078810761417557787,0,0.49990024799908644,-0.0099870941946100592,0
6.315,1,-0.29986557094440075,0.037401666649205023,0,0.0088442775526502808,0.29986960291862091,0
6.3175,0,0.011231829479157036,0.078784229878328657,0,0.49987368831788714,-0.011238137188695542,0
6.3175,1,-0.29984255129099552,0.038151312744753196,0,0.0095714451715134419,0.2998472735199178,0
6.32,0,0.012481476581926835,0.078754570624396544,0,0.4998439938979517,-0.012489265956995378,0
6.32,1,-0.29981771378666078,0.038900900812553013,0,0.010298558296276754,0.29982318071993347,0
6.3225,0,0.013731045528990441,0.078721783451169924,0,0.49981116375293266,-0.013740472624305656,0
6.3225,1,-0.29979105857280702,0.039650426444255794,0,0.011025612786726551,0.29979732464229375,0
6.325,0,0.014980528479826892,0.078685868173753212,0,0.49977519691622796,-0.014991749309061638,0
6.325,1,-0.29976258580119503,0.040399885231833257,0,0.011752604502880857,0.29976970541967474,0
6.3275,0,0.016229917591523448,0.078646824626962653,0,0.49973609244101641,-0.016243088123386373,0
6.3275,1,-0.29973229563393516,0.041149272767600102,0,0.012479529305005753,0.29974032319380256,0
6.33,0,0.017479205018825085,0.078604652665342001,0,0.49969384940029316,-0.017494481173139492,0
6.33,1,-0.29970018824348688,0.041898584644236674,0,0.013206383053631757,0.29970917811545322,0
6.3325,0,0.018728382914184084,0.078559352163178123,0,0.49964846688690501,-0.018745920557966176,0
6.3325,1,-0.29966626381265787,0.042647816454811555,0,0.013933161609570196,0.29967627034445238,0
6.335,0,0.019977443427809698,0.078510923014516482,0,0.4995999440135856,-0.019997398371346342,0
6.335,1,-0.29963052253460348,0.043396963792804215,0,0.014659860833929575,0.29964160004967522,0
6.3375,0,0.02122637870771792,0.078459365133176487,0,0.4995482799129905,-0.021248906700643989,0
6.3375,1,-0.29959296461282592,0.044146022252127617,0,0.01538647658813197,0.29960516740904614,0
6.34,0,0.022475180899781323,0.078404678452766732,0,0.49949347373773223,-0.022500437627156745,0
6.34,1,-0.29955359026117334,0.044894987427150847,0,0.016113004733929393,0.29956697260953863,0
6.3425,0,0.023723842147779006,0.078346862926700081,0,0.49943552466041513,-0.023751983226165594,0
6.3425,1,-0.29951239970383914,0.045643854912721736,0,0.016839441133420192,0.29952701584717489,0
6.345,0,0.024972354593446613,0.078285918528208639,0,0.49937443187367003,-0.0250035355669848,0
6.345,1,-0.29946939317536103,0.046392620304189489,0,0.017565781649065415,0.29948529732702578,0
6.3475,0,0.026220710376526436,0.078221845250358649,0,0.49931019459018899,-0.026255086713012001,0
6.3475,1,-0.29942457092062008,0.047141279197427284,0,0.018292022143705216,0.2994418172632104,0
6.35,0,0.027468901634817623,0.078154643106065166,0,0.49924281204275983,-0.02750662872177851,0
6.35,1,-0.29937793319483974,0.047889827188854914,0,0.019018158480575233,0.29939657587889579,0
6.3525,0,0.028716920504226449,0.078084312128106695,0,0.49917228348430043,-0.028758153644999784,0
6.3525,1,-0.29932948026358486,0.048638259875461408,0,0.019744186523322983,0.29934957340629686,0
6.355,0,0.02996475911881669,0.078010852369139669,0,0.49909860818789309,-0.030009653528626088,0
6.355,1,-0.29927921240276067,0.049386572854827622,0,0.020470102136024262,0.29930081008667586,0
6.3575,0,0.031212409610860081,0.077934263901712764,0,0.49902178544681874,-0.031261120412893341,0
6.3575,1,-0.29922712989861167,0.050134761725148892,0,0.021195901183199532,0.29925028617034222,0
6.36,0,0.032459864110886846,0.077854546818281176,0,0.49894181457459091,-0.032512546332374159,0
6.36,1,-0.29917323304772037,0.050882822085257635,0,0.021921579529830332,0.29919800191665219,0
6.3625,0,0.033707114747736321,0.077771701231220666,0,0.49885869490498963,-0.033763923316029065,0
6.3625,1,-0.29911752215700638,0.051630749534645963,0,0.022647133041375677,0.29914395759400841,0
6.365,0,0.034954153648607676,0.077685727272841551,0,0.49877242579209541,-0.035015243387257901,0
6.365,1,-0.29905999754372492,0.052378539673488302,0,0.023372557583788461,0.29908815347985979,0
6.3675,0,0.036200972939110697,0.077596625095402535,0,0.49868300661032267,-0.036266498563951408,0
6.3675,1,-0.29900065953546578,0.053126188102664,0,0.024097849023531872,0.29903058986070091,0
6.37,0,0.037447564743316668,0.077504394871124413,0,0.49859043675445353,-0.037517680858543012,0
6.37,1,-0.29893950847015188,0.053873690423779964,0,0.0248230032275958,0.29897126703207189,0
6.3725,0,0.038693921183809321,0.077409036792203664,0,0.49849471563967107,-0.038768782278060777,0
6.3725,1,-0.29887654469603797,0.05462104223919325,0,0.02554801606351326,0.29891018529855773,0
6.375,0,0.039940034381735899,0.077310551070825864,0,0.49839584270159276,-0.040019794824179555,0
6.375,1,-0.29881176857170938,0.055368239152033684,0,0.026272883399376806,0.29884734497378823,0
6.3775,0,0.041185896456858266,0.077208937939179045,0,0.49829381739630346,-0.041270710493273306,0
6.3775,1,-0.29874518046608034,0.056115276766226463,0,0.026997601103854952,0.29878274638043739,0
6.38,0,0.042431499527604132,0.077104197649466868,0,0.49818863920038875,-0.042521521276467612,0
6.38,1,-0.29867678075839277,0.05686215068651479,0,0.027722165046208606,0.29871638985022303,0
6.3825,0,0.043676835711118328,0.076996330473921668,0,0.49808030761096755,-0.043772219159692385,0
6.3825,1,-0.2986065698382146,0.057608856518482451,0,0.028446571096307497,0.29864827572390634,0
6.385,0,0.044921897123314194,0.076885336704817384,0,0.49796882214572513,-0.045022796123734721,0
6.385,1,-0.29853454810543839,0.058355389868576447,0,0.029170815124646608,0.29857840435129152,0
6.3875,0,0.046166675878925034,0.076771216654482347,0,0.49785418234294565,-0.046273244144291986,0
6.3875,1,-0.29846071597027962,0.059101746344129596,0,0.029894893002362616,0.29850677609122533,0
6.39,0,0.047411164091555644,0.076653970655311945,0,0.49773638776154472,-0.047523555192025058,0
6.39,1,-0.29838507385327512,0.059847921553383122,0,0.030618800601250339,0.29843339131159657,0
6.3925,0,0.048655353873733952,0.076533599059781146,0,0.49761543798110175,-0.048773721232611741,0
6.3925,1,-0.29830762218528134,0.060593911105509289,0,0.03134253379377918,0.29835825038933556,0
6.395,0,0.049899237336962693,0.076410102240456884,0,0.49749133260189238,-0.050023734226800384,0
6.395,1,-0.29822836140747272,0.061339710610633973,0,0.03206608845310957,0.29828135371041381,0
6.3975,0,0.051142806591771207,0.076283480590010305,0,0.49736407124492032,-0.051273586130463684,0
6.3975,1,-0.29814729197133993,0.062085315679859296,0,0.032789460453109438,0.29820270166984336,0
6.4,0,0.052386053747767294,0.076153734521228908,0,0.49723365355194965,-0.052523268894652642,0
6.4,1,-0.29806441433868808,0.062830721925286201,0,0.033512645668370658,0.29812229467167645,0
6.4025,0,0.05362897091368915,0.076020864467028534,0,0.49710007918553639,-0.053772774465650736,0
6.4025,1,-0.29797972898163483,0.063575924960037056,0,0.034235639974225525,0.29804013312900474,0
6.405,0,0.054871550197457396,0.07588487088046518,0,0.49696334782906038,-0.055022094785028244,0
6.405,1,-0.29789323638260862,0.064320920398278261,0,0.034958439246763215,0.29795621746395901,0
6.4075,0,0.056113783706227167,0.075745754234746776,0,0.49682345918675686,-0.05627122178969677,0
6.4075,1,-0.29780493703434663,0.065065703855242851,0,0.035681039362846265,0.29787054810770847,0
6.41,0,0.057355663546440297,0.075603515023244694,0,0.49668041298374777,-0.05752014741196395,0
6.41,1,-0.29771483143989291,0.065810270947253058,0,0.036403436200127044,0.29778312550046038,0
6.4125,0,0.058597181823877575,0.07545815375950525,0,0.4965342089660732,-0.058768863579588319,0
6.4125,1,-0.29762292011259645,0.06655461729174296,0,0.037125625637064258,0.29769395009145921,0
6.415,0,0.059838330643711073,0.075309670977260976,0,0.49638484690072243,-0.060017362215834376,0
6.415,1,-0.29752920357610896,0.06729873850728102,0,0.03784760355293941,0.29760302233898628,0
6.4175,0,0.06107910211055656,0.075158067230441772,0,0.49623232657566502,-0.061265635239527827,0
6.4175,1,-0.29743368236438295,0.068042630213592706,0,0.038569365827873313,0.29751034271035909,0
6.42,0,0.06231948832852599,0.075003343093185973,0,0.49607664779988153,-0.062513674565111005,0
6.42,1,-0.29733635702166955,0.06878628803158307,0,0.039290908342842587,0.29741591168193066,0
6.4225,0,0.06355948140128008,0.074845499159851211,0,0.4959178104033945,-0.063761472102698447,0
6.4225,1,-0.2972372281025164,0.069529707583359343,0,0.040012226979696162,0.29731972973908899,0
6.425,0,0.064799073432080939,0.074684536045025174,0,0.4957558142372987,-0.065009019758132711,0
6.425,1,-0.29713629617176535,0.070272884492253523,0,0.040733317621171793,0.29722179737625631,0
6.4275,0,0.066038256523844804,0.074520454383536203,0,0.49559065917379186,-0.066256309433040311,0
6.4275,1,-0.29703356180455026,0.071015814382844961,0,0.041454176150912563,0.29712211509688863,0
6.43,0,0.067277022779194798,0.074353254830463789,0,0.4954223451062047,-0.067503333024887827,0
6.43,1,-0.29692902558629475,0.071758492880982919,0,0.042174798453483424,0.29702068341347487,0
6.4325,0,0.068515364300513845,0.074182938061148881,0,0.49525087194903122,-0.068750082427038256,0
6.4325,1,-0.2968226881127099,0.072500915613809183,0,0.04289518041438771,0.29691750284753632,0
6.435,0,0.069753273189997578,0.074009504771204077,0,0.49507623963795866,-0.069996549528807489,0
6.435,1,-0.2967145499897918,0.07324307820978064,0,0.043615317920083677,0.2968125739296259,0
6.4375,0,0.070990741549707401,0.073832955676523662,0,0.49489844812989725,-0.071242726215520968,0
6.4375,1,-0.2966046118338192,0.073984976298691829,0,0.04433520685800104,0.29670589719932744,0
6.44,0,0.072227761481623534,0.073653291513293542,0,0.49471749740300991,-0.072488604368570533,0
6.44,1,-0.29649287427135101,0.074726605511697561,0,0.045054843116557525,0.29659747320525504,0
6.4425,0,0.073464325087698221,0.073470513038000992,0,0.49453338745674186,-0.073734175865471444,0
6.4425,1,-0.29637933793922383,0.075467961481335444,0,0.045774222585175404,0.29648730250505234,0
6.445,0,0.07470042446990896,0.073284621027444249,0,0.49434611831184994,-0.074979432579919569,0
6.445,1,-0.29626400348454951,0.076209039841548504,0,0.046493341154298082,0.29637538566539168,0
6.4475,0,0.075936051730311815,0.073095616278742045,0,0.49415569001043175,-0.076224366381848777,0
6.4475,1,-0.29614687156471237,0.076949836227707707,0,0.047212194715406636,0.29626172326197342,0
6.45,0,0.077171198971094798,0.072903499609342878,0,0.49396210261595486,-0.07746896913748845,0
6.45,1,-0.29602794284736683,0.077690346276634584,0,0.047930779161036392,0.29614631587952528,0
6.4525,0,0.078405858294631342,0.07270827185703424,0,0.49376535621328554,-0.078713232709421252,0
6.4525,1,-0.29590721801043457,0.078430565626623747,0,0.048649090384793515,0.2960291641118013,0
6.455,0,0.079640021803533842,0.072509933879951666,0,0.49356545090871767,-0.079957148956640967,0
6.455,1,-0.29578469774210187,0.079170489917465475,0,0.049367124281371577,0.29591026856158137,0
6.4575,0,0.080873681600707237,0.072308486556587601,0,0.49336238683000122,-0.081200709734610632,0
6.4575,1,-0.29566038274081696,0.079910114790468292,0,0.050084876746568155,0.29578962984067014,0
6.46,0,0.082106829789402702,0.072103930785800185,0,0.49315616412637076,-0.082443906895320718,0
6.46,1,-0.29553427371528712,0.080649435888481502,0,0.05080234367730143,0.29566724856989646,0
6.4625,0,0.083339458473271386,0.071896267486821847,0,0.49294678296857364,-0.08368673228734759,0
6.4625,1,-0.29540637138447595,0.081388448855917769,0,0.051519520971626792,0.29554312537911231,0
6.465,0,0.084571559756418224,0.071685497599267775,0,0.49273424354889817,-0.084929177755912078,0
6.465,1,-0.29527667647760047,0.082127149338775657,0,0.052236404528753451,0.29541726090719211,0
6.4675,0,0.085803125743455846,0.071471622083144212,0,0.49251854608120155,-0.086171235142938257,0
6.4675,1,-0.29514518973412823,0.082865532984662191,0,0.052952990249061055,0.29528965580203181,0
6.47,0,0.087034148539558515,0.071254641918856651,0,0.49229969080093761,-0.087412896287112352,0
6.47,1,-0.29501191190377424,0.083603595442815412,0,0.053669274034116324,0.2951603107205481,0
6.4725,0,0.088264620250516165,0.071034558107217829,0,0.49207767796518442,-0.088654153023941876,0
6.4725,1,-0.29487684374649825,0.084341332364126942,0,0.054385251786689667,0.2950292263286774,0
6.475,0,0.089494532982788491,0.070811371669455628,0,0.49185250785267182,-0.089894997185814896,0
6.475,1,-0.2947399860325014,0.085078739401164505,0,0.055100919410771845,0.29489640330137501,0
6.4775,0,0.090723878843559091,0.070585083647220784,0,0.49162418076380859,-0.09113542060205948,0
6.4775,1,-0.29460133954222345,0.085815812208194495,0,0.0558162728115906,0.29476184232261421,0
6.48,0,0.091952649940789735,0.070355695102594457,0,0.49139269702070976,-0.092375415099003294,0
6.48,1,-0.29446090506633943,0.086552546441204498,0,0.056531307895627332,0.29462554408538538,0
6.4825,0,0.09318083838327465,0.070123207118095665,0,0.49115805696722337,-0.093614972500033422,0
6.4825,1,-0.29431868340575662,0.087288937757925844,0,0.057246020570633736,0.29448750929169504,0
6.485,0,0.094408436280694882,0.06988762079668856,0,0.49092026096895724,-0.094854084625656324,0
6.485,1,-0.29417467537161129,0.088024981817856174,0,0.0579604067456485,0.29434773865256475,0
6.4875,0,0.095635435743672711,0.069648937261789542,0,0.49067930941330573,-0.096092743293557922,0
6.4875,1,-0.29402888178526548,0.088760674282281918,0,0.058674462331013977,0.29420623288803044,0
6.49,0,0.09686182888382619,0.06940715765727426,0,0.4904352027094761,-0.097330940318663947,0
6.49,1,-0.29388130347830371,0.089496010814300878,0,0.059388183238392858,0.29406299272714115,0
6.4925,0,0.098087607813823682,0.069162283147484432,0,0.49018794128851478,-0.09856866751320037,0
6.4925,1,-0.29373194129252972,0.090230987078844749,0,0.060101565380784892,0.29391801890795816,0
6.495,0,0.09931276464743849,0.068914314917234487,0,0.48993752560333342,-0.099805916686754037,0
6.495,1,-0.29358079607996307,0.090965598742701645,0,0.060814604672543571,0.29377131217755392,0
6.4975,0,0.10053729149960358,0.068663254171818122,0,0.48968395612873483,-0.10104267964633347,0
6.4975,1,-0.29342786870283566,0.091699841474538607,0,0.061527297029392851,0.2936228732920112,0
6.5,0,0.1017611804864663,0.068409102137014663,0,0.48942723336143884,-0.10227894819642984,0
6.5,1,-0.29327316003358839,0.092433710944924155,0,0.062239638368443873,0.29347270301642181,0
6.5025,0,0.10298442372544324,0.068151860059095279,0,0.48916735782010767,-0.10351471413907809,0
6.5025,1,-0.29311667095486754,0.093167202826350784,0,0.062951624608211687,0.29332080212488576,0
6.505,0,0.10420701333527509,0.067891529204829035,0,0.48890433004537143,-0.10474996927391821,0
6.505,1,-0.29295840235952147,0.093900312793257529,0,0.063663251668632001,0.29316717140051002,0
6.5075,0,0.10542894143608161,0.067628110861488816,0,0.48863815059985338,-0.10598470539825672,0
6.5075,1,-0.29279835515059682,0.094633036522052419,0,0.06437451547107792,0.29301181163540752,0
6.51,0,0.10665020014941667,0.067361606336857088,0,0.48836882006819493,-0.10721891430712832,0
6.51,1,-0.29263653024133501,0.095365369691135043,0,0.065085411938376705,0.29285472363069609,0
6.5125,0,0.10787078159832326,0.067092016959231476,0,0.48809633905708033,-0.10845258779335762,0
6.5125,1,-0.29247292855516849,0.096097307980919033,0,0.065795936994826512,0.29269590819649732,0
6.515,0,0.10909067790738869,0.066819344077430259,0,0.48782070819526163,-0.10968571764762114,0
6.515,1,-0.2923075510257172,0.096828847073854571,0,0.066506086566213221,0.29253536615193543,0
6.5175,0,0.11030988120279975,0.066543589060797589,0,0.48754192813358294,-0.1109182956585094,0
6.5175,1,-0.29214039859678465,0.097559982654450914,0,0.067215856579827149,0.29237309832513608,0
6.52,0,0.11152838361239799,0.066264753299208723,0,0.48725999954500487,-0.11215031361258922,0
6.52,1,-0.29197147222235426,0.098290710409298862,0,0.067925242964479896,0.29220910555322527,0
6.5225,0,0.11274617726573503,0.065982838203074906,0,0.48697492312462859,-0.11338176329446614,0
6.5225,1,-0.29180077286658551,0.099021026027093298,0,0.068634241650521122,0.29204338868232821,0
6.525,0,0.11396325429412797,0.06569784520334826,0,0.48668669958971977,-0.11461263648684704,0
6.525,1,-0.29162830150381003,0.099750925198655666,0,0.069342848569855356,0.2918759485675681,0
6.5275,0,0.11517960683071479,0.065409775751526442,0,0.48639532967973237,-0.11584292497060289,0
6.5275,1,-0.29145405911852779,0.10048040361695645,0,0.070051059655958814,0.29170678607306488,0
6.53,0,0.11639522701050987,0.065118631319657144,0,0.48610081415633222,-0.11707262052483167,0
6.53,1,-0.29127804670540297,0.10120945697713771,0,0.070758870843896232,0.29153590207193408,0
6.5325,0,0.11761010697045957,0.064824413400342451,0,0.48580315380342032,-0.11830171492692144,0
6.5325,1,-0.29110026526926019,0.10193808097653548,0,0.071466278070337716,0.29136329744628559,0
6.535,0,0.11882423884949779,0.064527123506743028,0,0.48550234942715614,-0.11953019995261366,0
6.535,1,-0.29092071582508028,0.10266627131470236,0,0.072173277273575559,0.29118897308722236,0
6.5375,0,0.12003761478860171,0.064226763172582177,0,0.48519840185598057,-0.12075806737606645,0
6.5375,1,-0.29073939939799637,0.10339402369342994,0,0.072879864393541133,0.29101292989483918,0
6.54,0,0.12125022693084749,0.063923333952149691,0,0.48489131194063867,-0.1219853089699183,0
6.54,1,-0.29055631702328966,0.10412133381677127,0,0.07358603537182172,0.29083516877822141,0
6.5425,0,0.12246206742146604,0.063616837420305605,0,0.48458108055420246,-0.12321191650535167,0
6.5425,1,-0.29037146974638528,0.10484819739106335,0,0.074291786151677419,0.29065569065544367,0
6.545,0,0.1236731284078989,0.063307275172483718,0,0.48426770859209312,-0.12443788175215692,0
6.545,1,-0.2901848586228481,0.10557461012494962,0,0.074997112678058017,0.29047449645356854,0
6.5475,0,0.12488340203985415,0.062994648824695021,0,0.48395119697210343,-0.12566319647879634,0
6.5475,1,-0.28999648471837852,0.10630056772940238,0,0.075702010897619881,0.29029158710864528,0
6.55,0,0.12609288046936232,0.062678960013530946,0,0.48363154663441971,-0.12688785245246828,0
6.55,1,-0.28980634910880809,0.10702606591774533,0,0.076406476758742889,0.29010696356570836,0
6.5525,0,0.12730155585083239,0.062360210396166398,0,0.48330875854164368,-0.12811184143917156,0
6.5525,1,-0.28961445288009524,0.10775110040567594,0,0.077110506211547331,0.28992062677877628,0
6.555,0,0.12850942034110796,0.062038401650362722,0,0.48298283367881412,-0.12933515520376995,0
6.555,1,-0.28942079712832092,0.10847566691128797,0,0.077814095207910813,0.28973257771085004,0
6.5575,0,0.12971646609952325,0.061713535474470435,0,0.48265377305342833,-0.13055778551005676,0
6.5575,1,-0.2892253829596842,0.10919976115509393,0,0.078517239701485234,0.28954281733391191,0
6.56,0,0.13092268528795936,0.061385613587431838,0,0.48232157769546341,-0.1317797241208197,0
6.56,1,-0.28902821149049768,0.10992337886004748,0,0.079219935647713721,0.28935134662892387,0
6.5625,0,0.13212807007090044,0.061054637728783431,0,0.48198624865739725,-0.13300096279790585,0
6.5625,1,-0.2888292838471832,0.11064651575156592,0,0.079922179003847571,0.28915816658582633,0
6.565,0,0.13333261261548998,0.060720609658658192,0,0.48164778701422944,-0.13422149330228667,0
6.565,1,-0.28862860116626721,0.11136916755755262,0,0.080623965728963243,0.28896327820353662,0
6.5675,0,0.13453630509158715,0.060383531157787683,0,0.48130619386350193,-0.13544130739412336,0
6.5675,1,-0.28842616459437603,0.11209133000841948,0,0.081325291783979334,0.28876668248994752,0
6.57,0,0.13573913967182319,0.060043404027503987,0,0.48096147032531944,-0.13666039683283224,0
6.57,1,-0.28822197528823146,0.11281299883710932,0,0.082026153131673551,0.28856838046192584,0
6.5725,0,0.13694110853165781,0.059700230089741506,0,0.48061361754236981,-0.13787875337715025,0
6.5725,1,-0.28801603441464602,0.11353416977911837,0,0.082726545736699728,0.28836837314531089,0
6.575,0,0.13814220384943571,0.05935401118703857,0,0.4802626366799439,-0.13909636878520071,0
6.575,1,-0.28780834315051812,0.11425483857251865,0,0.083426465565604846,0.28816666157491305,0
6.5775,0,0.13934241780644308,0.059004749182538868,0,0.47990852892595554,-0.14031323481455921,0
6.5775,1,-0.28759890268282756,0.11497500095798044,0,0.084125908586846029,0.28796324679451218,0
6.58,0,0.14054174258696422,0.05865244595999277,0,0.4795512954909612,-0.14152934322231955,0
6.58,1,-0.28738771420863052,0.11569465267879465,0,0.084824870770807609,0.28775812985685617,0
6.5825,0,0.14174017037833814,0.05829710342375842,0,0.47919093760817938,-0.14274468576515989,0
6.5825,1,-0.28717477893505472,0.1164137894808953,0,0.085523348089818138,0.28755131182365923,0
6.585,0,0.14293769337101525,0.057938723498802712,0,0.47882745653350978,-0.14395925419940911,0
6.585,1,-0.28696009807929473,0.11713240711288188,0,0.086221336518167491,0.28734279376560051,0
6.5875,0,0.14413430375861408,0.057577308130702061,0,0.4784608535455524,-0.14517304028111319,0
6.5875,1,-0.28674367286860686,0.11785050132604179,0,0.086918832032123888,0.28713257676232234,0
6.59,0,0.14532999373797806,0.057212859285643042,0,0.47809112994562636,-0.14638603576610185,0
6.59,1,-0.28652550454030429,0.11856806787437273,0,0.087615830609951012,0.28692066190242882,0
6.5925,0,0.14652475550923233,0.056845378950422847,0,0.47771828705778846,-0.14759823241005524,0
6.5925,1,-0.28630559434175196,0.11928510251460511,0,0.088312328231925058,0.28670705028348403,0
6.595,0,0.14771858127584062,0.056474869132449562,0,0.47734232622885148,-0.14880962196857087,0
6.595,1,-0.2860839435303616,0.12000160100622448,0,0.089008320880351863,0.28649174301201041,0
6.5975,0,0.14891146324466217,0.056101331859742309,0,0.47696324882840258,-0.15002019619723056,0
6.5975,1,-0.28586055337358668,0.12071755911149384,0,0.089703804539584028,0.28627474120348723,0
6.6,0,0.15010339362600869,0.055724769180931187,0,0.47658105624882113,-0.15122994685166768,0
6.6,1,-0.28563542514891715,0.12143297259547614,0,0.090398775196038034,0.28605604598234879,0
6.6025,0,0.15129436463370133,0.055345183165257057,0,0.47619574990529639,-0.15243886568763443,0
6.6025,1,-0.28540856014387433,0.12214783722605656,0,0.091093228838211346,0.28583565848198283,0
6.605,0,0.15248436848512775,0.054962575902571177,0,0.47580733123584523,-0.15364694446106922,0
6.605,1,-0.28517995965600568,0.12286214877396495,0,0.091787161456699629,0.28561357984472868,0
6.6075,0,0.15367339740129923,0.054576949503334637,0,0.47541580170132935,-0.15485417492816439,0
6.6075,1,-0.28494962499287951,0.12357590301279821,0,0.092480569044213853,0.28538981122187568,0
6.61,0,0.15486144360690773,0.05418830609861764,0,0.47502116278547235,-0.15606054884543386,0
6.61,1,-0.28471755747207977,0.12428909571904263,0,0.093173447595597494,0.28516435377366134,0
6.6125,0,0.15604849933038317,0.053796647840098619,0,0.47462341599487667,-0.15726605796978096,0
6.6125,1,-0.28448375842120049,0.1250017226720963,0,0.093865793107843695,0.28493720866926964,0
6.615,0,0.15723455680395057,0.053401976900063187,0,0.47422256285904035,-0.15847069405856654,0
6.615,1,-0.28424822917784054,0.12571377965429142,0,0.094557601580112491,0.28470837708682922,0
6.6175,0,0.15841960826368734,0.053004295471402882,0,0.47381860493037331,-0.15967444886967699,0
6.6175,1,-0.28401097108959822,0.12642526245091673,0,0.095248869013748017,0.28447786021341154,0
6.62,0,0.15960364594958057,0.052603605767613797,0,0.47341154378421368,-0.16087731416159265,0
6.62,1,-0.28377198551406568,0.12713616685023979,0,0.095939591412295702,0.28424565924502909,0
6.6225,0,0.1607866621055844,0.052199910022794983,0,0.47300138101884392,-0.16207928169345612,0
6.6225,1,-0.28353127381882343,0.12784648864352938,0,0.096629764781519537,0.28401177538663364,0
6.625,0,0.16196864897967733,0.051793210491646736,0,0.4725881182555064,-0.16328034322514084,0
6.625,1,-0.28328883738143473,0.12855622362507782,0,0.097319385129419289,0.28377620985211427,0
6.6275,0,0.16314959882391974,0.051383509449468658,0,0.47217175713841902,-0.16448049051731981,0
6.6275,1,-0.28304467758944013,0.12926536759222335,0,0.098008448466247788,0.2835389638642955,0
6.63,0,0.16432950389451126,0.050970809192157587,0,0.47175229933479079,-0.16567971533153436,0
6.63,1,-0.28279879584035167,0.12997391634537239,0,0.098696950804528172,0.28330003865493553,0
6.6325,0,0.1655083564518483,0.050555112036205344,0,0.47132974653483661,-0.16687800943026315,0
6.6325,1,-0.28255119354164715,0.13068186568802195,0,0.099384888159071205,0.28305943546472412,0
6.635,0,0.1666861487605816,0.050136420318696279,0,0.47090410045179243,-0.16807536457699124,0
6.635,1,-0.28230187211076457,0.13138921142678195,0,0.10007225654699253,0.28281715554328085,0
6.6375,0,0.16786287308967376,0.049714736397304692,0,0.47047536282192975,-0.16927177253627929,0
6.6375,1,-0.28205083297509614,0.13209594937139749,0,0.10075905198773003,0.2825732001491531,0
6.64,0,0.1690385217124569,0.049290062650292052,0,0.47004353540457028,-0.17046722507383288,0
6.64,1,-0.28179807757198266,0.1328020753347712,0,0.10144527050306107,0.282327570549814,0
6.6425,0,0.17021308690669024,0.048862401476504044,0,0.46960861998209991,-0.17166171395657209,0
6.6425,1,-0.28154360734870743,0.13350758513298555,0,0.10213090811711996,0.28208026802166053,0
6.645,0,0.17138656095461785,0.048431755295367453,0,0.46917061835998286,-0.172855230952701,0
6.645,1,-0.2812874237624905,0.13421247458532515,0,0.10281596085641516,0.28183129385001154,0
6.6475,0,0.17255893614302631,0.047998126546886857,0,0.46872953236677545,-0.17404776783177744,0
6.6475,1,-0.28102952828048267,0.13491673951429906,0,0.10350042474984675,0.28158064932910565,0
6.65,0,0.17373020476330245,0.047561517691641159,0,0.46828536385413949,-0.17523931636478293,0
6.65,1,-0.28076992237975945,0.13562037574566307,0,0.10418429582872372,0.2813283357620992,0
6.6525,0,0.17490035911149118,0.047121931210779941,0,0.46783811469685577,-0.17642986832419255,0
6.6525,1,-0.28050860754731505,0.13632337910844203,0,0.10486757012678145,0.28107435446106432,0
6.655,0,0.17606939148835329,0.046679369606019643,0,0.46738778679283699,-0.1776194154840452,0
6.655,1,-0.28024558528005633,0.13702574543495208,0,0.10555024368019902,0.28081870674698661,0
6.6575,0,0.17723729419942327,0.046233835399639572,0,0.46693438206314064,-0.17880794962001365,0
6.6575,1,-0.27998085708479659,0.13772747056082302,0,0.10623231252761667,0.2805613939497632,0
6.66,0,0.17840405955506716,0.045785331134477712,0,0.46647790245198162,-0.1799954625094751,0
6.66,1,-0.27971442447824935,0.13842855032502047,0,0.10691377271015322,0.28030241740820067,0
6.6625,0,0.17956967987054057,0.045333859373926394,0,0.46601834992674462,-0.18118194593158152,0
6.6625,1,-0.2794462889870224,0.13912898056986822,0,0.10759462027142351,0.28004177847001266,0
6.665,0,0.18073414746604649,0.044879422701927754,0,0.46555572647799626,-0.18236739166733032,0
6.665,1,-0.27917645214761116,0.13982875714107051,0,0.10827485125755586,0.27977947849181795,0
6.6675,0,0.18189745466679336,0.044422023722969051,0,0.4650900341194969,-0.1835517914996351,0
6.6675,1,-0.27890491550639268,0.14052787588773422,0,0.10895446171720949,0.27951551883913817,0
6.67,0,0.18305959380305301,0.043961665062077764,0,0.46462127488821248,-0.18473513721339649,0
6.67,1,-0.27863168061961918,0.14122633266239112,0,0.10963344770159208,0.27924990088639556,0
6.6725,0,0.18422055721021868,0.043498349364816551,0,0.46414945084432568,-0.18591742059557304,0
6.6725,1,-0.27835674905341162,0.14192412332102025,0,0.11031180526447723,0.27898262601691082,0
6.675,0,0.18538033722886316,0.043032079297278016,0,0.46367456407124746,-0.18709863343525243,0
6.675,1,-0.27808012238375324,0.14262124372307003,0,0.11098953046222192,0.27871369562290077,0
6.6775,0,0.18653892620479676,0.042562857546079295,0,0.46319661667562767,-0.18827876752372263,0
6.6775,1,-0.27780180219648321,0.14331768973148051,0,0.11166661935378408,0.2784431111054762,0
6.68,0,0.18769631648912549,0.042090686818356461,0,0.46271561078736589,-0.18945781465454323,0
6.68,1,-0.27752179008729005,0.14401345721270567,0,0.11234306800074013,0.2781708738746394,0
6.6825,0,0.18885250043830923,0.041615569841758758,0,0.46223154855962206,-0.19063576662361681,0
6.6825,1,-0.27724008766170499,0.14470854203673558,0,0.11301887246730251,0.27789698534928203,0
6.685,0,0.19000747041421978,0.041137509364442659,0,0.46174443216882644,-0.19181261522926063,0
6.685,1,-0.27695669653509547,0.14540294007711865,0,0.11369402882033725,0.27762144695718266,0
6.6875,0,0.19116121878419917,0.040656508155065739,0,0.46125426381468976,-0.1929883522722782,0
6.6875,1,-0.2766716183326583,0.14609664721098389,0,0.11436853312938153,0.27734426013500446,0
6.69,0,0.19231373792111781,0.040172569002780351,0,0.46076104572021287,-0.19416296955603113,0
6.69,1,-0.27638485468941326,0.14678965931906302,0,0.11504238146666129,0.27706542632829279,0
6.6925,0,0.1934650202034327,0.039685694717227174,0,0.46026478013169636,-0.19533645888651099,0
6.6925,1,-0.27609640725019607,0.14748197228571272,0,0.11571556990710884,0.27678494699147288,0
6.695,0,0.19461505801524576,0.039195888128528519,0,0.45976546931874962,-0.19650881207241133,0
6.695,1,-0.27580627766965171,0.14817358199893688,0,0.11638809452838045,0.27650282358784734,0
6.6975,0,0.19576384374636208,0.038703152087281506,0,0.45926311557430011,-0.19768002092519982,0
6.6975,1,-0.27551446761222764,0.14886448435040867,0,0.11705995141087401,0.27621905758959364,0
6.7,0,0.19691136979234819,0.03820748946455102,0,0.45875772121460184,-0.19885007725919046,0
6.7,1,-0.27522097875216689,0.14955467523549287,0,0.11773113663774666,0.27593365047776186,0
6.7025,0,0.1980576285545905,0.037708903151862511,0,0.45824928857924413,-0.20001897289161594,0
6.7025,1,-0.27492581277350103,0.15024415055326792,0,0.11840164629493245,0.27564660374227201,0
6.705,0,0.1992026124403535,0.037207396061194616,0,0.4577378200311597,-0.20118669964270008,0
6.705,1,-0.27462897137004344,0.15093290620654815,0,0.11907147647116005,0.27535791888191158,0
6.7075,0,0.20034631386283824,0.036702971124971576,0,0.45722331795663274,-0.20235324933573037,0
6.7075,1,-0.27433045624538205,0.15162093810190594,0,0.11974062325797037,0.27506759740433301,0
6.71,0,0.20148872524124067,0.036195631296055499,0,0.45670578476530677,-0.20351861379713071,0
6.71,1,-0.27403026911287243,0.15230824214969391,0,0.12040908274973433,0.2747756408260511,0
6.7125,0,0.20262983900081005,0.03568537954773842,0,0.45618522289019198,-0.20468278485653404,0
6.7125,1,-0.27372841169563067,0.15299481426406703,0,0.12107685104367055,0.27448205067244058,0
6.715,0,0.20376964757290739,0.03517221887373418,0,0.45566163478767269,-0.2058457543468554,0
6.715,1,-0.27342488572652623,0.15368065036300474,0,0.12174392423986309,0.27418682847773324,0
6.7175,0,0.20490814339506386,0.034656152288170157,0,0.45513502293751418,-0.20700751410436471,0
6.7175,1,-0.27311969294817479,0.15436574636833317,0,0.12241029844127918,0.2738899757850155,0
6.72,0,0.20604531891103933,0.034137182825578753,0,0.45460538984286963,-0.20816805596876004,0
6.72,1,-0.27281283511293097,0.15505009820574722,0,0.12307596975378701,0.2735914941462258,0
6.7225,0,0.20718116657088079,0.033615313540888751,0,0.45407273803028653,-0.20932737178324065,0
6.7225,1,-0.272504313982881,0.1557337018048327,0,0.12374093428617348,0.27329138512215179,0
6.725,0,0.20831567883098079,0.033090547509416472,0,0.45353707004971294,-0.21048545339458033,0
6.725,1,-0.27219413132983555,0.15641655309908842,0,0.12440518815016201,0.27298965028242772,0
6.7275,0,0.20944884815413606,0.032562887826856748,0,0.45299838847450352,-0.21164229265320078,0
6.7275,1,-0.27188228893532229,0.15709864802594836,0,0.1250687274604303,0.27268629120553162,0
6.73,0,0.21058066700960598,0.032032337609273688,0,0.45245669590142518,-0.21279788141324513,0
6.73,1,-0.27156878859057848,0.15777998252680375,0,0.12573154833462824,0.27238130947878275,0
6.7325,0,0.21171112787317109,0.031498899993091314,0,0.45191199495066275,-0.21395221153265143,0
6.7325,1,-0.27125363209654346,0.15846055254702515,0,0.12639364689339569,0.27207470669833861,0
6.735,0,0.2128402232271917,0.030962578135083966,0,0.45136428826582414,-0.21510527487322639,0
6.735,1,-0.27093682126385127,0.15914035403598456,0,0.12705501926038029,0.27176648446919233,0
6.7375,0,0.21396794556066642,0.030423375212366533,0,0.45081357851394521,-0.21625706330071917,0
6.7375,1,-0.27061835791282296,0.15981938294707751,0,0.12771566156225539,0.27145664440516981,0
6.74,0,0.21509428736929073,0.029881294422384515,0,0.45025986838549459,-0.21740756868489519,0
6.74,1,-0.27029824387345924,0.16049763523774513,0,0.12837556992873791,0.2711451881289268,0
6.7425,0,0.21621924115551558,0.029336338982903883,0,0.44970316059437809,-0.21855678289961014,0
6.7425,1,-0.26997648098543259,0.16117510686949621,0,0.12903474049260621,0.27083211727194606,0
6.745,0,0.21734279942860599,0.028788512132000767,0,0.44914345787794302,-0.21970469782288402,0
6.745,1,-0.26965307109807968,0.1618517938079293,0,0.12969316938971806,0.27051743347453466,0
6.7475,0,0.21846495470469965,0.028237817128050943,0,0.44858076299698191,-0.22085130533697528,0
6.7475,1,-0.26932801607039375,0.16252769202275474,0,0.13035085275902847,0.27020113838582077,0
6.75,0,0.21958569950686554,0.027684257249719155,0,0.44801507873573643,-0.22199659732845506,0
6.75,1,-0.26900131777101671,0.16320279748781671,0,0.13100778674260771,0.26988323366375094,0
6.7525,0,0.22070502636516259,0.027127835795948234,0,0.44744640790190066,-0.22314056568828153,0
6.7525,1,-0.26867297807823137,0.16387710618111526,0,0.13166396748565928,0.26956372097508713,0
6.755,0,0.22182292781669824,0.02656855608594804,0,0.44687475332662419,-0.22428320231187426,0
6.755,1,-0.26834299887995361,0.16455061408482838,0,0.13231939113653776,0.26924260199540362,0
6.7575,0,0.22293939640568716,0.026006421459184213,0,0.44630011786451518,-0.22542449909918885,0
6.7575,1,-0.26801138207372449,0.16522331718533398,0,0.13297405384676692,0.26891987840908399,0
6.76,0,0.22405442468350986,0.025441435275366738,0,0.44572250439364286,-0.22656444795479133,0
6.76,1,-0.26767812956670223,0.16589521147323197,0,0.13362795177105763,0.26859555190931828,0
6.7625,0,0.22516800520877134,0.024873600914438333,0,0.44514191581553997,-0.22770304078793299,0
6.7625,1,-0.26734324327565423,0.16656629294336625,0,0.13428108106732595,0.26826962419809969,0
6.765,0,0.22628013054735976,0.024302921776562635,0,0.44455835505520469,-0.22884026951262512,0
6.765,1,-0.26700672512694917,0.16723655759484665,0,0.13493343789671111,0.26794209698622162,0
6.7675,0,0.22739079327250514,0.023729401282112213,0,0.44397182506110272,-0.22997612604771378,0
6.7675,1,-0.26666857705654878,0.16790600143107101,0,0.13558501842359361,0.26761297199327461,0
6.77,0,0.22849998596483798,0.023153042871656378,0,0.4433823288051687,-0.23111060231695477,0
6.77,1,-0.26632880100999978,0.16857462045974717,0,0.13623581881561317,0.26728225094764302,0
6.7725,0,0.22960770121244795,0.022573850005948824,0,0.44278986928280745,-0.2322436902490887,0
6.7725,1,-0.26598739894242568,0.16924241069291485,0,0.13688583524368692,0.26694993558650204,0
6.775,0,0.23071393161094259,0.021991826165915069,0,0.4421944495128951,-0.23337538177791597,0
6.775,1,-0.26564437281851855,0.16990936814696775,0,0.13753506388202746,0.26661602765581444,0
6.7775,0,0.23181866976350593,0.021406974852639708,0,0.44159607253777983,-0.23450566884237206,0
6.7775,1,-0.26529972461253082,0.17057548884267543,0,0.13818350090816092,0.26628052891032733,0
6.78,0,0.23292190828095727,0.020819299587353488,0,0.44099474142328232,-0.23563454338660267,0
6.78,1,-0.26495345630826694,0.17124076880520531,0,0.13883114250294515,0.26594344111356893,0
6.7825,0,0.23402363978180973,0.020228803911420186,0,0.44039045925869602,-0.23676199736003911,0
6.7825,1,-0.26460556989907502,0.17190520406414458,0,0.13947798485058777,0.26560476603784539,0
6.785,0,0.23512385689232909,0.019635491386323294,0,0.43978322915678708,-0.2378880227174737,0
6.785,1,-0.26425606738783847,0.17256879065352218,0,0.14012402413866443,0.26526450546423724,0
6.7875,0,0.2362225522465923,0.019039365593652532,0,0.43917305425379399,-0.23901261141913518,0
6.7875,1,-0.26390495078696746,0.17323152461183072,0,0.14076925655813691,0.26492266118259644,0
6.79,0,0.23731971848654634,0.018440430135090159,0,0.43855993770942703,-0.24013575543076437,0
6.79,1,-0.26355222211839058,0.17389340198204839,0,0.14141367830337132,0.26457923499154268,0
6.7925,0,0.2384153482620667,0.017838688632397091,0,0.4379438827068674,-0.24125744672368971,0
6.7925,1,-0.26319788341354616,0.17455441881166089,0,0.14205728557215627,0.26423422869846025,0
6.795,0,0.23950943423101625,0.017234144727398849,0,0.43732489245276607,-0.24237767727490298,0
6.795,1,-0.2628419367133738,0.17521457115268332,0,0.14270007456572115,0.2638876441194945,0
6.7975,0,0.24060196905930376,0.016626802081971301,0,0.4367029701772423,-0.24349643906713511,0
6.7975,1,-0.26248438406830571,0.17587385506168213,0,0.14334204148875429,0.26353948307954844,0
6.8,0,0.24169294542094266,0.016016664378026218,0,0.43607811913388211,-0.24461372408893195,0
6.8,1,-0.26212522753825801,0.1765322665997969,0,0.14398318254942127,0.2631897474122793,0
6.8025,0,0.24278235599810968,0.01540373531749664,0,0.4354503425997362,-0.24572952433473022,0
6.8025,1,-0.26176446919262203,0.17718980183276237,0,0.14462349395938312,0.26283843896009507,0
6.805,0,0.24387019348120351,0.01478801862232206,0,0.43481964387531769,-0.24684383180493349,0
6.805,1,-0.26140211111025552,0.17784645683093017,0,0.14526297193381463,0.26248555957415093,0
6.8075,0,0.24495645056890342,0.014169518034433408,0,0.43418602628459968,-0.24795663850598818,0
6.8075,1,-0.26103815537947395,0.1785022276692908,0,0.14590161269142266,0.26213111111434567,0
6.81,0,0.24604111996822794,0.013548237315737848,0,0.43354949317501246,-0.24906793645045966,0
6.81,1,-0.2606726040980416,0.17915711042749538,0,0.14653941245446439,0.26177509544931832,0
6.8125,0,0.24712419439459352,0.012924180248103389,0,0.43291004791744031,-0.2501777176571085,0
6.8125,1,-0.26030545937316257,0.17981110118987759,0,0.14717636744876572,0.26141751445644423,0
6.815,0,0.2482056665718731,0.012297350633343295,0,0.43226769390621839,-0.2512859741509666,0
6.815,1,-0.25993672332147194,0.18046419604547542,0,0.14781247390373956,0.2610583700218318,0
6.8175,0,0.24928552923245478,0.01166775229320032,0,0.4316224345591288,-0.25239269796341363,0
6.8175,1,-0.25956639806902676,0.18111639108805311,0,0.14844772805240417,0.26069766404031852,0
6.82,0,0.25036377511730046,0.011035389069330737,0,0.43097427331739702,-0.25349788113225319,0
6.82,1,-0.259194485751297,0.18176768241612284,0,0.14908212613140157,0.26033539841546749,0
6.8225,0,0.25144039697600429,0.010400264823288183,0,0.43032321364568737,-0.25460151570178935,0
6.8225,1,-0.25882098851315649,0.18241806613296663,0,0.14971566438101594,0.25997157505956359,0
6.825,0,0.25251538756685155,0.0097623834365073176,0,0.4296692590320989,-0.25570359372290308,0
6.825,1,-0.25844590850887372,0.18306753834665809,0,0.15034833904519196,0.25960619589360984,0
6.8275,0,0.25358873965687689,0.0091217488102872772,0,0.42901241298816034,-0.25680410725312891,0
6.8275,1,-0.25806924790210278,0.18371609517008425,0,0.15098014637155327,0.25923926284732346,0
6.83,0,0.25466044602192311,0.0084783648657749521,0,0.42835267904882529,-0.25790304835673128,0
6.83,1,-0.25769100886587404,0.18436373272096732,0,0.15161108261142092,0.25887077785913226,0
6.8325,0,0.25573049944669973,0.0078322355439480618,0,0.42769006077246674,-0.25900040910478139,0
6.8325,1,-0.25731119358258497,0.18501044712188644,0,0.15224114401983177,0.25850074287617075,0
6.835,0,0.25679889272484141,0.0071833648055980425,0,0.42702456174087156,-0.26009618157523379,0
6.835,1,-0.25692980424399076,0.1856562345002995,0,0.15287032685555699,0.2581291598542762,0
6.8375,0,0.25786561865896657,0.0065317566313127465,0,0.42635618555923471,-0.26119035785300315,0
6.8375,1,-0.25654684305119491,0.18630109098856482,0,0.15349862738112052,0.25775603075798481,0
6.84,0,0.25893067006073578,0.0058774150214589409,0,0.42568493585615286,-0.26228293003004111,0
6.84,1,-0.25616231221463998,0.18694501272396297,0,0.15412604186281764,0.25738135756052782,0
6.8425,0,0.25999403975091051,0.0052203439961646236,0,0.4250108162836182,-0.26337389020541302,0
6.8425,1,-0.25577621395409805,0.18758799584871841,0,0.15475256657073336,0.25700514224382753,0
6.845,0,0.26105572055941129,0.0045605475953011381,0,0.42433383051701151,-0.26446323048537501,0
6.845,1,-0.25538855049866116,0.18823003651002132,0,0.15537819777876102,0.25662738679849334,0
6.8475,0,0.26211570532537642,0.0038980298784651061,0,0.42365398225509521,-0.26555094298345078,0
6.8475,1,-0.25499932408673193,0.1888711308600492,0,0.15600293176462085,0.25624809322381764,0
6.85,0,0.26317398689722032,0.0032327949249601569,0,0.4229712752200061,-0.26663701982050858,0
6.85,1,-0.25460853696601382,0.18951127505598869,0,0.1566267648098785,0.25586726352777195,0
6.8525,0,0.26423055813269192,0.0025648468337784729,0,0.42228571315724778,-0.26772145312483853,0
6.8525,1,-0.25421619139350154,0.19015046526005716,0,0.1572496931999636,0.25548489972700267,0
6.855,0,0.26528541189893307,0.0018941897235821381,0,0.42159729983568267,-0.26880423503222928,0
6.855,1,-0.25382228963547138,0.19078869763952444,0,0.15787171322418839,0.2551010038468271,0
6.8575,0,0.26633854107253707,0.0012208277326842946,0,0.42090603904752394,-0.26988535768604549,0
6.8575,1,-0.25342683396747145,0.19142596836673451,0,0.15849282117576632,0.25471557792122929,0
6.86,0,0.26738993853960691,0.0005447650190301066,0,0.42021193460832706,-0.27096481323730487,0
6.86,1,-0.25302982667431195,0.19206227361912712,0,0.15911301335183067,0.25432862399285577,0
6.8625,0,0.26843959719581356,-0.00013399423982246876,0,0.41951499035698103,-0.27204259384475538,0
6.8625,1,-0.25263127005005537,0.19269760957925944,0,0.15973228605345316,0.25394014411301152,0
6.865,0,0.26948750994645443,-0.0008154458467221036,0,0.41881521015569939,-0.27311869167495251,0
6.865,1,-0.25223116639800647,0.19333197243482778,0,0.16035063558566265,0.25355014034165563,0
6.8675,0,0.27053366970651155,-0.0014995855849437149,0,0.41811259789001087,-0.27419309890233651,0
6.8675,1,-0.25182951803070258,0.19396535837868908,0,0.16096805825746377,0.25315861474739704,0
6.87,0,0.27157806940071,-0.0021864092182082729,0,0.41740715746874979,-0.27526580770930981,0
6.87,1,-0.25142632726990344,0.1945977636088827,0,0.16158455038185565,0.25276556940749029,0
6.8725,0,0.27262070196357602,-0.002875912490702803,0,0.41669889282404615,-0.27633681028631435,0
6.8725,1,-0.25102159644658129,0.19522918432865186,0,0.16220010827585057,0.25237100640783122,0
6.875,0,0.27366156033949524,-0.0035680911271005825,0,0.41598780791131557,-0.27740609883190892,0
6.875,1,-0.25061532790091084,0.19585961674646535,0,0.16281472826049273,0.25197492784295256,0
6.8775,0,0.27470063748277096,-0.0042629408325815269,0,0.41527390670924857,-0.27847366555284669,0
6.8775,1,-0.25020752398225915,0.19648905707603906,0,0.16342840666087696,0.25157733581601954,0
6.88,0,0.27573792635768229,-0.0049604572928527765,0,0.4145571932198,-0.27953950266415262,0
6.88,1,-0.24979818704917534,0.19711750153635763,0,0.16404113980616747,0.25117823243882553,0
6.8825,0,0.27677341993854226,-0.0056606361741694689,0,0.41383767146817796,-0.28060360238920096,0
6.8825,1,-0.24938731946938061,0.1977449463516959,0,0.16465292402961657,0.25077761983178753,0
6.885,0,0.27780711120975604,-0.0063634731233557108,0,0.41311534550283235,-0.28166595695979274,0
6.885,1,-0.24897492361975787,0.19837138775164057,0,0.16526375566858356,0.25037550012394172,0
6.8875,0,0.2788389931658789,-0.0070689637678257432,0,0.41239021939544335,-0.28272655861623341,0
6.8875,1,-0.24856100188634145,0.19899682197111165,0,0.16587363106455347,0.24997187545293897,0
6.89,0,0.27986905881167434,-0.0077771037156052977,0,0.4116622972409093,-0.28378539960741039,0
6.89,1,-0.24814555666430682,0.19962124525038413,0,0.16648254656315581,0.24956674796504019,0
6.8925,0,0.28089730116217215,-0.0084878885553531496,0,0.41093158315733469,-0.28484247219087061,0
6.8925,1,-0.24772859035796016,0.20024465383510931,0,0.16709049851418351,0.24916011981511182,0
6.895,0,0.28192371324272636,-0.0092013138563828614,0,0.41019808128601742,-0.28589776863289823,0
6.895,1,-0.24731010538072792,0.20086704397633648,0,0.16769748327161166,0.24875199316662122,0
6.8975,0,0.28294828808907319,-0.009917375168684725,0,0.40946179579143616,-0.28695128120859226,0
6.8975,1,-0.24689010415514639,0.20148841193053429,0,0.16830349719361645,0.24834237019163199,0
6.9,0,0.283971018747389,-0.010636068022947896,0,0.40872273086123706,-0.28800300220194425,0
6.9,1,-0.24646858911285113,0.20210875395961234,0,0.16890853664259403,0.2479312530707993,0
6.9025,0,0.28499189827434834,-0.01135738793058272,0,0.40798089070622057,-0.28905292390591597,0
6.9025,1,-0.24604556269456643,0.20272806633094254,0,0.16951259798517934,0.24751864399336512,0
6.905,0,0.28601091973718151,-0.012081330383743262,0,0.40723627956032743,-0.29010103862251718,0
6.905,1,-0.24562102735009461,0.20334634531738069,0,0.17011567759226512,0.2471045451571536,0
6.9075,0,0.28702807621373272,-0.012807890855350014,0,0.40648890168062485,-0.29114733866288328,0
6.9075,1,-0.24519498553830552,0.20396358719728783,0,0.17071777183902073,0.24668895876856614,0
6.91,0,0.28804336079251763,-0.013537064799112809,0,0.40573876134729225,-0.29219181634735314,0
6.91,1,-0.24476743972712561,0.20457978825455175,0,0.17131887710491114,0.24627188704257663,0
6.9125,0,0.28905676657278123,-0.014268847649553934,0,0.40498586286360655,-0.29323446400554687,0
6.9125,1,-0.24433839239352734,0.20519494477860839,0,0.17191898977371592,0.24585333220272659,0
6.915,0,0.29006828666455564,-0.015003234822031423,0,0.40423021055592734,-0.2942752739764436,0
6.915,1,-0.24390784602351825,0.2058090530644632,0,0.1725181062335481,0.24543329648112028,0
6.9175,0,0.29107791418871765,-0.015740221712762553,0,0.40347180877368161,-0.29531423860845923,0
6.9175,1,-0.24347580311213024,0.20642210941271263,0,0.17311622287687331,0.24501178211841979,0
6.92,0,0.29208564227704642,-0.016479803698847533,0,0.40271066188934829,-0.29635135025952436,0
6.92,1,-0.24304226616340849,0.20703411012956546,0,0.17371333610052861,0.24458879136384004,0
6.9225,0,0.29309146407228115,-0.017221976138293391,0,0.40194677429844256,-0.29738660129716193,0
6.9225,1,-0.24260723769040066,0.20764505152686419,0,0.17430944230574164,0.24416432647514383,0
6.925,0,0.29409537272817859,-0.01796673437003805,0,0.40118015041949961,-0.29841998409856529,0
6.925,1,-0.2421707202151458,0.20825492992210642,0,0.17490453789814955,0.24373838971863676,0
6.9275,0,0.29509736140957055,-0.018714073713974603,0,0.40041079469405833,-0.29945149105067581,0
6.9275,1,-0.24173271626866333,0.20886374163846616,0,0.17549861928781815,0.24331098336916224,0
6.93,0,0.29609742329242145,-0.019463989470975773,0,0.3996387115866446,-0.30048111455026089,0
6.93,1,-0.24129322839094197,0.20947148300481525,0,0.17609168288926091,0.2428821097100963,0
6.9325,0,0.29709555156388567,-0.020216476922918589,0,0.39886390558475432,-0.30150884700399178,0
6.9325,1,-0.24085225913092859,0.21007815035574454,0,0.17668372512145805,0.24245177103334251,0
6.935,0,0.29809173942236517,-0.02097153133270923,0,0.3980863811988361,-0.30253468082852136,0
6.935,1,-0.24040981104651693,0.21068374003158538,0,0.17727474240787561,0.24201996963932673,0
6.9375,0,0.29908598007756654,-0.021729147944308084,0,0.39730614296227368,-0.30355860845056215,0
6.9375,1,-0.23996588670453647,0.21128824837843077,0,0.17786473117648458,0.24158670783699207,0
6.94,0,0.3000782667505586,-0.022489321982754992,0,0.39652319543136805,-0.30458062230696403,0
6.94,1,-0.23952048868074113,0.21189167174815676,0,0.17845368785978002,0.24115198794379342,0
6.9425,0,0.30106859267382946,-0.023252048654194685,0,0.39573754318531923,-0.30560071484479218,0
6.9425,1,-0.23907361955979792,0.21249400649844363,0,0.17904160889480025,0.24071581228569233,0
6.945,0,0.30205695109134389,-0.024017323145902433,0,0.39494919082620783,-0.3066188785214049,0
6.945,1,-0.23862528193527549,0.21309524899279719,0,0.17962849072314593,0.24027818319715163,0
6.9475,0,0.30304333525860039,-0.024785140626309852,0,0.39415814297897617,-0.30763510580453157,0
6.9475,1,-0.2381754784096328,0.21369539560057005,0,0.18021432979099922,0.2398391030211301,0
6.95,0,0.30402773844268838,-0.025555496245030954,0,0.39336440429140929,-0.30864938917235046,0
6.95,1,-0.23772421159420762,0.21429444269698281,0,0.18079912254914304,0.239398574109077,0
6.9525,0,0.30501015392234526,-0.026328385132888349,0,0.39256797943411548,-0.30966172111356649,0
6.9525,1,-0.23727148410920496,0.21489238666314531,0,0.18138286545298024,0.23895659882092676,0
6.955,0,0.30599057498801352,-0.027103802401939669,0,0.39176887310050662,-0.3106720941274892,0
6.955,1,-0.23681729858368553,0.21548922388607783,0,0.18196555496255279,0.23851317952509343,0
6.9575,0,0.30696899494189761,-0.027881743145504168,0,0.3909670900067781,-0.31168050072411052,0
6.9575,1,-0.23636165765555414,0.21608495075873227,0,0.18254718754256105,0.23806831859846517,0
6.96,0,0.30794540709802093,-0.028662202438189534,0,0.39016263489188852,-0.31268693342418269,0
6.96,1,-0.23590456397154796,0.21667956368001334,0,0.18312775966238296,0.23762201842639874,0
6.9625,0,0.3089198047822827,-0.029445175335918884,0,0.38935551251753925,-0.31369138475929598,0
6.9625,1,-0.23544602018722488,0.21727305905479974,0,0.18370726779609334,0.2371742814027139,0
6.965,0,0.30989218133251484,-0.03023065687595795,0,0.38854572766815332,-0.31469384727195659,0
6.965,1,-0.23498602896695167,0.21786543329396524,0,0.18428570842248318,0.23672510992968784,0
6.9675,0,0.31086253009853859,-0.031018642076942476,0,0.38773328515085431,-0.3156943135156644,0
6.9675,1,-0.23452459298389222,0.21845668281439992,0,0.1848630780250789,0.23627450641804942,0
6.97,0,0.31183084444222148,-0.031809125938905794,0,0.38691818979544473,-0.31669277605499074,0
6.97,1,-0.23406171491999567,0.21904680403903121,0,0.18543937309216166,0.23582247328697356,0
6.9725,0,0.31279711773753377,-0.0326021034433066,0,0.38610044645438424,-0.31768922746565625,0
6.9725,1,-0.23359739746598449,0.21963579339684502,0,0.18601459011678667,0.2353690129640755,0
6.975,0,0.31376134337060518,-0.033397569553056929,0,0.3852800600027676,-0.31868366033460849,0
6.975,1,-0.23313164332134251,0.22022364732290686,0,0.18658872559680259,0.23491412788540497,0
6.9775,0,0.3147235147397815,-0.034195519212550311,0,0.38445703533830217,-0.31967606726009973,0
6.9775,1,-0.23266445519430293,0.22081036225838291,0,0.18716177603487077,0.23445782049544042,0
6.98,0,0.315683625255681,-0.03499594734769014,0,0.38363137738128505,-0.32066644085176477,0
6.98,1,-0.23219583580183623,0.22139593465056107,0,0.18773373793848475,0.23400009324708318,0
6.9825,0,0.31664166834125085,-0.03579884886591822,0,0.38280309107458033,-0.32165477373069856,0
6.9825,1,-0.23172578786963813,0.22198036095287199,0,0.18830460781998948,0.23354094860165153,0
6.985,0,0.31759763743182357,-0.036604218656243512,0,0.38197218138359534,-0.32264105852953379,0
6.985,1,-0.23125431413211739,0.22256363762491016,0,0.18887438219660085,0.23308038902887482,0
6.9875,0,0.31855152597517339,-0.037412051589271078,0,0.3811386532962574,-0.32362528789251871,0
6.9875,1,-0.23078141733238361,0.22314576113245485,0,0.18944305759042504,0.23261841700688746,0
6.99,0,0.31950332743157245,-0.038222342517231223,0,0.38030251182298958,-0.32460745447559458,0
6.99,1,-0.23030710022223497,0.22372672794749124,0,0.19001063052847794,0.2321550350222229,0
6.9925,0,0.32045303527384705,-0.039035086274008805,0,0.37946376199668652,-0.32558755094647335,0
6.9925,1,-0.22983136556214598,0.22430653454823127,0,0.19057709754270458,0.23169024556980761,0
6.995,0,0.32140064298743376,-0.039850277675172789,0,0.37862240887268983,-0.32656556998471531,0
6.995,1,-0.22935421612125509,0.22488517741913472,0,0.19114245516999864,0.231224051152955,0
6.9975,0,0.3223461440704356,-0.040667911518005945,0,0.37777845752876332,-0.32754150428180656,0
6.9975,1,-0.22887565467735232,0.22546265305093011,0,0.19170669995222184,0.23075645428335928,0
7,0,0.32328953203367788,-0.041487982581534751,0,0.37693191306506763,-0.32851534654123643,0
7,1,-0.22839568401686677,0.22603895794063567,0,0.19226982843622345,0.23028745748108925,0
7.0025,0,0.32423080040076441,-0.042310485626559514,0,0.37608278060413486,-0.32948708947857508,0
7.0025,1,-0.22791430693485418,0.22661408859158025,0,0.19283183717385982,0.22981706327458215,0
7.005,0,0.32516994270813315,-0.043135415395684669,0,0.37523106529084277,-0.33045672582155095,0
7.005,1,-0.22743152623498433,0.22718804151342428,0,0.19339272272201385,0.22934527420063738,0
7.0075,0,0.32610695250511218,-0.043962766613349268,0,0.37437677229238858,-0.33142424831012807,0
7.0075,1,-0.22694734472952854,0.22776081322218059,0,0.19395248164261453,0.2288720928044102,0
7.01,0,0.32704182335397547,-0.044792533985857655,0,0.37351990679826269,-0.33238964969658363,0
7.01,1,-0.22646176523934697,0.22833240024023535,0,0.19451111050265643,0.22839752163940541,0
7.0125,0,0.3279745488299986,-0.045624712201410365,0,0.37266047402022179,-0.33335292274558509,0
7.0125,1,-0.22597479059387587,0.22890279909636896,0,0.19506860587421934,0.22792156326747096,0
7.015,0,0.32890512252151421,-0.046459295930135182,0,0.37179847919226205,-0.33431406023426763,0
7.015,1,-0.22548642363111498,0.22947200632577677,0,0.19562496433448776,0.22744422025879155,0
7.0175,0,0.32983353802996779,-0.047296279824118409,0,0.37093392757059157,-0.33527305495231136,0
7.0175,1,-0.22499666719761466,0.23004001847009012,0,0.19618018246577051,0.22696549519188214,0
7.02,0,0.33075978896997305,-0.048135658517436321,0,0.37006682443360284,-0.33622989970201855,0
7.02,1,-0.22450552414846303,0.23060683207739696,0,0.19673425685552032,0.22648539065358153,0
7.0225,0,0.33168386896936736,-0.048977426626186829,0,0.36919717508184474,-0.33718458729839085,0
7.0225,1,-0.2240129973472732,0.23117244370226275,0,0.19728718409635343,0.22600390923904573,0
7.025,0,0.33260577166926714,-0.049821578748521327,0,0.36832498483799442,-0.33813711056920631,0
7.025,1,-0.22351908966617018,0.23173684990575125,0,0.19783896078606925,0.22552105355174143,0
7.0275,0,0.33352549072412319,-0.050668109464676703,0,0.36745025904682854,-0.33908746235509662,0
7.0275,1,-0.22302380398577801,0.23230004725544523,0,0.19838958352766992,0.22503682620343932,0
7.03,0,0.33444301980177571,-0.051517013337007603,0,0.36657300307519447,-0.34003563550962407,0
7.03,1,-0.22252714319520669,0.23286203232546729,0,0.19893904892938002,0.22455122981420747,0
7.0325,0,0.33535835258350966,-0.052368284910018832,0,0.3656932223119812,-0.34098162289935852,0
7.0325,1,-0.22202911019203914,0.23342280169650056,0,0.19948735360466621,0.22406426701240459,0
7.035,0,0.33627148276410973,-0.053221918710397977,0,0.36481092216808969,-0.34192541740395438,0
7.035,1,-0.22152970788231799,0.23398235195580941,0,0.20003449417225691,0.22357594043467333,0
7.0375,0,0.33718240405191535,-0.054077909247048202,0,0.36392610807640319,-0.34286701191622754,0
7.0375,1,-0.22102893918053246,0.23454067969726017,0,0.20058046725616197,0.22308625272593338,0
7.04,0,0.33809111016887555,-0.054936251011121276,0,0.36303878549175705,-0.34380639934223212,0
7.04,1,-0.22052680700960514,0.23509778152134181,0,0.2011252694856924,0.22259520653937473,0
7.0425,0,0.33899759485060388,-0.055796938476050738,0,0.36214895989090845,-0.34474357260133737,0
7.0425,1,-0.22002331430087868,0.23565365403518659,0,0.20166889749548006,0.22210280453645073,0
7.045,0,0.33990185184643312,-0.056659966097585293,0,0.36125663677250547,-0.34567852462630422,0
7.045,1,-0.21951846399410246,0.23620829385259073,0,0.20221134792549741,0.22160904938687118,0
7.0475,0,0.34080387491947006,-0.057525328313822378,0,0.36036182165705621,-0.34661124836336221,0
7.0475,1,-0.21901225903741925,0.23676169759403506,0,0.20275261742107725,0.22111394376859536,0
7.05,0,0.34170365784665002,-0.058393019545241939,0,0.35946452008689739,-0.34754173677228595,0
7.05,1,-0.21850470238735173,0.23731386188670558,0,0.20329270263293248,0.22061749036782502,0
7.0525,0,0.34260119441879133,-0.05926303419474039,0,0.35856473762616276,-0.34846998282647162,0
7.0525,1,-0.2179957970087891,0.23786478336451411,0,0.20383160021717578,0.22011969187899727,0
7.055,0,0.34349647844064995,-0.060135366647664744,0,0.35766247986075106,-0.3493959795130136,0
7.055,1,-0.21748554587497346,0.23841445866811883,0,0.20436930683533955,0.21962055100477756,0
7.0575,0,0.34438950373097377,-0.061010011271846985,0,0.35675775239829377,-0.35031971983278087,0
7.0575,1,-0.21697395196748628,0.23896288444494487,0,0.20490581915439557,0.21912007045605247,0
7.06,0,0.3452802641225568,-0.06188696241763858,0,0.35585056086812267,-0.35124119680049337,0
7.06,1,-0.21646101827623482,0.23951005734920483,0,0.20544113384677487,0.21861825295192255,0
7.0625,0,0.34616875346229348,-0.062766214417945193,0,0.35494091092123675,-0.35216040344479826,0
7.0625,1,-0.21594674779943837,0.24005597404191936,0,0.20597524759038754,0.21811510121969505,0
7.065,0,0.34705496561123284,-0.063647761588261617,0,0.35402880823026922,-0.35307733280834624,0
7.065,1,-0.21543114354361459,0.24060063119093758,0,0.20650815706864253,0.21761061799487666,0
7.0675,0,0.3479388944446325,-0.064531598226706885,0,0.35311425848945382,-0.35399197794786769,0
7.0675,1,-0.21491420852356571,0.24114402547095765,0,0.20703985897046753,0.21710480602116616,0
7.07,0,0.34882053385201256,-0.065417718614059525,0,0.35219726741459123,-0.3549043319342487,0
7.07,1,-0.21439594576236473,0.24168615356354717,0,0.20757034999032881,0.21659766805044711,0
7.0725,0,0.34969987773720956,-0.066306117013793089,0,0.35127784074301471,-0.35581438785260727,0
7.0725,1,-0.2138763582913415,0.24222701215716369,0,0.20809962682825109,0.21608920684278038,0
7.075,0,0.35057692001843027,-0.067196787672111805,0,0.35035598423355596,-0.35672213880236914,0
7.075,1,-0.21335544915006888,0.24276659794717517,0,0.2086276861898374,0.21557942516639664,0
7.0775,0,0.35145165462830535,-0.068089724817986447,0,0.34943170366651016,-0.35762757789734373,0
7.0775,1,-0.21283322138634872,0.24330490763588028,0,0.20915452478628907,0.21506832579768895,0
7.08,0,0.35232407551394301,-0.068984922663190382,0,0.34850500484360103,-0.35853069826579986,0
7.08,1,-0.21230967805619783,0.2438419379325289,0,0.20968013933442547,0.21455591152120512,0
7.0825,0,0.35319417663698244,-0.069882375402335814,0,0.34757589358794549,-0.35943149305054167,0
7.0825,1,-0.21178482222383391,0.24437768555334247,0,0.21020452655670407,0.21404218512964021,0
7.085,0,0.35406195197364737,-0.070782077212910216,0,0.34664437574401802,-0.36032995540898405,0
7.085,1,-0.21125865696166149,0.24491214722153432,0,0.2107276831812403,0.21352714942382875,0
7.0875,0,0.3549273955147994,-0.071684022255312979,0,0.34571045717761462,-0.36122607851322841,0
7.0875,1,-0.21073118535025764,0.24544531966733002,0,0.21124960594182751,0.21301080721273716,0
7.09,0,0.35579050126599121,-0.07258820467289219,0,0.34477414377581661,-0.36211985555013809,0
7.09,1,-0.21020241047835792,0.24597719962798775,0,0.21177029157795693,0.21249316131345589,0
7.0925,0,0.35665126324751967,-0.073494618591981628,0,0.3438354414469541,-0.36301127972141384,0
7.0925,1,-0.20967233544284192,0.24650778384781857,0,0.21228973683483759,0.21197421455119178,0
7.095,0,0.3575096754944791,-0.074403258121937987,0,0.34289435612056895,-0.36390034424366902,0
7.095,1,-0.20914096334871909,0.24703706907820663,0,0.21280793846341636,0.21145396975926009,0
7.0975,0,0.35836573205681405,-0.075314117355178206,0,0.34195089374737775,-0.36478704234850495,0
7.0975,1,-0.20860829730911432,0.24756505207762955,0,0.21332489322039788,0.2109324297790767,0
7.1,0,0.35921942699937232,-0.076227190367217076,0,0.34100506029923427,-0.36567136728258609,0
7.1,1,-0.2080743404452535,0.24809172961167858,0,0.21384059786826462,0.21040959746015014,0
7.1025,0,0.36007075440195774,-0.07714247121670495,0,0.34005686176909161,-0.3665533123077151,0
7.1025,1,-0.20753909588644903,0.24861709845307886,0,0.2143550491752968,0.20988547566007365,0
7.105,0,0.36091970835938281,-0.078059953945465735,0,0.3391063041709641,-0.36743287070090774,0
7.105,1,-0.20700256677008541,0.24914115538170961,0,0.21486824391559251,0.20936006724451708,0
7.1075,0,0.36176628298152136,-0.07897963257853495,0,0.33815339353988894,-0.36831003575446791,0
7.1075,1,-0.20646475624160457,0.24966389718462428,0,0.2153801788690877,0.20883337508721891,0
7.11,0,0.36261047239336108,-0.07990150112419811,0,0.33719813593188741,-0.36918480077606231,0
7.11,1,-0.20592566745449123,0.2501853206560708,0,0.21589085082157616,0.20830540206997805,0
7.1125,0,0.36345227073505587,-0.08082555357402918,0,0.33624053742392596,-0.37005715908879522,0
7.1125,1,-0.20538530357025836,0.25070542259751155,0,0.21640025656472972,0.20777615108264572,0
7.115,0,0.36429167216197811,-0.081751783902929281,0,0.33528060411387667,-0.37092710403128315,0
7.115,1,-0.2048436677584323,0.25122419981764377,0,0.21690839289611816,0.20724562502311722,0
7.1175,0,0.36512867084477107,-0.082680186069165551,0,0.33431834212047778,-0.3717946289577293,0
7.1175,1,-0.20430076319653812,0.25174164913241931,0,0.21741525661922934,0.20671382679732364,0
7.12,0,0.36596326096940079,-0.083610754014410205,0,0.33335375758329372,-0.37265972723799801,0
7.12,1,-0.20375659307008473,0.252257767365065,0,0.21792084454348937,0.20618075931922361,0
7.1225,0,0.36679543673720827,-0.084543481663779813,0,0.33238685666267481,-0.37352239225768902,0
7.1225,1,-0.20321116057255001,0.25277255134610255,0,0.21842515348428254,0.20564642551079482,0
7.125,0,0.36762519236496127,-0.085478362925874685,0,0.3314176455397167,-0.37438261741821183,0
7.125,1,-0.20266446890536594,0.25328599791336859,0,0.21892818026297162,0.20511082830202571,0
7.1275,0,0.3684525220849062,-0.086415391692818519,0,0.33044613041621945,-0.37524039613685961,0
7.1275,1,-0.20211652127790358,0.25379810391203478,0,0.21942992170691777,0.20457397063090699,0
7.13,0,0.36927742014481979,-0.087354561840298203,0,0.32947231751464656,-0.3760957218468835,0
7.13,1,-0.20156732090745805,0.25430886619462767,0,0.21993037464950088,0.20403585544342306,0
7.1325,0,0.37009988080806072,-0.088295867227603769,0,0.3284962130780833,-0.37694858799756625,0
7.1325,1,-0.20101687101923349,0.25481828162104886,0,0.22042953593013953,0.20349648569354356,0
7.135,0,0.37091989835362105,-0.089239301697668597,0,0.32751782337019503,-0.37779898805429613,0
7.135,1,-0.20046517484632792,0.2553263470585948,0,0.22092740239431122,0.20295586434321466,0
7.1375,0,0.37173746707617777,-0.090184859077109769,0,0.32653715467518502,-0.37864691549864071,0
7.1375,1,-0.19991223562971808,0.25583305938197676,0,0.22142397089357249,0.20241399436235041,0
7.14,0,0.37255258128614394,-0.091132533176268599,0,0.32555421329775219,-0.37949236382842033,0
7.14,1,-0.19935805661824413,0.25633841547334074,0,0.22191923828557916,0.20187087872882409,0
7.1425,0,0.37336523530971993,-0.092082317789251356,0,0.32456900556304835,-0.38033532655778157,0
7.1425,1,-0.19880264106859452,0.25684241222228732,0,0.22241320143410639,0.20132652042845939,0
7.145,0,0.37417542348894456,-0.093034206693970167,0,0.32358153781663523,-0.3811757972172708,0
7.145,1,-0.19824599224529055,0.25734504652589169,0,0.222905857209069,0.2007809224550216,0
7.1475,0,0.37498314018174589,-0.093988193652184138,0,0.32259181642444112,-0.38201376935390713,0
7.1475,1,-0.19768811342067102,0.2578463152887232,0,0.22339720248654155,0.20023408781020882,0
7.15,0,0.37578837976199236,-0.094944272409540592,0,0.32159984777271733,-0.38284923653125585,0
7.15,1,-0.19712900787487686,0.25834621542286551,0,0.22388723414877856,0.19968601950364293,0
7.1525,0,0.37659113661954324,-0.095902436695616544,0,0.32060563826799426,-0.38368219232950135,0
7.1525,1,-0.1965686788958356,0.25884474384793615,0,0.2243759490842348,0.19913672055286069,0
7.155,0,0.37739140516029951,-0.096862680223960315,0,0.31960919433703727,-0.38451263034551986,0
7.155,1,-0.19600712977924581,0.25934189749110637,0,0.22486334418758547,0.19858619398330474,0
7.1575,0,0.37818917980625433,-0.097824996692133404,0,0.31861052242680205,-0.38534054419295244,0
7.1575,1,-0.19544436382856165,0.25983767328712087,0,0.22534941635974634,0.19803444282831448,0
7.16,0,0.37898445499554334,-0.098789379781752437,0,0.31760962900438983,-0.38616592750227763,0
7.16,1,-0.19488038435497709,0.26033206817831767,0,0.22583416250789415,0.19748147012911699,0
7.1625,0,0.37977722518249507,-0.09975582315853139,0,0.31660652055700234,-0.38698877392088388,0
7.1625,1,-0.19431519467741037,0.26082507911464758,0,0.22631757954548673,0.19692727893481785,0
7.165,0,0.38056748483768121,-0.10072432047232392,0,0.31560120359189636,-0.387809077113142,0
7.165,1,-0.19374879812248816,0.26131670305369409,0,0.22679966439228336,0.19637187230239189,0
7.1675,0,0.38135522844796649,-0.10169486535716594,0,0.31459368463633797,-0.38862683076047755,0
7.1675,1,-0.19318119802452985,0.2618069369606929,0,0.22728041397436491,0.19581525329667399,0
7.17,0,0.38214045051655887,-0.10266745143131835,0,0.31358397023755663,-0.38944202856144294,0
7.17,1,-0.19261239772553171,0.26229577780855168,0,0.22775982522415419,0.19525742499034962,0
7.1725,0,0.38292314556305918,-0.10364207229730989,0,0.31257206696269874,-0.39025466423178945,0
7.1725,1,-0.19204240057515098,0.26278322257786957,0,0.22823789508043629,0.19469839046394563,0
7.175,0,0.383703308123511,-0.10461872154198029,0,0.3115579813987811,-0.39106473150453919,0
7.175,1,-0.19147120993068997,0.26326926825695679,0,0.22871462048837873,0.19413815280582064,0
7.1775,0,0.38448093275045025,-0.10559739273652353,0,0.31054172015264397,-0.39187222413005685,0
7.1775,1,-0.19089882915708006,0.26375391184185426,0,0.22918999839955187,0.19357671511215571,0
7.18,0,0.38525601401295467,-0.10657807943653126,0,0.30952328985090394,-0.39267713587612135,0
7.18,1,-0.19032526162686569,0.26423715033635314,0,0.22966402577194911,0.19301408048694471,0
7.1825,0,0.38602854649669316,-0.10756077518203641,0,0.30850269713990619,-0.39347946052799743,0
7.1825,1,-0.18975051072018825,0.26471898075201433,0,0.23013669957000735,0.19245025204198477,0
7.185,0,0.38679852480397514,-0.10854547349755704,0,0.30747994868567696,-0.39427919188850685,0
7.185,1,-0.18917457982476996,0.26519940010818788,0,0.23060801676462717,0.19188523289686654,0
7.1875,0,0.38756594355379959,-0.10953216789214031,0,0.30645505117387528,-0.39507632377809992,0
7.1875,1,-0.18859747233589769,0.26567840543203269,0,0.23107797433319321,0.19131902617896471,0
7.19,0,0.38833079738190412,-0.11052085185940659,0,0.30542801130974451,-0.39587085003492634,0
7.19,1,-0.18801919165640671,0.26615599375853566,0,0.23154656925959452,0.19075163502342798,0
7.1925,0,0.38909308094081391,-0.11151151887759388,0,0.30439883581806382,-0.39666276451490629,0
7.1925,1,-0.1874397411966644,0.26663216213053142,0,0.23201379853424489,0.1901830625731695,0
7.195,0,0.38985278889989033,-0.11250416240960226,0,0.30336753144309897,-0.39745206109180126,0
7.195,1,-0.18685912437455396,0.26710690759872147,0,0.23247965915410318,0.18961331197885684,0
7.1975,0,0.39060991594537992,-0.11349877590303861,0,0.30233410494855323,-0.39823873365728474,0
7.1975,1,-0.18627734461545797,0.26758022722169367,0,0.23294414812269368,0.18904238639890217,0
7.2,0,0.3913644567804625,-0.11449535279026149,0,0.30129856311751757,-0.39902277612101272,0
7.2,1,-0.18569440535224194,0.26805211806594159,0,0.23340726245012647,0.18847028899945228,0
7.2025,0,0.39211640612529991,-0.11549388648842612,0,0.30026091275242095,-0.39980418241069415,0
7.2025,1,-0.1851103100252379,0.26852257720588391,0,0.23386899915311785,0.18789702295437852,0
7.205,0,0.39286575871708418,-0.11649437039952969,0,0.29922116067498,-0.40058294647216114,0
7.205,1,-0.18452506208222774,0.26899160172388348,0,0.23432935525501059,0.18732259144526675,0
7.2075,0,0.39361250931008557,-0.11749679791045668,0,0.29817931372614864,-0.40135906226943913,0
7.2075,1,-0.18393866497842673,0.26945918871026681,0,0.23478832778579445,0.1867469976614072,0
7.21,0,0.39435665267570086,-0.11850116239302451,0,0.29713537876606727,-0.40213252378481679,0
7.21,1,-0.18335112217646682,0.26992533526334328,0,0.23524591378212642,0.18617024479978433,0
7.2125,0,0.39509818360250093,-0.11950745720402918,0,0.29608936267401159,-0.40290332501891585,0
7.2125,1,-0.18276243714637996,0.27039003848942433,0,0.23570211028735127,0.1855923360650665,0
7.215,0,0.39583709689627888,-0.12051567568529127,0,0.29504127234834143,-0.40367145999076071,0
7.215,1,-0.18217261336558138,0.27085329550284265,0,0.23615691435152181,0.18501327466959575,0
7.2175,0,0.3965733873800974,-0.12152581116370204,0,0.29399111470644895,-0.40443692273784804,0
7.2175,1,-0.1815816543188527,0.27131510342597137,0,0.23661032303141935,0.1844330638333774,0
7.22,0,0.39730704989433635,-0.12253785695126962,0,0.2929388966847068,-0.40519970731621607,0
7.22,1,-0.18098956349832521,0.27177545938924319,0,0.23706233339057417,0.1838517067840697,0
7.2225,0,0.39803807929674023,-0.12355180634516554,0,0.29188462523841568,-0.40595980780051383,0
7.2225,1,-0.18039634440346289,0.27223436053116951,0,0.23751294249928581,0.18326920675697334,0
7.225,0,0.39876647046246544,-0.12456765262777127,0,0.29082830734175208,-0.40671721828407004,0
7.225,1,-0.17980200054104548,0.27269180399835952,0,0.23796214743464356,0.18268556699502084,0
7.2275,0,0.39949221828412729,-0.12558538906672506,0,0.28976994998771527,-0.40747193287896216,0
7.2275,1,-0.1792065354251515,0.27314778694553926,0,0.2384099452805469,0.18210079074876614,0
7.23,0,0.40021531767184704,-0.12660500891496887,0,0.28870956018807425,-0.40822394571608506,0
7.23,1,-0.17860995257714116,0.27360230653557066,0,0.23885633312772592,0.18151488127637389,0
7.2325,0,0.4009357635532988,-0.12762650541079551,0,0.28764714497331434,-0.40897325094521952,0
7.2325,1,-0.17801225552563929,0.27405535993947067,0,0.23930130807376168,0.18092784184360869,0
7.235,0,0.40165355087375615,-0.12864987177789591,0,0.2865827113925834,-0.4097198427351007,0
7.235,1,-0.17741344780651822,0.27450694433642997,0,0.23974486722310678,0.18033967572382448,0
7.2375,0,0.4023686745961389,-0.12967510122540665,0,0.28551626651363798,-0.4104637152734863,0
7.2375,1,-0.17681353296288044,0.27495705691383221,0,0.24018700768710571,0.17975038619795367,0
7.24,0,0.40308112970105942,-0.13070218694795754,0,0.28444781742278902,-0.41120486276722462,0
7.24,1,-0.17621251454504153,0.27540569486727279,0,0.24062772658401532,0.17915997655449623,0
7.2425,0,0.40379091118686894,-0.13173112212571947,0,0.28337737122484724,-0.41194327944232256,0
7.2425,1,-0.17561039611051271,0.2758528554005778,0,0.24106702103902525,0.17856845008950889,0
7.245,0,0.40449801406970382,-0.13276189992445239,0,0.28230493504306831,-0.41267895954401324,0
7.245,1,-0.17500718122398359,0.27629853572582291,0,0.24150488818427843,0.17797581010659411,0
7.2475,0,0.40520243338353151,-0.13379451349555344,0,0.28123051601909771,-0.4134118973368236,0
7.2475,1,-0.17440287345730462,0.27674273306335229,0,0.2419413251588915,0.17738205991688902,0
7.25,0,0.40590416418019654,-0.13482895597610528,0,0.28015412131291534,-0.41414208710464173,0
7.25,1,-0.1737974763894698,0.27718544464179723,0,0.2423763291089753,0.17678720283905439,0
7.2525,0,0.40660320152946616,-0.13586522048892458,0,0.27907575810277974,-0.41486952315078424,0
7.2525,1,-0.17319099360659901,0.27762666769809513,0,0.24280989718765533,0.17619124219926344,0
7.255,0,0.40729954051907608,-0.13690330014261062,0,0.27799543358517226,-0.41559419979806311,0
7.255,1,-0.17258342870192056,0.27806639947750822,0,0.24324202655509222,0.17559418133119067,0
7.2575,0,0.40799317625477599,-0.13794318803159428,0,0.27691315497474062,-0.41631611138885272,0
7.2575,1,-0.17197478527575358,0.27850463723364222,0,0.24367271437850219,0.17499602357600061,0
7.26,0,0.40868410386037474,-0.1389848772361868,0,0.27582892950424237,-0.41703525228515637,0
7.26,1,-0.17136506693549022,0.27894137822846515,0,0.2441019578321775,0.17439677228233644,0
7.2625,0,0.40937231847778566,-0.14002836082262909,0,0.2747427644244882,-0.41775161686867296,0
7.2625,1,-0.17075427729557813,0.27937661973232597,0,0.24452975409750699,0.17379643080630866,0
7.265,0,0.41005781526707163,-0.14107363184314101,0,0.27365466700428459,-0.4184651995408632,0
7.265,1,-0.17014241997750248,0.27981035902397322,0,0.24495610036299653,0.1731950025114837,0
7.2675,0,0.41074058940648994,-0.14212068333597086,0,0.2725646445303766,-0.41917599472301581,0
7.2675,1,-0.16952949860976838,0.28024259339057367,0,0.24538099382428949,0.17259249076887231,0
7.27,0,0.41142063609253715,-0.14316950832544503,0,0.27147270430739007,-0.4198839968563135,0
7.27,1,-0.16891551682788278,0.28067332012773089,0,0.24580443168418728,0.1719888989569181,0
7.2725,0,0.4120979505399936,-0.14422009982201781,0,0.27037885365777364,-0.42058920040189879,0
7.2725,1,-0.1683004782743367,0.2811025365395039,0,0.24622641115266974,0.1713842304614859,0
7.275,0,0.41277252798196801,-0.14527245082232135,0,0.2692830999217406,-0.42129159984093945,0
7.275,1,-0.16768438659858723,0.28153023993842557,0,0.24664692944691571,0.17077848867585008,0
7.2775,0,0.41344436366994169,-0.1463265543092159,0,0.26818545045721021,-0.42199118967469407,0
7.2775,1,-0.16706724545703944,0.28195642764552126,0,0.24706598379132352,0.17017167700068284,0
7.28,0,0.4141134528738129,-0.14738240325183999,0,0.26708591263974912,-0.42268796442457723,0
7.28,1,-0.16644905851302838,0.28238109699032715,0,0.24748357141753144,0.16956379884404243,0
7.2825,0,0.41477979088194072,-0.14843999060566099,0,0.26598449386251205,-0.42338191863222463,0
7.2825,1,-0.16582982943680091,0.28280424531090892,0,0.24789968956443817,0.16895485762136125,0
7.285,0,0.41544337300118911,-0.14949930931252572,0,0.2648812015361825,-0.42407304685955777,0
7.285,1,-0.1652095619054976,0.28322586995387994,0,0.2483143354782234,0.16834485675543398,0
7.2875,0,0.41610419455697045,-0.15056035230071124,0,0.26377604308891317,-0.42476134368884866,0
7.2875,1,-0.16458825960313436,0.28364596827441974,0,0.24872750641236827,0.16773379967640561,0
7.29,0,0.41676225089328944,-0.15162311248497579,0,0.26266902596626607,-0.42544680372278443,0
7.29,1,-0.16396592622058431,0.28406453763629247,0,0.24913919962767581,0.16712168982175946,0
7.2925,0,0.4174175373727862,-0.15268758276660993,0,0.26156015763115215,-0.42612942158453138,0
7.2925,1,-0.16334256545555936,0.28448157541186503,0,0.2495494123922915,0.16650853063630491,0
7.295,0,0.41807004937677983,-0.15375375603348784,0,0.26044944556377098,-0.4268091919177992,0
7.295,1,-0.16271818101259183,0.28489707898212563,0,0.24995814198172384,0.16589432557216552,0
7.2975,0,0.41871978230531148,-0.15482162516011871,0,0.25933689726155001,-0.42748610938690479,0
7.2975,1,-0.1620927766030161,0.2853110457367018,0,0.25036538567886468,0.1652790780887666,0
7.3,0,0.41936673157718729,-0.15589118300769839,0,0.25822252023908349,-0.42816016867683593,0
7.3,1,-0.16146635594495001,0.2857234730738788,0,0.25077114077400986,0.16466279165282305,0
7.3025,0,0.42001089263002123,-0.15696242242416109,0,0.25710632202807121,-0.42883136449331483,0
7.3025,1,-0.16083892276327641,0.28613435840061774,0,0.25117540456487958,0.16404546973832698,0
7.305,0,0.42065226092027791,-0.1580353362442313,0,0.25598831017725693,-0.42949969156286127,0
7.305,1,-0.16021048078962452,0.28654369913257383,0,0.25157817435663904,0.16342711582653535,0
7.3075,0,0.42129083192331496,-0.15910991728947593,0,0.25486849225236663,-0.43016514463285588,0
7.3075,1,-0.15958103376235133,0.28695149269411446,0,0.25197944746191892,0.1628077334059575,0
7.31,0,0.42192660113342545,-0.16018615836835651,0,0.25374687583604627,-0.43082771847160278,0
7.31,1,-0.15895058542652288,0.28735773651833735,0,0.25237922120083567,0.16218732597234267,0
7.3125,0,0.42255956406388023,-0.16126405227628149,0,0.25262346852779949,-0.4314874078683924,0
7.3125,1,-0.15831913953389556,0.28776242804708863,0,0.25277749290101231,0.16156589702866736,0
7.315,0,0.42318971624696988,-0.16234359179565894,0,0.25149827794392504,-0.43214420763356387,0
7.315,1,-0.15768669984289729,0.28816556473098087,0,0.25317425989759873,0.16094345008512276,0
7.3175,0,0.42381705323404661,-0.1634247696959491,0,0.25037131171745375,-0.43279811259856732,0
7.3175,1,-0.15705327011860867,0.28856714402941114,0,0.25356951953329226,0.16031998865910199,0
7.32,0,0.42444157059556603,-0.16450757873371735,0,0.2492425774980854,-0.43344911761602589,0
7.32,1,-0.15641885413274412,0.28896716341057899,0,0.2539632691583581,0.15969551627518738,0
7.3225,0,0.42506326392112881,-0.16559201165268714,0,0.24811208295212533,-0.43409721755979758,0
7.3225,1,-0.15578345566363286,0.28936562035150437,0,0.25435550613064983,0.15907003646513768,0
7.325,0,0.425682128819522,-0.16667806118379319,0,0.24697983576242069,-0.43474240732503688,0
7.325,1,-0.15514707849620002,0.28976251233804562,0,0.25474622781563,0.15844355276787508,0
7.3275,0,0.42629816091876038,-0.1677657200452348,0,0.24584584362829642,-0.43538468182825613,0
7.3275,1,-0.15450972642194749,0.29015783686491731,0,0.25513543158639046,0.15781606872947235,0
7.33,0,0.42691135586612761,-0.16885498094252935,0,0.24471011426549111,-0.43602403600738676,0
7.33,1,-0.15387140323893492,0.29055159143570808,0,0.25552311482367301,0.15718758790313977,0
7.3325,0,0.42752170932821709,-0.16994583656856588,0,0.24357265540609241,-0.43666046482184023,0
7.3325,1,-0.15323211275176046,0.29094377356289852,0,0.25590927491588972,0.15655811384921214,0
7.335,0,0.42812921699097278,-0.17103827960365889,0,0.24243347479847235,-0.43729396325256892,0
7.335,1,-0.15259185877154166,0.29133438076787893,0,0.25629390925914347,0.15592765013513554,0
7.3375,0,0.42873387455972989,-0.17213230271560226,0,0.24129258020722227,-0.43792452630212642,0
7.3375,1,-0.15195064511589618,0.29172341058096718,0,0.25667701525724851,0.15529620033545422,0
7.34,0,0.4293356777592553,-0.17322789855972331,0,0.24014997941308755,-0.43855214899472816,0
7.34,1,-0.15130847560892244,0.29211086054142626,0,0.25705859032175082,0.15466376803179727,0
7.3425,0,0.42993462233378776,-0.17432505977893711,0,0.239005680212902,-0.43917682637631128,0
7.3425,1,-0.15066535408118031,0.29249672819748207,0,0.25743863187194865,0.15403035681286537,0
7.345,0,0.43053070404707827,-0.17542377900380074,0,0.23785969041952215,-0.43979855351459457,0
7.345,1,-0.15002128436967174,0.29288101110634118,0,0.25781713733491296,0.15339597027441737,0
7.3475,0,0.43112391868242989,-0.17652404885256789,0,0.23671201786176113,-0.44041732549913826,0
7.3475,1,-0.14937627031782122,0.29326370683420827,0,0.25819410414550792,0.15276061201925681,0
7.35,0,0.4317142620427375,-0.17762586193124358,0,0.23556267038432238,-0.44103313744140327,0
7.35,1,-0.14873031577545631,0.29364481295630385,0,0.25856952974641134,0.15212428565721844,0
7.3525,0,0.43230172995052757,-0.17872921083363885,0,0.23441165584773307,-0.44164598447481052,0
7.3525,1,-0.14808342459878812,0.29402432705688181,0,0.25894341158813511,0.15148699480515465,0
7.355,0,0.43288631824799756,-0.17983408814142587,0,0.23325898212827723,-0.44225586175479992,0
7.355,1,-0.14743560065039166,0.29440224672924692,0,0.25931574712904565,0.15084874308692184,0
7.3575,0,0.43346802279705532,-0.180940486424193,0,0.23210465711792866,-0.442862764458889,0
7.3575,1,-0.14678684779918613,0.29477856957577225,0,0.25968653383538443,0.15020953413336663,0
7.36,0,0.43404683947935807,-0.18204839823950003,0,0.23094868872428367,-0.44346668778673171,0
7.36,1,-0.14613716992041528,0.29515329320791683,0,0.26005576918128831,0.1495693715823122,0
7.3625,0,0.43462276419635154,-0.18315781613293367,0,0.22979108487049341,-0.44406762696017638,0
7.3625,1,-0.14548657089562766,0.2955264152462429,0,0.26042345064881012,0.1489282590785444,0
7.365,0,0.43519579286930865,-0.18426873263816304,0,0.22863185349519599,-0.444665577223324,0
7.365,1,-0.14483505461265672,0.29589793332043335,0,0.26078957572793893,0.14828620027379785,0
7.3675,0,0.43576592143936821,-0.18538114027699543,0,0.22747100255244851,-0.44526053384258596,0
7.3675,1,-0.14418262496560103,0.29626784506930903,0,0.26115414191662056,0.14764319882674201,0
7.37,0,0.43633314586757332,-0.18649503155943209,0,0.22630854001165857,-0.44585249210674172,0
7.37,1,-0.14352928585480429,0.29663614814084616,0,0.26151714672077808,0.14699925840296715,0
7.3725,0,0.43689746213490982,-0.18761039898372425,0,0.22514447385751576,-0.44644144732699614,0
7.3725,1,-0.14287504118683539,0.29700284019219358,0,0.26187858765433203,0.1463543826749702,0
7.375,0,0.43745886624234409,-0.1887272350364293,0,0.22397881208992279,-0.44702739483703652,0
7.375,1,-0.14221989487446846,0.29736791888969,0,0.26223846223922098,0.14570857532214065,0
7.3775,0,0.43801735421086141,-0.18984553219246694,0,0.22281156272392633,-0.44761032999308953,0
7.3775,1,-0.14156385083666265,0.2977313819088811,0,0.26259676800542198,0.14506184003074638,0
7.38,0,0.43857292208150339,-0.19096528291517578,0,0.22164273378964777,-0.44819024817397801,0
7.38,1,-0.14090691299854216,0.29809322693453694,0,0.26295350249097083,0.14441418049391921,0
7.3825,0,0.43912556591540569,-0.19208647965636971,0,0.22047233333221361,-0.44876714478117707,0
7.3825,1,-0.14024908529137597,0.29845345166066889,0,0.26330866324198243,0.14376560041164074,0
7.385,0,0.43967528179383558,-0.19320911485639478,0,0.21930036941168554,-0.44934101523887054,0
7.385,1,-0.13959037165255767,0.29881205379054687,0,0.26366224781267145,0.14311610349072779,0
7.3875,0,0.44022206581822892,-0.19433318094418586,0,0.21812685010299046,-0.44991185499400677,0
7.3875,1,-0.13893077602558512,0.29916903103671633,0,0.26401425376537235,0.14246569344481796,0
7.39,0,0.44076591411022747,-0.19545867033732381,0,0.21695178349585012,-0.45047965951635421,0
7.39,1,-0.1382703023600402,0.29952438112101532,0,0.26436467867056002,0.14181437399435518,0
7.3925,0,0.44130682281171568,-0.19658557544209246,0,0.21577517769471055,-0.45104442429855701,0
7.3925,1,-0.13760895461156841,0.29987810177459145,0,0.26471352010686994,0.14116214886657488,0
7.395,0,0.44184478808485739,-0.1977138886535359,0,0.21459704081867129,-0.45160614485619011,0
7.395,1,-0.13694673674185842,0.30023019073791901,0,0.26506077566111874,0.14050902179548957,0
7.3975,0,0.44237980611213251,-0.1988436023555159,0,0.2134173810014143,-0.45216481672781417,0
7.3975,1,-0.13628365271862161,0.30058064576081572,0,0.26540644292832444,0.13985499652187389,0
7.4,0,0.4429118730963732,-0.19997470892076946,0,0.21223620639113275,-0.45272043547503033,0
7.4,1,-0.13561970651557154,0.30092946460245962,0,0.26575051951172673,0.13920007679324986,0
7.4025,0,0.44344098526080017,-0.20110720071096641,0,0.21105352515045939,-0.45327299668253457,0
7.4025,1,-0.13495490211240338,0.301276645031406,0,0.26609300302280742,0.13854426636387204,0
7.405,0,0.44396713884905875,-0.20224107007676728,0,0.20986934545639488,-0.45382249595817192,0
7.405,1,-0.13428924349477322,0.30162218482560421,0,0.26643389108131066,0.13788756899471258,0
7.4075,0,0.44449033012525452,-0.20337630935788123,0,0.20868367550023578,-0.45436892893299041,0
7.4075,1,-0.13362273465427751,0.30196608177241441,0,0.26677318131526334,0.13722998845344617,0
7.41,0,0.4450105553739892,-0.20451291088312409,0,0.20749652348750233,-0.45491229126129468,0
7.41,1,-0.1329553795884322,0.30230833366862425,0,0.26711087136099537,0.13657152851443496,0
7.4125,0,0.44552781090039589,-0.20565086697047658,0,0.20630789763786594,-0.45545257862069949,0
7.4125,1,-0.13228718230065201,0.30264893832046569,0,0.26744695886315994,0.13591219295871348,0
7.415,0,0.44604209303017456,-0.20679016992714269,0,0.20511780618507655,-0.45598978671218282,0
7.415,1,-0.13161814680022962,0.30298789354363154,0,0.26778144147475391,0.13525198557397333,0
7.4175,0,0.44655339810962702,-0.20793081204960809,0,0.20392625737688963,-0.45652391126013891,0
7.4175,1,-0.13094827710231477,0.3033251971632922,0,0.26811431685713788,0.13459091015454802,0
7.42,0,0.44706172250569187,-0.2090727856236988,0,0.20273325947499313,-0.45705494801243068,0
7.42,1,-0.13027757722789327,0.30366084701411211,0,0.26844558268005669,0.13392897050139752,0
7.4225,0,0.44756706260597928,-0.21021608292463989,0,0.20153882075493401,-0.45758289274044239,0
7.4225,1,-0.12960605120376611,0.30399484094026646,0,0.26877523662165947,0.13326617042209291,0
7.425,0,0.44806941481880552,-0.21136069621711437,0,0.20034294950604464,-0.45810774123913151,0
7.425,1,-0.12893370306252838,0.30432717679545757,0,0.26910327636852011,0.13260251373080084,0
7.4275,0,0.44856877557322727,-0.21250661775532215,0,0.19914565403136897,-0.45862948932708081,0
7.4275,1,-0.12826053684254815,0.30465785244293142,0,0.26942969961565733,0.13193800424826807,0
7.43,0,0.44906514131907599,-0.21365383978303917,0,0.19794694264758844,-0.45914813284654982,0
7.43,1,-0.12758655658794538,0.304986865755494,0,0.26975450406655488,0.13127264580180578,0
7.4325,0,0.44955850852699164,-0.21480235453367677,0,0.1967468236849477,-0.45966366766352629,0
7.4325,1,-0.12691176634857071,0.30531421461552782,0,0.27007768743318195,0.1306064422252739,0
7.435,0,0.45004887368845681,-0.21595215423034089,0,0.19554530548718008,-0.46017608966777712,0
7.435,1,-0.1262361701799842,0.30563989691500826,0,0.27039924743601312,0.1299393973590654,0
7.4375,0,0.45053623331583009,-0.21710323108589175,0,0.19434239641143286,-0.46068539477289933,0
7.4375,1,-0.12555977214343411,0.30596391055551969,0,0.27071918180404869,0.12927151505009046,0
7.44,0,0.45102058394237965,-0.21825557730300332,0,0.1931381048281923,-0.46119157891637053,0
7.44,1,-0.1248825763058355,0.30628625344827198,0,0.27103748827483493,0.12860279915176051,0
7.4425,0,0.45150192212231638,-0.21940918507422327,0,0.19193243912120839,-0.46169463805959915,0
7.4425,1,-0.12420458673974885,0.30660692351411667,0,0.27135416459448408,0.12793325352397236,0
7.445,0,0.45198024443082718,-0.22056404658203274,0,0.19072540768741955,-0.4621945681879745,0
7.445,1,-0.12352580752335862,0.306925918683563,0,0.27166920851769455,0.12726288203309216,0
7.4475,0,0.45245554746410754,-0.22172015399890635,0,0.18951701893687695,-0.46269136531091654,0
7.4475,1,-0.12284624274045179,0.30724323689679428,0,0.27198261780777117,0.12659168855193928,0
7.45,0,0.45292782783939445,-0.2228774994873724,0,0.18830728129266863,-0.46318502546192525,0
7.45,1,-0.12216589648039627,0.30755887610368393,0,0.2722943902366452,0.12591967695977019,0
7.4525,0,0.45339708219499886,-0.2240360752000731,0,0.1870962031908435,-0.46367554469862993,0
7.4525,1,-0.12148477283811936,0.30787283426381146,0,0.27260452358489451,0.12524685114226219,0
7.455,0,0.45386330719033785,-0.22519587327982493,0,0.18588379308033504,-0.46416291910283802,0
7.455,1,-0.12080287591408603,0.30818510934647864,0,0.27291301564176362,0.12457321499149712,0
7.4575,0,0.45432649950596687,-0.2263568858596792,0,0.18467005942288475,-0.46464714478058378,0
7.4575,1,-0.12012020981427735,0.30849569933072546,0,0.27321986420518385,0.12389877240594503,0
7.46,0,0.45478665584361166,-0.22751910506298265,0,0.18345501069296558,-0.46512821786217662,0
7.46,1,-0.11943677865016862,0.30880460220534595,0,0.27352506708179336,0.12322352729044772,0
7.4625,0,0.4552437729262,-0.22868252300343817,0,0.18223865537770489,-0.4656061345022493,0
7.4625,1,-0.11875258653870768,0.30911181596890425,0,0.27382862208695719,0.12254748355620221,0
7.465,0,0.45569784749789316,-0.22984713178516572,0,0.18102100197680737,-0.46608089087980559,0
7.465,1,-0.118067637602293,0.3094173386297504,0,0.27413052704478735,0.12187064512074422,0
7.4675,0,0.45614887632411727,-0.23101292350276331,0,0.17980205900247767,-0.46655248319826792,0
7.4675,1,-0.11738193596875181,0.30972116820603623,0,0.27443077978816288,0.12119301590793148,0
7.47,0,0.45659685619159457,-0.23217989024136806,0,0.17858183497934291,-0.46702090768552457,0
7.47,1,-0.11669548577131816,0.31002330272573103,0,0.2747293781587497,0.12051459984792706,0
7.4725,0,0.45704178390837424,-0.23334802407671745,0,0.1773603384443749,-0.46748616059397663,0
7.4725,1,-0.11600829114861096,0.31032374022663745,0,0.27502632000702087,0.11983540087718256,0
7.475,0,0.45748365630386323,-0.23451731707521065,0,0.17613757794681217,-0.46794823820058473,0
7.475,1,-0.11532035624461183,0.31062247875640697,0,0.27532160319227633,0.11915542293842124,0
7.4775,0,0.45792247022885685,-0.23568776129397001,0,0.17491356204808178,-0.46840713680691543,0
7.4775,1,-0.11463168520864316,0.31091951637255577,0,0.27561522558266299,0.11847466998062119,0
7.48,0,0.45835822255556913,-0.23685934878090265,0,0.17368829932172103,-0.46886285273918726,0
7.48,1,-0.11394228219534583,0.31121485114248032,0,0.27590718505519468,0.1177931459589982,0
7.4825,0,0.45879091017766288,-0.23803207157476203,0,0.17246179835329881,-0.46931538234831666,0
7.4825,1,-0.11325215136465712,0.31150848114347279,0,0.27619747949577211,0.11711085483498884,0
7.485,0,0.4592205300102799,-0.23920592170520988,0,0.17123406774033686,-0.4697647220099635,0
7.485,1,-0.1125612968817884,0.31180040446273682,0,0.27648610679920277,0.11642780057623324,0
7.4875,0,0.45964707899007062,-0.24038089119287806,0,0.17000511609223079,-0.4702108681245763,0
7.4875,1,-0.11186972291720287,0.31209061919740283,0,0.27677306486922071,0.11574398715655793,0
7.49,0,0.46007055407522363,-0.24155697204943058,0,0.1687749520301709,-0.47065381711743726,0
7.49,1,-0.11117743364659322,0.31237912345454349,0,0.27705835161850662,0.11505941855595853,0
7.4925,0,0.46049095224549519,-0.24273415627762576,0,0.16754358418706283,-0.47109356543870684,0
7.4925,1,-0.1104844332508592,0.31266591535118915,0,0.27734196496870761,0.11437409876058247,0
7.495,0,0.46090827050223832,-0.24391243587137848,0,0.16631102120744795,-0.47153010956346825,0
7.495,1,-0.10979072591608524,0.31295099301434326,0,0.27762390285045702,0.11368803176271154,0
7.4975,0,0.46132250586843193,-0.24509180281582252,0,0.16507727174742368,-0.47196344599177148,0
7.4975,1,-0.10909631583351792,0.31323435458099758,0,0.27790416320339439,0.11300122156074442,0
7.5,0,0.46173365538870942,-0.24627224908737308,0,0.16384234447456339,-0.4723935712486772,0
7.5,1,-0.10840120719954345,0.31351599819814746,0,0.27818274397618509,0.1123136721591791,0
7.5025,0,0.46214171612938743,-0.24745376665378929,0,0.16260624806783641,-0.47282048188430015,0
7.5025,1,-0.10770540421566505,0.31379592202280721,0,0.27845964312654031,0.11162538756859533,0
7.505,0,0.46254668517849412,-0.24863634747423699,0,0.1613689912175276,-0.47324417447385242,0
7.505,1,-0.10700891108848032,0.31407412422202502,0,0.2787348586212367,0.11093637180563684,0
7.5075,0,0.46294855964579745,-0.24981998349935142,0,0.16013058262515681,-0.47366464561768634,0
7.5075,1,-0.1063117320296586,0.3143506029728983,0,0.27900838843613618,0.11024662889299365,0
7.51,0,0.46334733666283312,-0.25100466667130017,0,0.15889103100339819,-0.47408189194133721,0
7.51,1,-0.10561387125591817,0.31462535646258877,0,0.27928023055620566,0.10955616285938419,0
7.5125,0,0.46374301338293239,-0.25219038892384632,0,0.15765034507599926,-0.47449591009556547,0
7.5125,1,-0.10491533298900349,0.31489838288833744,0,0.27955038297553686,0.10886497773953741,0
7.515,0,0.46413558698124951,-0.25337714218241125,0,0.15640853357769982,-0.47490669675639879,0
7.515,1,-0.10421612145566236,0.31516968045747956,0,0.27981884369736587,0.10817307757417481,0
7.5175,0,0.46452505465478933,-0.25456491836413819,0,0.15516560525415068,-0.47531424862517391,0
7.5175,1,-0.10351624088762304,0.31543924738745976,0,0.28008561073409288,0.1074804664099924,0
7.52,0,0.46491141362243432,-0.25575370937795538,0,0.1539215688618322,-0.47571856242857791,0
7.52,1,-0.1028156955215713,0.31570708190584679,0,0.28035068210730191,0.10678714829964256,0
7.5225,0,0.46529466112497159,-0.25694350712463948,0,0.15267643316797258,-0.47611963491868947,0
7.5225,1,-0.10211448959912744,0.31597318225034848,0,0.28061405584778037,0.10609312730171587,0
7.525,0,0.46567479442511961,-0.2581343034968791,0,0.15143020695046611,-0.47651746287301955,0
7.525,1,-0.1014126273668233,0.31623754666882653,0,0.28087572999553878,0.10539840748072282,0
7.5275,0,0.46605181080755492,-0.25932609037933857,0,0.15018289899779108,-0.47691204309455204,0
7.5275,1,-0.10071011307607909,0.3165001734193113,0,0.28113570259983023,0.10470299290707553,0
7.53,0,0.46642570757893831,-0.26051885964872151,0,0.14893451810892766,-0.47730337241178389,0
7.53,1,-0.10000695098318034,0.31676106077001648,0,0.28139397171917002,0.10400688765706932,0
7.5325,0,0.46679648206794105,-0.26171260317383471,0,0.14768507309327553,-0.47769144767876515,0
7.5325,1,-0.09930314534925469,0.3170202069993539,0,0.28165053542135532,0.1033100958128642,0
7.535,0,0.46716413162527087,-0.26290731281565211,0,0.14643457277057126,-0.47807626577513845,0
7.535,1,-0.098598700440248641,0.31727761039594804,0,0.2819053917834845,0.10261262146246639,0
7.5375,0,0.46752865362369761,-0.26410298042737873,0,0.14518302597080565,-0.47845782360617839,0
7.5375,1,-0.097893620526904312,0.31753326925865077,0,0.28215853889197684,0.10191446869970963,0
7.54,0,0.46789004545807877,-0.26529959785451501,0,0.14393044153414083,-0.47883611810283044,0
7.54,1,-0.097187909884736107,0.31778718189655569,0,0.28240997484259195,0.10121564162423659,0
7.5425,0,0.46824830454538496,-0.26649715693492076,0,0.14267682831082723,-0.47921114622174976,0
7.5425,1,-0.096481572794007306,0.31803934662901284,0,0.28265969774044913,0.10051614434147998,0
7.545,0,0.4686034283247249,-0.26769564949887964,0,0.14142219516112026,-0.47958290494533945,0
7.545,1,-0.095774613539706691,0.318289761785643,0,0.28290770570004703,0.099815980962643838,0
7.5475,0,0.46895541425737031,-0.26889506736916358,0,0.14016655095519692,-0.47995139128178871,0
7.5475,1,-0.09506703641152503,0.31853842570635216,0,0.28315399684528286,0.099115155604684549,0
7.55,0,0.46930425982678065,-0.27009540236109719,0,0.13890990457307234,-0.48031660226511053,0
7.55,1,-0.094358845703831587,0.3187853367413459,0,0.28339856930947199,0.09841367239029189,0
7.5525,0,0.46964996253862762,-0.27129664628262257,0,0.13765226490451588,-0.4806785349551792,0
7.5525,1,-0.09365004571565054,0.31903049325114363,0,0.28364142123536706,0.097711535447869979,0
7.555,0,0.46999251992081947,-0.27249879093436374,0,0.1363936408489673,-0.48103718643776738,0
7.555,1,-0.092940640750637363,0.31927389360659286,0,0.28388255077517766,0.097008748911518172,0
7.5575,0,0.47033192952352498,-0.27370182810969168,0,0.13513404131545273,-0.4813925538245829,0
7.5575,1,-0.092230635117055149,0.31951553618888351,0,0.28412195609058932,0.096305316921011838,0
7.56,0,0.47066818891919743,-0.27490574959478903,0,0.13387347522250034,-0.48174463425330544,0
7.56,1,-0.091520033127750935,0.31975541938956198,0,0.28435963535278308,0.095601243621783114,0
7.5625,0,0.47100129570259813,-0.27611054716871519,0,0.13261195149805602,-0.48209342488762247,0
7.5625,1,-0.090808839100131891,0.31999354161054533,0,0.28459558674245466,0.09489653316490157,0
7.565,0,0.47133124749081995,-0.27731621260347128,0,0.13134947907939876,-0.48243892291726531,0
7.565,1,-0.090097057356141527,0.32022990126413525,0,0.28482980844983363,0.09419118970705477,0
7.5675,0,0.47165804192331051,-0.27852273766406543,0,0.13008606691305596,-0.48278112555804459,0
7.5675,1,-0.089384692222235856,0.32046449677303224,0,0.28506229867470279,0.093485217410528829,0
7.57,0,0.47198167666189522,-0.27973011410857784,0,0.12882172395471864,-0.48312003005188553,0
7.57,1,-0.088671748029359454,0.32069732657034938,0,0.28529305562641727,0.092778620443188811,0
7.5725,0,0.47230214939080006,-0.28093833368822629,0,0.12755645916915623,-0.48345563366686284,0
7.5725,1,-0.087958229112921532,0.32092838909962645,0,0.28552207752392372,0.092071402978459158,0
7.575,0,0.47261945781667419,-0.2821473881474314,0,0.12629028153013158,-0.48378793369723538,0
7.575,1,-0.087244139812771904,0.32115768281484364,0,0.28574936259577943,0.091363569195303931,0
7.5775,0,0.47293359966861226,-0.28335726922388227,0,0.12502320002031547,-0.48411692746348034,0
7.5775,1,-0.08652948447317696,0.32138520618043553,0,0.28597490908017159,0.090655123278207073,0
7.58,0,0.47324457269817666,-0.28456796864860201,0,0.12375522363120123,-0.48444261231232733,0
7.58,1,-0.085814267442795578,0.32161095767130471,0,0.28619871522493617,0.089946069417152566,0
7.5825,0,0.47355237467941941,-0.2857794781460134,0,0.12248636136301901,-0.48476498561679188,0
7.5825,1,-0.085098493074654932,0.32183493577283567,0,0.28642077928757714,0.089236411807604485,0
7.585,0,0.47385700340890402,-0.28699178943400466,0,0.12121662222465004,-0.48508404477620887,0
7.585,1,-0.084382165726126349,0.32205713898090826,0,0.28664109953528544,0.088526154650487021,0
7.5875,0,0.47415845670572676,-0.28820489422399526,0,0.11994601523354073,-0.48539978721626542,0
7.5875,1,-0.083665289758901043,0.32227756580191158,0,0.28685967424495801,0.087815302152164432,0
7.59,0,0.47445673241153818,-0.28941878422100187,0,0.11867454941561648,-0.48571221038903367,0
7.59,1,-0.082947869538965824,0.3224962147527573,0,0.2870765017032168,0.087103858524420874,0
7.5925,0,0.47475182839056418,-0.29063345112370442,0,0.11740223380519554,-0.48602131177300312,0
7.5925,1,-0.082229909436578763,0.32271308436089335,0,0.28729158020642764,0.0863918279844402,0
7.595,0,0.47504374252962678,-0.29184888662451208,0,0.11612907744490263,-0.48632708887311255,0
7.595,1,-0.081511413826244827,0.32292817316431738,0,0.28750490806071932,0.085679214754785696,0
7.5975,0,0.47533247273816487,-0.29306508240962947,0,0.11485508938558235,-0.48662953922078178,0
7.5975,1,-0.080792387086691425,0.32314147971159007,0,0.2877164835820023,0.084966023063379706,0
7.6,0,0.47561801694825462,-0.29428203015912285,0,0.11358027868621265,-0.48692866037394306,0
7.6,1,-0.08007283360084394,0.32335300256184868,0,0.28792630509598766,0.084252257143483195,0
7.6025,0,0.47590037311462968,-0.29549972154698662,0,0.11230465441381791,-0.48722444991707203,0
7.6025,1,-0.079352757755801195,0.32356274028482013,0,0.28813437093820593,0.083537921233675275,0
7.605,0,0.47617953921470119,-0.29671814824120946,0,0.11102822564338211,-0.48751690546121856,0
7.605,1,-0.078632163942810904,0.32377069146083454,0,0.28834067945402597,0.082823019577832613,0
7.6075,0,0.4764555132485776,-0.29793730190384105,0,0.10975100145776166,-0.48780602464403705,0
7.6075,1,-0.077911056557245034,0.3239768546808382,0,0.28854522899867358,0.082107556425108766,0
7.61,0,0.47672829323908428,-0.29915717419105836,0,0.10847299094759831,-0.48809180512981648,0
7.61,1,-0.077189439998575124,0.32418122854640696,0,0.28874801793725041,0.081391536029913489,0
7.6125,0,0.47699787723178283,-0.30037775675323253,0,0.10719420321123173,-0.48837424460951012,0
7.6125,1,-0.076467318670347617,0.32438381166975921,0,0.28894904464475263,0.080674962651891891,0
7.615,0,0.47726426329499011,-0.30159904123499537,0,0.10591464735461208,-0.48865334080076506,0
7.615,1,-0.075744696980159065,0.32458460267376898,0,0.2891483075060895,0.079957840555903631,0
7.6175,0,0.47752744951979736,-0.30282101927530625,0,0.10463433249121237,-0.48892909144795105,0
7.6175,1,-0.075021579339631328,0.32478360019197888,0,0.28934580491610218,0.079240174012001938,0
7.62,0,0.47778743402008883,-0.3040436825075189,0,0.10335326774194079,-0.48920149432218946,0
7.62,1,-0.074297970164386717,0.32498080286861314,0,0.28954153527958226,0.078521967295412581,0
7.6225,0,0.47804421493256005,-0.30526702255944838,0,0.1020714622350528,-0.4894705472213815,0
7.6225,1,-0.07357387387402313,0.32517620935859054,0,0.28973549701129031,0.077803224686512795,0
7.625,0,0.47829779041673642,-0.30649103105343789,0,0.10078892510606317,-0.4897362479702364,0
7.625,1,-0.07284929489208905,0.3253698183275372,0,0.28992768853597461,0.077083950470810139,0
7.6275,0,0.47854815865499106,-0.30771569960642609,0,0.099505665497657908,-0.48999859442029903,0
7.6275,1,-0.072124237646058589,0.32556162845179937,0,0.29011810828838946,0.076364148938921225,0
7.63,0,0.47879531785256263,-0.30894101983001393,0,0.098221692559605958,-0.49025758444997741,0
7.63,1,-0.071398706567306458,0.32575163841845622,0,0.2903067547133138,0.075643824386550443,0
7.6325,0,0.47903926623757298,-0.31016698333053211,0,0.096937015448670893,-0.49051321596456976,0
7.6325,1,-0.070672706091082851,0.32593984692533251,0,0.29049362626556957,0.074922981114468531,0
7.635,0,0.47928000206104449,-0.31139358170910819,0,0.09565164332852244,-0.49076548689629107,0
7.635,1,-0.069946240656488343,0.3261262526810112,0,0.29067872141004031,0.074201623428491154,0
7.6375,0,0.47951752359691718,-0.31262080656173391,0,0.094365585369647884,-0.49101439520429968,0
7.6375,1,-0.069219314706448681,0.32631085440484614,0,0.2908620386216893,0.07347975563945737,0
7.64,0,0.47975182914206582,-0.31384864947933266,0,0.09307885074926335,-0.4912599388747233,0
7.64,1,-0.068491932687689591,0.32649365082697446,0,0.2910435763855781,0.072757382063208018,0
7.6425,0,0.47998291701631646,-0.31507710204782691,0,0.091791448651224988,-0.49150211592068455,0
7.6425,1,-0.067764099050711513,0.32667464068832919,0,0.29122333319688476,0.07203450702056402,0
7.645,0,0.48021078556246294,-0.31630615584820565,0,0.090503388265940038,-0.49174092438232658,0
7.645,1,-0.067035818249764248,0.3268538227406515,0,0.29140130756092225,0.071311134837304682,0
7.6475,0,0.48043543314628323,-0.31753580245659213,0,0.089214678790277779,-0.49197636232683789,0
7.6475,1,-0.066307094742821648,0.3270311957465033,0,0.29157749799315652,0.070587269844145817,0
7.65,0,0.48065685815655546,-0.31876603344431126,0,0.087925329427480353,-0.49220842784847718,0
7.65,1,-0.065577932991556176,0.32720675847927938,0,0.29175190301922482,0.069862916376717862,0
7.6525,0,0.48087505900507366,-0.31999684037795761,0,0.086635349387073499,-0.49243711906859766,0
7.6525,1,-0.064848337461313452,0.32738050972321969,0,0.29192452117495393,0.069138078775543912,0
7.655,0,0.48109003412666346,-0.32122821481946295,0,0.085344747884777167,-0.49266243413567096,0
7.655,1,-0.06411831262108679,0.32755244827342167,0,0.29209535100637812,0.068412761386017679,0
7.6575,0,0.48130178197919743,-0.32246014832616421,0,0.08405353414241605,-0.49288437122531104,0
7.6575,1,-0.063387862943491621,0.32772257293585216,0,0.29226439106975749,0.067686968558381341,0
7.66,0,0.48151030104361026,-0.32369263245087121,0,0.082761717387829975,-0.49310292854029725,0
7.66,1,-0.06265699290473993,0.32789088252735976,0,0.29243163993159577,0.066960704647703387,0
7.6625,0,0.48171558982391355,-0.32492565874193485,0,0.081469306854784207,-0.49331810431059747,0
7.6625,1,-0.061925706984614609,0.32805737587568673,0,0.29259709616865859,0.06623397401385632,0
7.665,0,0.48191764684721061,-0.32615921874331483,0,0.080176311782879636,-0.49352989679339082,0
7.665,1,-0.061194009666443797,0.32822205181948094,0,0.29276075836799137,0.065506781021494334,0
7.6675,0,0.48211647066371105,-0.32739330399464794,0,0.078882741417462918,-0.49373830427308979,0
7.6675,1,-0.060461905437075136,0.32838490920830787,0,0.29292262512693723,0.064779130040030886,0
7.67,0,0.4823120598467448,-0.32862790603131603,0,0.077588605009536432,-0.49394332506136235,0
7.67,1,-0.059729398786850019,0.32854594690266242,0,0.29308269505315504,0.064051025443616197,0
7.6725,0,0.4825044129927763,-0.32986301638451415,0,0.076293911815668219,-0.49414495749715343,0
7.6725,1,-0.058996494209577775,0.32870516377398085,0,0.29324096676463712,0.06332247161111472,0
7.675,0,0.48269352872141824,-0.331098626581319,0,0.074998671097901745,-0.49434319994670634,0
7.675,1,-0.058263196202509818,0.32886255870465236,0,0.29339743888972725,0.062593472926082486,0
7.6775,0,0.48287940567544518,-0.33233472814475684,0,0.073702892123665667,-0.4945380508035836,0
7.6775,1,-0.057529509266313734,0.32901813058803092,0,0.29355211006713833,0.061864033776744383,0
7.68,0,0.48306204252080687,-0.33357131259387218,0,0.072406584165683421,-0.49472950848868752,0
7.68,1,-0.056795437905047347,0.3291718783284468,0,0.29370497894597025,0.061134158555971381,0
7.6825,0,0.48324143794664132,-0.33480837144379588,0,0.07110975650188274,-0.49491757145028048,0
7.6825,1,-0.056060986626132722,0.32932380084121832,0,0.29385604418572753,0.060403851661257668,0
7.685,0,0.48341759066528778,-0.33604589620581377,0,0.069812418415305111,-0.49510223816400478,0
7.685,1,-0.05532615994033014,0.32947389705266328,0,0.2940053044563371,0.059673117494697739,0
7.6875,0,0.48359049941229942,-0.3372838783874349,0,0.068514579194015129,-0.4952835071329022,0
7.6875,1,-0.054590962361712014,0.32962216590011034,0,0.29415275843816585,0.058941960462963357,0
7.69,0,0.48376016294645569,-0.33852230949246032,0,0.067216248131009765,-0.49546137688743314,0
7.69,1,-0.053855398407636756,0.32976860633191063,0,0.29429840482203823,0.058210384977280497,0
7.6925,0,0.48392658004977462,-0.33976118102105146,0,0.065917434524127502,-0.49563584598549559,0
7.6925,1,-0.053119472598722642,0.32991321730744899,0,0.29444224230925387,0.057478395453406182,0
7.695,0,0.4840897495275247,-0.34100048446979886,0,0.064618147675957457,-0.49580691301244351,0
7.695,1,-0.052383189458821568,0.33005599779715528,0,0.294584269611605,0.056745996311605262,0
7.6975,0,0.48424967020823684,-0.34224021133179078,0,0.063318396893748422,-0.49597457658110494,0
7.6975,1,-0.051646553514992817,0.33019694678251554,0,0.29472448545139412,0.056013191976627102,0
7.7,0,0.48440634094371565,-0.3434803530966819,0,0.062018191489317732,-0.49613883533179992,0
7.7,1,-0.05090956929747676,0.33033606325608345,0,0.29486288856145121,0.055279986877682222,0
7.7025,0,0.48455976060905098,-0.3447209012507621,0,0.060717540778960168,-0.49629968793235796,0
7.7025,1,-0.050172241339668508,0.33047334622149105,0,0.29499947768515122,0.05454638544841884,0
7.705,0,0.48470992810262886,-0.34596184727702523,0,0.059416454083356704,-0.49645713307813488,0
7.705,1,-0.04943457417809153,0.33060879469346022,0,0.29513425157643147,0.053812392126899339,0
7.7075,0,0.4848568423461424,-0.34720318265523792,0,0.058114940727483209,-0.49661116949202994,0
7.7075,1,-0.04869657235237123,0.33074240769781332,0,0.29526720899980885,0.053078011355576687,0
7.71,0,0.4850005022846024,-0.34844489886200858,0,0.056813010040519092,-0.49676179592450187,0
7.71,1,-0.04795824040520847,0.33087418427148441,0,0.29539834873039716,0.05234324758127077,0
7.7125,0,0.48514090688634776,-0.34968698737085618,0,0.055510671355755818,-0.49690901115358516,0
7.7125,1,-0.047219582882353069,0.33100412346252994,0,0.29552766955392429,0.051608105255144622,0
7.715,0,0.48527805514305561,-0.3509294396522793,0,0.054207934010505408,-0.49705281398490569,0
7.715,1,-0.046480604332577224,0.33113222433013972,0,0.29565517026674937,0.050872588832680636,0
7.7175,0,0.48541194606975124,-0.35217224717382506,0,0.052904807346008852,-0.49719320325169597,0
7.7175,1,-0.045741309307648935,0.33125848594464763,0,0.29578084967588003,0.050136702773656665,0
7.72,0,0.48554257870481793,-0.3534154014001582,0,0.051601300707344443,-0.49733017781481026,0
7.72,1,-0.04500170236230535,0.33138290738754234,0,0.29590470659898938,0.04940045154212204,0
7.7225,0,0.4856699521100063,-0.35465889379313015,0,0.050297423443336049,-0.49746373656273912,0
7.7225,1,-0.044261788054226071,0.33150548775147798,0,0.29602673986443301,0.048663839606373563,0
7.725,0,0.48579406537044356,-0.35590271581184812,0,0.048993184906461339,-0.49759387841162378,0
7.725,1,-0.043521570944006445,0.33162622614028459,0,0.29614694831126603,0.047926871438931366,0
7.7275,0,0.48591491759464261,-0.35714685891274423,0,0.047688594452759907,-0.49772060230526999,0
7.7275,1,-0.04278105559513079,0.3317451216689789,0,0.29626533078926015,0.047189551516514737,0
7.73,0,0.48603250791451075,-0.35839131454964479,0,0.046383661441741372,-0.49784390721516164,0
7.73,1,-0.042040246573945568,0.33186217346377456,0,0.29638188615892036,0.046451884320017865,0
7.7325,0,0.48614683548535831,-0.35963607417383936,0,0.045078395236293402,-0.49796379214047387,0
7.7325,1,-0.04129914844963254,0.3319773806620927,0,0.2964966132915019,0.04571387433448551,0
7.735,0,0.48625789948590692,-0.36088112923415006,0,0.043772805202589679,-0.49808025610808615,0
7.735,1,-0.040557765794181883,0.33209074241257219,0,0.29660951106902711,0.044975526049088582,0
7.7375,0,0.48636569911829763,-0.36212647117700092,0,0.042466900709997805,-0.49819329817259461,0
7.7375,1,-0.039816103182365219,0.33220225787507995,0,0.2967205783843021,0.044236843957099675,0
7.74,0,0.48647023360809888,-0.36337209144648708,0,0.041160691130987165,-0.49830291741632421,0
7.74,1,-0.039074165191708671,0.33231192622072114,0,0.29682981414093357,0.043497832555868504,0
7.7425,0,0.48657150220431389,-0.36461798148444413,0,0.039854185841036706,-0.4984091129493407,0
7.7425,1,-0.038331956402465825,0.33241974663184948,0,0.29693721725334543,0.042758496346797299,0
7.745,0,0.48666950417938837,-0.36586413273051765,0,0.03854739421854271,-0.49851188390946188,0
7.745,1,-0.037589481397590649,0.33252571830207711,0,0.2970427866467954,0.042018839835316076,0
7.7475,0,0.48676423882921743,-0.36711053662223231,0,0.037240325644726471,-0.49861122946226882,0
7.7475,1,-0.036846744762710416,0.33262984043628485,0,0.29714652125739155,0.041278867530857882,0
7.75,0,0.48685570547315277,-0.36835718459506156,0,0.035932989503541957,-0.49870714880111644,0
7.75,1,-0.036103751086098541,0.33273211225063198,0,0.29724842003210894,0.040538583946833961,0
7.7525,0,0.48694390345400917,-0.36960406808249691,0,0.034625395181583404,-0.49879964114714409,0
7.7525,1,-0.035360504958647399,0.33283253297256626,0,0.29734848192880597,0.039797993600608803,0
7.755,0,0.48702883213807113,-0.37085117851611743,0,0.033317552067992875,-0.49888870574928545,0
7.755,1,-0.034617010973841088,0.33293110184083385,0,0.29744670591624101,0.039057101013475176,0
7.7575,0,0.48711049091509906,-0.37209850732565941,0,0.032009469554367759,-0.49897434188427819,0
7.7575,1,-0.033873273727728179,0.33302781810548898,0,0.29754309097408843,0.038315910710629057,0
7.76,0,0.48718887919833537,-0.3733460459390856,0,0.030701157034668254,-0.49905654885667333,0
7.76,1,-0.033129297818894371,0.33312268102790371,0,0.29763763609295529,0.037574427221144485,0
7.7625,0,0.48726399642451013,-0.37459378578265501,0,0.02939262390512478,-0.49913532599884414,0
7.7625,1,-0.032385087848435183,0.3332156898807776,0,0.29773034027439738,0.036832655077948362,0
7.765,0,0.48733584205384672,-0.37584171828099233,0,0.028083879564145372,-0.49921067267099478,0
7.765,1,-0.031640648419928516,0.3333068439481473,0,0.29782120253093552,0.036090598817795153,0
7.7675,0,0.4874044155700672,-0.37708983485715752,0,0.026774933412223034,-0.4992825882611685,0
7.7675,1,-0.030895984139407258,0.33339614252539612,0,0.2979102218860718,0.035348262981241538,0
7.77,0,0.48746971648039727,-0.37833812693271557,0,0.025465794851843044,-0.4993510721852556,0
7.77,1,-0.030151099615331786,0.33348358491926344,0,0.29799739737430558,0.03460565211262099,0
7.7725,0,0.48753174431557134,-0.37958658592780586,0,0.024156473287390234,-0.4994161238870008,0
7.7725,1,-0.029405999458562468,0.33356917044785422,0,0.29808272804114966,0.03386277076001825,0
7.775,0,0.48759049862983689,-0.38083520326121212,0,0.02284697812505624,-0.4994777428380105,0
7.775,1,-0.028660688282332099,0.33365289844064833,0,0.29816621294314621,0.033119623475243769,0
7.7775,0,0.48764597900095913,-0.38208397035043185,0,0.021537318772746714,-0.49953592853775958,0
7.7775,1,-0.027915170702218311,0.33373476823850962,0,0.29824785114788283,0.032376214813808056,0
7.78,0,0.48769818503022505,-0.38333287861174603,0,0.020227504639988503,-0.49959068051359784,0
7.78,1,-0.027169451336115948,0.33381477919369551,0,0.29832764173400844,0.031632549334895947,0
7.7825,0,0.48774711634244733,-0.38458191946028897,0,0.018917545137836816,-0.49964199832075612,0
7.7825,1,-0.026423534804209375,0.33389293066986581,0,0.2984055837912491,0.030888631601340831,0
7.785,0,0.48779277258596809,-0.38583108431011787,0,0.01760744967878234,-0.49968988154235194,0
7.785,1,-0.025677425728944783,0.33396922204209201,0,0.29848167642042378,0.030144466179598768,0
7.7875,0,0.48783515343266237,-0.38708036457428258,0,0.016297227676658352,-0.49973432978939492,0
7.7875,1,-0.024931128735002427,0.33404365269686614,0,0.29855591873346027,0.02940005763972255,0
7.79,0,0.48787425857794137,-0.38832975166489531,0,0.0149868885465478,-0.49977534270079182,0
7.79,1,-0.024184648449268837,0.33411622203210994,0,0.29862830985341077,0.028655410555335697,0
7.7925,0,0.48791008774075539,-0.38957923699320046,0,0.013676441704690363,-0.49981291994335114,0
7.7925,1,-0.023437989500808991,0.33418692945718365,0,0.29869884891446746,0.027910529503606372,0
7.795,0,0.48794264066359672,-0.39082881196964436,0,0.012365896568389483,-0.49984706121178746,0
7.795,1,-0.022691156520838432,0.33425577439289467,0,0.29876753506197834,0.027165419065221224,0
7.7975,0,0.4879719171125021,-0.39207846800394502,0,0.011055262555919399,-0.49987776622872537,0
7.7975,1,-0.02194415414269538,0.33432275627150665,0,0.2988343674524625,0.026420083824359161,0
7.8,0,0.48799791687705502,-0.39332819650516182,0,0.0097445490864321357,-0.49990503474470294,0
7.8,1,-0.021196987001812769,0.33438787453674795,0,0.29889934525362571,0.025674528368665048,0
7.8025,0,0.4880206397703879,-0.39457798888176543,0,0.0084337655798645047,-0.49992886653817503,0
7.8025,1,-0.020449659735690268,0.33445112864382032,0,0.29896246764437595,0.024928757289223339,0
7.805,0,0.48804008562918377,-0.39582783654170756,0,0.0071229214568450713,-0.49994926141551621,0
7.805,1,-0.019702176983866251,0.33451251805940752,0,0.29902373381483854,0.024182775180531631,0
7.8075,0,0.48805625431367811,-0.39707773089249071,0,0.0058120261386011207,-0.49996621921102308,0
7.8075,1,-0.018954543387889738,0.3345720422616838,0,0.29908314296637167,0.023436586640474145,0
7.81,0,0.48806914570765991,-0.39832766334123815,0,0.0045010890468656084,-0.49997973978691651,0
7.81,1,-0.018206763591292297,0.33462970074032228,0,0.29914069431158152,0.022690196270295147,0
7.8125,0,0.4880787597184732,-0.39957762529476348,0,0.0031901196037841077,-0.49998982303334344,0
7.8125,1,-0.017458842239559898,0.33468549299650335,0,0.29919638707433754,0.02194360867457228,0
7.815,0,0.48808509627701768,-0.40082760815964064,0,0.0018791272318217419,-0.49999646886837829,0
7.815,1,-0.01671078398010474,0.33473941854292305,0,0.29925022048978756,0.021196828461189837,0
7.8175,0,0.48808815533774957,-0.40207760334227366,0,0.00056812135367011727,-0.49999967723802385,0
7.8175,1,-0.015962593462237041,0.33479147690380118,0,0.2993021938043729,0.02044986024131196,0
7.82,0,0.48808793687868185,-0.40332760224896647,0,-0.00074288860784575087,-0.49999944811621228,0
7.82,1,-0.015214275337136771,0.33484166761488954,0,0.29935230627584331,0.019702708629355768,0
7.8225,0,0.4880844409013847,-0.40457759628599271,0,-0.0020538932298605119,-0.49999578150480517,0
7.8225,1,-0.014465834257825376,0.33488999022347993,0,0.29940055717327202,0.0189553782429644,0
7.825,0,0.48807766743098541,-0.4058275768596657,0,-0.0033648830895615586,-0.4999886774335936,0
7.825,1,-0.013717274879137448,0.33493644428841235,0,0.29944694577707065,0.018207873702980014,0
7.8275,0,0.48806761651616809,-0.40707753537640806,0,-0.0046758487642820992,-0.49997813596029783,0
7.8275,1,-0.012968601857692354,0.33498102938008284,0,0.29949147137900406,0.01746019963341669,0
7.83,0,0.48805428822917324,-0.40832746324282165,0,-0.0059867808315942324,-0.49996415717056653,0
7.83,1,-0.012219819851865843,0.33502374508045141,0,0.29953413328220502,0.016712360661433272,0
7.8325,0,0.488037682665797,-0.40957735186575733,0,-0.0072976698694020153,-0.49994674117797561,0
7.8325,1,-0.0114709335217616,0.33506459098304986,0,0.29957493080118908,0.015964361417306141,0
7.835,0,0.48801779994539018,-0.41082719265238482,0,-0.0086085064560345245,-0.49992588812402677,0
7.835,1,-0.010721947529182776,0.33510356669298952,0,0.29961386326186912,0.015216206534401916,0
7.8375,0,0.4879946402108572,-0.41207697701026252,0,-0.0099192811703389151,-0.49990159817814572,0
7.8375,1,-0.0099728665376034777,0.33514067182696894,0,0.29965093000157017,0.014467900649150076,0
7.84,0,0.48796820362865456,-0.41332669634740732,0,-0.011229984591773464,-0.49987387153768004,0
7.84,1,-0.0092236952121402104,0.33517590601328162,0,0.29968613036904368,0.013719448401015523,0
7.8425,0,0.48793849038878923,-0.41457634207236427,0,-0.012540607300500602,-0.49984270842789646,0
7.8425,1,-0.0084744382195233031,0.33520926889182345,0,0.29971946372448222,0.012970854432471066,0
7.845,0,0.48790550070481675,-0.41582590559427662,0,-0.013851139877479948,-0.4998081091019782,0
7.845,1,-0.0077251002280682834,0.33524076011410026,0,0.2997509294395338,0.01222212338896984,0
7.8475,0,0.4878692348138392,-0.41707537832295538,0,-0.015161572904561308,-0.49977007384102157,0
7.8475,1,-0.006975685907647221,0.33527037934323511,0,0.29978052689731621,0.011473259918917653,0
7.85,0,0.4878296929765028,-0.41832475166894922,0,-0.016471896964577671,-0.49972860295403226,0
7.85,1,-0.0062261999296600364,0.33529812625397581,0,0.29980825549243145,0.010724268673645258,0
7.8525,0,0.48778687547699529,-0.41957401704361419,0,-0.017782102641438195,-0.49968369677792157,0
7.8525,1,-0.0054766469670057723,0.33532400053270212,0,0.29983411463097981,0.0099751543073805619,0
7.855,0,0.48774078262304321,-0.42082316585918345,0,-0.019092180520221151,-0.49963535567750189,0
7.855,1,-0.0047270316940538296,0.33534800187743286,0,0.29985810373057414,0.0092259214772207627,0
7.8575,0,0.48769141474590882,-0.42207218952883718,0,-0.020402121187266871,-0.49958358004548209,0
7.8575,1,-0.0039773587866151691,0.33537012999783328,0,0.29988022222035393,0.0084765748431044115,0
7.86,0,0.48763877220038693,-0.42332107946677211,0,-0.021711915230270662,-0.4995283703024625,0
7.86,1,-0.0032276329219134772,0.33539038461522186,0,0.29990046954099941,0.0077271190677834084,0
7.8625,0,0.48758285536480112,-0.42456982708827135,0,-0.023021553238375694,-0.49946972689692937,0
7.8625,1,-0.0024778587785562961,0.33540876546257758,0,0.29991884514474543,0.0069775588167949321,0
7.865,0,0.48752366464100033,-0.42581842380977408,0,-0.024331025802265874,-0.4994076503052492,0
7.865,1,-0.00172804103650612,0.33542527228454661,0,0.29993534849539544,0.0062278987584332935,0
7.8675,0,0.48746120045435465,-0.4270668610489452,0,-0.02564032351425868,-0.49934214103166252,0
7.8675,1,-0.00097818437705145646,0.33543990483744929,0,0.29994997906833543,0.0054781435637217242,0
7.87,0,0.48739546325375133,-0.4283151302247451,0,-0.026949436968397977,-0.49927319960827754,0
7.87,1,-0.00022829348277785271,0.33545266288928693,0,0.29996273635054754,0.0047282979063840921,0
7.8725,0,0.48732645351159015,-0.42956322275749925,0,-0.028258356760546798,-0.4992008265950631,0
7.8725,1,0.00052162696246111165,0.33546354621974844,0,0.29997361984062387,0.003978366462816553,0
7.875,0,0.48725417172377888,-0.43081113006896787,0,-0.029567073488480096,-0.49912502257984165,0
7.875,1,0.0012715722735728669,0.33547255462021702,0,0.29998262904878026,0.0032283539120591259,0
7.8775,0,0.48717861840972831,-0.43205884358241553,0,-0.030875577751977457,-0.49904578817828149,0
7.8775,1,0.0020215377642549296,0.3354796878937768,0,0.29998976349686962,0.0024782649357672059,0
7.88,0,0.48709979411234722,-0.43330635472268075,0,-0.032183860152915786,-0.49896312403388904,0
7.88,1,0.002771518747024011,0.33548494585521926,0,0.29999502271839562,0.0017281042181830043,0
7.8825,0,0.48701769939803685,-0.43455365491624559,0,-0.033491911295361949,-0.49887703081800044,0
7.8825,1,0.0035215105332451636,0.33548832833104963,0,0.29999840625852625,0.00097787644610692107,0
7.885,0,0.48693233485668558,-0.43580073559130533,0,-0.034799721785665379,-0.49878750922977294,0
7.885,1,0.0042715084331609553,0.33548983515949338,0,0.29999991367410694,0.00022758630886884901,0
7.8875,0,0.48684370110166281,-0.43704758817783779,0,-0.036107282232550657,-0.4986945599961759,0
7.8875,1,0.0050215077559206817,0.33548946619050235,0,0.29999954453367417,-0.00052276150170059118,0
7.89,0,0.48675179876981312,-0.438294204107673,0,-0.037414583247210025,-0.49859818387198135,0
7.89,1,0.0057715038096096101,0.33548722128576108,0,0.29999729841746847,-0.0012731622912988839,0
7.8925,0,0.48665662852144986,-0.43954057481456266,0,-0.038721615443395876,-0.49849838163975446,0
7.8925,1,0.0065214919012782559,0.33548310031869299,0,0.29999317491744781,-0.0020236113631805202,0
7.895,0,0.48655819104034875,-0.44078669173424967,0,-0.040028369437513193,-0.49839515410984331,0
7.895,1,0.0072714673369716912,0.33547710317446627,0,0.29998717363730054,-0.0027741040181859669,0
7.8975,0,0.48645648703374095,-0.44203254630453742,0,-0.041334835848711941,-0.49828850212036857,0
7.8975,1,0.0080214254217588904,0.3354692297500001,0,0.29997929419245867,-0.0035246355547707037,0
7.9,0,0.48635151723230635,-0.44327812996535942,0,-0.042641005298979406,-0.49817842653721262,0
7.9,1,0.0087713614597621017,0.33545947995397035,0,0.29996953621011063,-0.0042752012690343297,0
7.9025,0,0.48624328239016607,-0.44452343415884843,0,-0.043946868413232511,-0.49806492825400844,0
7.9025,1,0.0095212707541862587,0.33544785370681562,0,0.29995789932921429,-0.0050257964547497352,0
7.905,0,0.48613178328487527,-0.4457684503294061,0,-0.045252415819410037,-0.4979480081921282,0
7.905,1,0.010271148607348414,0.33543435094074292,0,0.29994438320050976,-0.0057764164033923416,0
7.9075,0,0.48601702071741532,-0.4470131699237721,0,-0.046557638148564832,-0.49782766730067129,0
7.9075,1,0.011020990320707216,0.3354189715997335,0,0.29992898748653224,-0.0065270564041694104,0
7.91,0,0.48589899551218591,-0.44825758439109353,0,-0.04786252603495595,-0.49770390655645225,0
7.91,1,0.011770791194892412,0.33540171563954824,0,0.29991171186162463,-0.0072777117440494185,0
7.9125,0,0.48577770851699703,-0.4495016851829941,0,-0.049167070116140722,-0.49757672696398803,0
7.9125,1,0.01252054652973438,0.33538258302773344,0,0.29989255601195014,-0.0080283777077914988,0
7.915,0,0.48565316060306052,-0.45074546375364344,0,-0.050471261033066796,-0.49744612955548523,0
7.915,1,0.013270251624293699,0.33536157374362624,0,0.29987151963550501,-0.0087790495779749515,0
7.9175,0,0.48552535266498148,-0.45198891155982635,0,-0.051775089430164102,-0.49731211539082681,0
7.9175,1,0.014019901776890744,0.33533868777836001,0,0.29984860244213085,-0.0095297226350288186,0
7.92,0,0.48539428562074949,-0.45323202006101182,0,-0.053078545955436748,-0.49717468555755845,0
7.92,1,0.014769492285135317,0.33531392513486963,0,0.29982380415352705,-0.010280392157261526,0
7.9225,0,0.48525996041172947,-0.45447478071942238,0,-0.054381621260554874,-0.49703384117087451,0
7.9225,1,0.015519018445956304,0.33528728582789696,0,0.29979712450326318,-0.011031053420890596,0
7.925,0,0.48512237800265262,-0.455717185000103,0,-0.055684306000946433,-0.49688958337360373,0
7.925,1,0.016268475555631372,0.33525876988399578,0,0.2997685632367913,-0.011781701700072415,0
7.9275,0,0.4849815393816066,-0.45695922437099024,0,-0.056986590835888903,-0.49674191333619466,0
7.9275,1,0.017017858909816684,0.33522837734153704,0,0.29973812011145806,-0.012532332266932088,0
7.93,0,0.484837445560026,-0.45820089030298133,0,-0.058288466428600944,-0.49659083225670048,0
7.93,1,0.017767163803576652,0.33519610825071389,0,0.29970579489651683,-0.013282940391593331,0
7.9325,0,0.48469009757268233,-0.45944217427000317,0,-0.059589923446333966,-0.49643634136076364,0
7.9325,1,0.018516385531413722,0.33516196267354664,0,0.29967158737313987,-0.014033521342208456,0
7.935,0,0.48453949647767386,-0.46068306774908113,0,-0.060890952560463653,-0.4962784419016002,0
7.935,1,0.019265519387298185,0.33512594068388762,0,0.29963549733443023,-0.014784070384988406,0
7.9375,0,0.48438564335641504,-0.46192356222040809,0,-0.062191544446581391,-0.49611713515998368,0
7.9375,1,0.020014560664698016,0.33508804236742612,0,0.29959752458543354,-0.015534582784232857,0
7.94,0,0.48422853931362608,-0.46316364916741337,0,-0.06349168978458565,-0.4959524224442286,0
7.94,1,0.020763504656608745,0.33504826782169289,0,0.29955766894315,-0.016285053802360398,0
7.9425,0,0.48406818547732189,-0.46440332007683138,0,-0.064791379258773263,-0.49578430509017374,0
7.9425,1,0.021512346655583367,0.335006617156065,0,0.2995159302365461,-0.017035478699938749,0
7.945,0,0.48390458299880101,-0.46564256643877056,0,-0.06609060355793063,-0.49561278446116491,0
7.945,1,0.022261081953762259,0.33496309049177042,0,0.29947230830656624,-0.017785852735715077,0
7.9475,0,0.48373773305263434,-0.46688137974678207,0,-0.067389353375424899,-0.49543786194803763,0
7.9475,1,0.023009705842903148,0.33491768796189247,0,0.29942680300614438,-0.018536171166646354,0
7.95,0,0.48356763683665344,-0.4681197514979285,0,-0.068687619409294978,-0.49525953896909902,0
7.95,1,0.023758213614411099,0.33487040971137427,0,0.29937941420021552,-0.019286429247929789,0
7.9525,0,0.48339429557193891,-0.46935767319285254,0,-0.069985392362342538,-0.49507781697010989,0
7.9525,1,0.024506600559368527,0.33482125589702305,0,0.29933014176572714,-0.020036622233033319,0
7.955,0,0.48321771050280821,-0.47059513633584549,0,-0.071282662942222894,-0.494892697424266,0
7.955,1,0.025254861968565249,0.3347702266875146,0,0.29927898559165073,-0.02078674537372617,0
7.9575,0,0.48303788289680349,-0.47183213243491606,0,-0.072579421861535834,-0.49470418183217924,0
7.9575,1,0.026002993132528553,0.33471732226339729,0,0.29922594557899279,-0.021536793920109484,0
7.96,0,0.48285481404467917,-0.47306865300185863,0,-0.07387565983791633,-0.49451227172185841,0
7.96,1,0.026750989341553302,0.33466254281709634,0,0.29917102164080628,-0.022286763120646993,0
7.9625,0,0.48266850526038912,-0.4743046895523218,0,-0.075171367594125182,-0.49431696864868957,0
7.9625,1,0.027498845885732062,0.33460588855291779,0,0.29911421370220176,-0.023036648222195782,0
7.965,0,0.48247895788107381,-0.47554023360587694,0,-0.076466535858139562,-0.49411827419541621,0
7.965,1,0.028246558054985261,0.33454735968705251,0,0.29905552170035826,-0.023786444470037096,0
7.9675,0,0.48228617326704709,-0.47677527668608638,0,-0.077761155363243503,-0.49391618997211884,0
7.9675,1,0.028994121139091378,0.33448695644758009,0,0.29899494558453449,-0.024536147107907226,0
7.97,0,0.48209015280178291,-0.47800981032057177,0,-0.079055216848118212,-0.49371071761619445,0
7.97,1,0.029741530427717145,0.33442467907447265,0,0.29893248531607958,-0.02528575137802843,0
7.9725,0,0.48189089789190159,-0.47924382604108245,0,-0.080348711056932406,-0.49350185879233555,0
7.9725,1,0.030488781210447801,0.33436052781959869,0,0.29886814086844399,-0.026035252521139959,0
7.975,0,0.48168840996715612,-0.48047731538356353,0,-0.08164162873943244,-0.4932896151925088,0
7.975,1,0.031235868776817343,0.33429450294672658,0,0.29880191222719016,-0.026784645776529115,0
7.9775,0,0.48148269048041803,-0.48171026988822407,0,-0.082933960651032423,-0.49307398853593337,0
7.9775,1,0.031982788416338837,0.33422660473152832,0,0.29873379939000333,-0.027533926382062368,0
7.98,0,0.48127374090766312,-0.48294268109960531,0,-0.084225697552904211,-0.49285498056905891,0
7.98,1,0.032729535418534718,0.33415683346158298,0,0.29866380236670198,-0.028283089574216571,0
7.9825,0,0.48106156274795692,-0.48417454056664855,0,-0.085516830212067241,-0.4926325930655433,0
7.9825,1,0.033476105072967159,0.33408518943638005,0,0.29859192117924843,-0.029032130588110189,0
7.985,0,0.48084615752344001,-0.48540583984276325,0,-0.086807349401478384,-0.49240682782622985,0
7.985,1,0.034222492669268419,0.33401167296732298,0,0.29851815586175912,-0.029781044657534634,0
7.9875,0,0.48062752677931303,-0.48663657048589493,0,-0.088097245900121579,-0.49217768667912426,0
7.9875,1,0.034968693497171265,0.33393628437773232,0,0.29844250646051518,-0.03052982701498563,0
7.99,0,0.48040567208382151,-0.48786672405859305,0,-0.08938651049309744,-0.49194517147937133,0
7.99,1,0.035714702846539374,0.33385902400284895,0,0.29836497303397247,-0.031278472891694657,0
7.9925,0,0.48018059502824051,-0.48909629212807881,0,-0.090675133971712715,-0.4917092841092312,0
7.9925,1,0.036460516007397803,0.33377989218983728,0,0.29828555565277187,-0.032026977517660447,0
7.995,0,0.47995229722685889,-0.4903252662663129,0,-0.091963107133569658,-0.49147002647805521,0
7.995,1,0.037206128269963452,0.33369888929778813,0,0.2982042543997494,-0.032775336121680564,0
7.9975,0,0.47972078031696364,-0.4915536380500633,0,-0.093250420782655274,-0.4912274005222616,0
7.9975,1,0.037951534924675574,0.33361601569772181,0,0.29812106936994615,-0.033523543931382994,0
8,0,0.47948604595882355,-0.49278139906097279,0,-0.094537065729430506,-0.49098140820531078,0
8,1,0.03869673126222628,0.33353127177259101,0,0.2980360006706182,-0.034271596173257861,0
8.0025,0,0.47924809583567313,-0.49400854088562651,0,-0.095823032790919221,-0.49073205151768018,0
8.0025,1,0.039441712573591109,0.33344465791728356,0,0.29794904842124664,-0.035019488072689148,0
8.005,0,0.47900693165369596,-0.49523505511561966,0,-0.097108312790797166,-0.49047933247683884,0
8.005,1,0.040186474150059603,0.33335617453862521,0,0.29786021275354713,-0.035767214853986512,0
8.0075,0,0.47876255514200811,-0.49646093334762476,0,-0.098392896559480775,-0.49022325312722165,0
8.0075,1,0.040931011283265886,0.33326582205538219,0,0.29776949381147966,-0.036514771740417146,0
8.01,0,0.47851496805264099,-0.49768616718345904,0,-0.099676774934215839,-0.48996381554020335,0
8.01,1,0.041675319265219307,0.33317360089826387,0,0.29767689175125817,-0.037262153954237702,0
8.0125,0,0.47826417216052425,-0.49891074823015186,0,-0.10095993875916612,-0.48970102181407194,0
8.0125,1,0.042419393388335079,0.33307951150992515,0,0.29758240674136005,-0.038009356716726284,0
8.015,0,0.4780101692634684,-0.50013466810001195,0,-0.10224237888550176,-0.48943487407400205,0
8.015,1,0.043163228945464947,0.33298355434496896,0,0.2974860389625355,-0.038756375248214479,0
8.0175,0,0.47775296118214716,-0.50135791841069444,0,-0.10352408617148767,-0.48916537447202774,0
8.0175,1,0.043906821229927888,0.33288572986994852,0,0.29738778860781695,-0.039503204768119471,0
8.02,0,0.4774925497600796,-0.50258049078526823,0,-0.1048050514825717,-0.48889252518701515,0
8.02,1,0.044650165535540819,0.33278603856336963,0,0.29728765588252831,-0.040249840494976187,0
8.0225,0,0.47722893686361206,-0.5038023768522828,0,-0.10608526569147275,-0.48861632842463459,0
8.0225,1,0.045393257156649346,0.3326844809156928,0,0.29718564100429412,-0.040996277646469542,0
8.025,0,0.47696212438189989,-0.50502356824583527,0,-0.10736471967826873,-0.48833678641733258,0
8.025,1,0.046136091388158523,0.33258105742933536,0,0.29708174420304861,-0.041742511439466695,0
8.0275,0,0.47669211422688895,-0.50624405660563732,0,-0.1086434043304844,-0.48805390142430333,0
8.0275,1,0.046878663525563642,0.33247576861867345,0,0.29697596572104468,-0.042488537090049398,0
8.03,0,0.47641890833329686,-0.50746383357708202,0,-0.10992131054317909,-0.48776767573145996,0
8.03,1,0.047620968864981024,0.33236861501004394,0,0.29686830581286294,-0.043234349813546388,0
8.0325,0,0.47614250865859409,-0.50868289081131057,0,-0.11119842921903428,-0.48747811165140542,0
8.0325,1,0.048363002703178878,0.3322595971417463,0,0.2967587647454204,-0.043979944824565853,0
8.035,0,0.47586291718298473,-0.50990121996527904,0,-0.11247475126844102,-0.48718521152340305,0
8.035,1,0.049104760337608126,0.33214871556404429,0,0.29664734279797916,-0.04472531733702792,0
8.0375,0,0.47558013590938719,-0.51111881270182502,0,-0.11375026760958729,-0.48688897771334683,0
8.0375,1,0.049846237066433291,0.33203597083916775,0,0.2965340402621553,-0.045470462564197248,0
8.04,0,0.47529416686341452,-0.51233566068973391,0,-0.11502496916854517,-0.48658941261373112,0
8.04,1,0.050587428188563391,0.33192136354131413,0,0.2964188574419272,-0.046215375718715632,0
8.0425,0,0.47500501209335466,-0.51355175560380562,0,-0.11629884687935792,-0.48628651864362055,0
8.0425,1,0.051328329003682852,0.33180489425664994,0,0.29630179465364404,-0.046960052012634701,0
8.045,0,0.4747126736701503,-0.51476708912492086,0,-0.11757189168412681,-0.48598029824861894,0
8.045,1,0.052068934812282447,0.33168656358331233,0,0.29618285222603435,-0.047704486657448662,0
8.0475,0,0.47441715368737875,-0.51598165294010767,0,-0.11884409453309799,-0.48567075390083841,0
8.0475,1,0.05280924091569026,0.33156637213141038,0,0.29606203050021412,-0.048448674864127073,0
8.05,0,0.47411845426123145,-0.51719543874260732,0,-0.12011544638474909,-0.48535788809886787,0
8.05,1,0.053549242616102645,0.3314443205230263,0,0.29593932982969501,-0.049192611843147716,0
8.0525,0,0.47381657753049317,-0.5184084382319406,0,-0.1213859382058757,-0.48504170336774138,0
8.0525,1,0.054288935216615257,0.33132040939221669,0,0.29581475058039264,-0.049936292804529506,0
8.055,0,0.47351152565652121,-0.51962064311397393,0,-0.12265556097167774,-0.48472220225890594,0
8.055,1,0.055028314021254042,0.3311946393850137,0,0.29568829313063438,-0.050679712957865435,0
8.0575,0,0.47320330082322432,-0.52083204510098535,0,-0.12392430566584563,-0.48439938735018928,0
8.0575,1,0.055767374335006295,0.33106701115942594,0,0.29555995787116751,-0.051422867512355606,0
8.06,0,0.47289190523704122,-0.52204263591173028,0,-0.12519216328064645,-0.48407326124576705,0
8.06,1,0.056506111463851712,0.33093752538543947,0,0.2954297452051669,-0.052165751676840309,0
8.0625,0,0.47257734112691913,-0.52325240727150768,0,-0.12645912481700974,-0.48374382657612969,0
8.0625,1,0.057244520714793475,0.33080618274501861,0,0.29529765554824278,-0.052908360659833148,0
8.065,0,0.47225961074429212,-0.52446135091222545,0,-0.12772518128461338,-0.48341108599804922,0
8.065,1,0.057982597395889339,0.33067298393210687,0,0.29516368932844839,-0.053650689669554212,0
8.0675,0,0.4719387163630589,-0.52566945857246616,0,-0.12899032370196914,-0.4830750421945455,0
8.0675,1,0.058720336816282762,0.33053792965262746,0,0.2950278469862877,-0.054392733913963341,0
8.07,0,0.47161466027956078,-0.52687672199755287,0,-0.13025454309650814,-0.48273569787485221,0
8.07,1,0.059457734286234028,0.33040102062448401,0,0.29489012897472272,-0.055134488600793397,0
8.0725,0,0.4712874448125593,-0.5280831329396144,0,-0.1315178305046662,-0.48239305577438257,0
8.0725,1,0.060194785117151407,0.33026225757756106,0,0.29475053575918087,-0.05587594893758361,0
8.075,0,0.47095707230321349,-0.52928868315765076,0,-0.13278017697196906,-0.48204711865469463,0
8.075,1,0.060931484621622338,0.33012164125372445,0,0.29460906781756241,-0.056617110131713,0
8.0775,0,0.47062354511505711,-0.53049336441759842,0,-0.13404157355311724,-0.48169788930345642,0
8.0775,1,0.061667828113444602,0.32997917240682179,0,0.29446572564024753,-0.057357967390433799,0
8.08,0,0.47028686563397565,-0.53169716849239579,0,-0.13530201131207104,-0.48134537053441045,0
8.08,1,0.062403810907657543,0.32983485180268263,0,0.29432050973010349,-0.058098515920904981,0
8.0825,0,0.4699470362681829,-0.53290008716204795,0,-0.13656148132213511,-0.48098956518733837,0
8.0825,1,0.063139428320573288,0.32968868021911873,0,0.29417342060249163,-0.058838750930225815,0
8.085,0,0.46960405944819766,-0.53410211221369219,0,-0.13781997466604315,-0.4806304761280249,0
8.085,1,0.063874675669807993,0.32954065844592412,0,0.29402445878527422,-0.059578667625469477,0
8.0875,0,0.46925793762682005,-0.53530323544166247,0,-0.13907748243604209,-0.48026810624822164,0
8.0875,1,0.064609548274313117,0.32939078728487514,0,0.29387362481882146,-0.060318261213716716,0
8.09,0,0.46890867327910751,-0.53650344864755473,0,-0.14033399573397645,-0.47990245846561047,0
8.09,1,0.065344041454406671,0.32923906754973037,0,0.29372091925601795,-0.061057526902089564,0
8.0925,0,0.4685562689023508,-0.53770274364029147,0,-0.14158950567137232,-0.47953353572376678,0
8.0925,1,0.066078150531804533,0.32908550006623055,0,0.2935663426622695,-0.061796459897785108,0
8.095,0,0.4682007270160497,-0.53890111223618631,0,-0.14284400336952127,-0.47916134099212226,0
8.095,1,0.066811870829651759,0.32893008567209819,0,0.29340989561550967,-0.062535055408109316,0
8.0975,0,0.46784205016188835,-0.54009854625900888,0,-0.14409747995956407,-0.47878587726592742,0
8.0975,1,0.067545197672553903,0.32877282521703743,0,0.29325157870620616,-0.063273308640510909,0
8.1,0,0.46748024090371065,-0.54129503754004904,0,-0.1453499265825742,-0.47840714756621372,0
8.1,1,0.068278126386608365,0.32861371956273355,0,0.29309139253736716,-0.064011214802615249,0
8.1025,0,0.46711530182749539,-0.54249057791818145,0,-0.14660133438964135,-0.4780251549397555,0
8.1025,1,0.06901065229943576,0.32845276958285247,0,0.29292933772454754,-0.06474876910225838,0
8.105,0,0.46674723554133091,-0.54368515923992988,0,-0.14785169454195446,-0.47763990245903165,0
8.105,1,0.069742770740211263,0.32828997616304023,0,0.29276541489585511,-0.065485966747520968,0
8.1075,0,0.46637604467538984,-0.54487877335953139,0,-0.14910099821088491,-0.47725139322218679,0
8.1075,1,0.070474477039696032,0.32812534020092238,0,0.29259962469195661,-0.066222802946762443,0
8.11,0,0.46600173188190364,-0.54607141213900035,0,-0.15034923657806934,-0.47685963035299223,0
8.11,1,0.071205766530268583,0.32795886260610313,0,0.29243196776608377,-0.066959272908655082,0
8.1125,0,0.4656242998351367,-0.54726306744819264,0,-0.15159640083549233,-0.47646461700080667,0
8.1125,1,0.071936634545956238,0.32779054430016452,0,0.29226244478403895,-0.067695371842218188,0
8.115,0,0.46524375123136036,-0.54845373116486928,0,-0.15284248218556892,-0.47606635634053651,0
8.115,1,0.072667076422466531,0.32762038621666567,0,0.29209105642420113,-0.068431094956852317,0
8.1175,0,0.46486008878882684,-0.54964339517476068,0,-0.15408747184122698,-0.47566485157259591,0
8.1175,1,0.073397087497218697,0.32744838930114162,0,0.29191780337753154,-0.069166437462373567,0
8.12,0,0.46447331524774282,-0.55083205137163005,0,-0.15533136102598938,-0.4752601059228666,0
8.12,1,0.074126663109375088,0.32727455451110232,0,0.29174268634757905,-0.069901394569047842,0
8.1225,0,0.46408343337024277,-0.552019691657337,0,-0.15657414097405595,-0.47485212264265714,0
8.1225,1,0.074855798599872667,0.3270988828160315,0,0.29156570605048582,-0.070635961487625284,0
8.125,0,0.46369044594036224,-0.55320630794190118,0,-0.15781580293038527,-0.47444090500866221,0
8.125,1,0.07558448931145452,0.32692137519738523,0,0.29138686321499269,-0.071370133429374635,0
8.1275,0,0.46329435576401079,-0.55439189214356566,0,-0.15905633815077638,-0.4740264563229214,0
8.1275,1,0.076312730588701319,0.32674203264859086,0,0.29120615858244425,-0.072103905606117735,0
8.13,0,0.4628951656689449,-0.55557643618886032,0,-0.16029573790195012,-0.47360877991277772,0
8.13,1,0.077040517778062867,0.32656085617504538,0,0.29102359290679419,-0.07283727323026401,0
8.1325,0,0.46249287850474041,-0.55675993201266483,0,-0.16153399346163044,-0.47318787913083588,0
8.1325,1,0.077767846227889625,0.32637784679411397,0,0.29083916695461032,-0.073570231514845041,0
8.135,0,0.46208749714276509,-0.55794237155827198,0,-0.16277109611862547,-0.4727637573549201,0
8.135,1,0.078494711288464233,0.32619300553512848,0,0.29065288150507956,-0.074302775673549162,0
8.1375,0,0.46167902447615067,-0.55912374677745069,0,-0.16400703717290843,-0.47233641798803194,0
8.1375,1,0.079221108312033092,0.32600633343938562,0,0.29046473735001277,-0.075034900920756112,0
8.14,0,0.46126746341976493,-0.56030404963050862,0,-0.16524180793569823,-0.4719058644583074,0
8.14,1,0.079947032652837924,0.32581783156014521,0,0.29027473529384951,-0.075766602471571742,0
8.1425,0,0.46085281691018337,-0.56148327208635518,0,-0.16647539972954012,-0.47147210021897418,0
8.1425,1,0.080672479667147315,0.32562750096262844,0,0.29008287615366279,-0.076497875541862728,0
8.145,0,0.46043508790566096,-0.56266140612256432,0,-0.16770780388838588,-0.47103512874830822,0
8.145,1,0.081397444713288344,0.32543534272401575,0,0.28988916075916354,-0.077228715348291399,0
8.1475,0,0.4600142793861034,-0.56383844372543668,0,-0.16893901175767401,-0.47059495354959036,0
8.1475,1,0.082121923151678183,0.32524135793344494,0,0.28969358995270517,-0.077959117108350531,0
8.15,0,0.45959039435303828,-0.56501437689006251,0,-0.17016901469440965,-0.47015157815106229,0
8.15,1,0.082845910344855681,0.325045547692009,0,0.28949616458928779,-0.078689076040398251,0
8.1525,0,0.45916343582958619,-0.56618919762038367,0,-0.17139780406724431,-0.46970500610588256,0
8.1525,1,0.08356940165751299,0.32484791311275391,0,0.28929688553656269,-0.07941858736369295,0
8.155,0,0.45873340686043146,-0.56736289792925609,0,-0.17262537125655544,-0.4692552409920821,0
8.155,1,0.08429239245652724,0.32464845532067627,0,0.28909575367483631,-0.080147646298428257,0
8.1575,0,0.4583003105117926,-0.56853546983851189,0,-0.17385170765452573,-0.46880228641251953,0
8.1575,1,0.085014878110992134,0.324447175452721,0,0.28889276989707435,-0.080876248065768028,0
8.16,0,0.4578641498713929,-0.56970690537902113,0,-0.17507680466522227,-0.46834614599483604,0
8.16,1,0.085736853992249604,0.32424407465777894,0,0.28868793510890578,-0.081604387887881435,0
8.1625,0,0.45742492804843055,-0.57087719659075398,0,-0.17630065370467554,-0.46788682339141024,0
8.1625,1,0.086458315473921521,0.3240391540966841,0,0.28848125022862658,-0.082332060987978045,0
8.165,0,0.4569826481735485,-0.57204633552284234,0,-0.17752324620095811,-0.46742432227931258,0
8.165,1,0.087179257931941312,0.32383241494221121,0,0.28827271618720363,-0.083059262590342936,0
8.1675,0,0.45653731339880449,-0.57321431423364178,0,-0.17874457359426318,-0.4669586463602593,0
8.1675,1,0.087899676744585667,0.32362385837907282,0,0.28806233392827824,-0.083785987920371938,0
8.17,0,0.45608892689764041,-0.57438112479079284,0,-0.17996462733698299,-0.46648979936056639,0
8.17,1,0.088619567292506224,0.32341348560391658,0,0.28785010440816972,-0.084512232204606796,0
8.1725,0,0.45563749186485197,-0.5755467592712824,0,-0.18118339889378685,-0.46601778503110325,0
8.1725,1,0.089338924958761279,0.32320129782532236,0,0.28763602859587883,-0.08523799067077048,0
8.175,0,0.4551830115165576,-0.57671120976150536,0,-0.18240087974169916,-0.46554260714724582,0
8.175,1,0.090057745128847497,0.32298729626379913,0,0.2874201074730911,-0.085963258547802485,0
8.1775,0,0.45472548909016774,-0.57787446835732548,0,-0.18361706137017714,-0.46506426950882956,0
8.1775,1,0.090776023190731581,0.32277148215178203,0,0.28720234203418005,-0.086688031065894178,0
8.18,0,0.45426492784435352,-0.57903652716413667,0,-0.18483193528118827,-0.46458277594010228,0
8.18,1,0.091493754534882066,0.32255385673362902,0,0.28698273328621027,-0.087412303456524176,0
8.1825,0,0.45380133105901543,-0.58019737829692386,0,-0.18604549298928769,-0.4640981302896765,0
8.1825,1,0.092210934554301002,0.32233442126561773,0,0.28676128224894054,-0.088136070952493803,0
8.185,0,0.45333470203525172,-0.58135701388032401,0,-0.18725772602169519,-0.46361033643048166,0
8.185,1,0.092927558644555708,0.32211317701594216,0,0.28653798995482666,-0.088859328787962544,0
8.1875,0,0.45286504409532663,-0.58251542604868678,0,-0.18846862591837224,-0.46311939825971588,0
8.1875,1,0.09364362220381052,0.32189012526470911,0,0.28631285744902418,-0.089582072198483562,0
8.19,0,0.45239236058263854,-0.58367260694613488,0,-0.18967818423209859,-0.46262531969879767,0
8.19,1,0.094359120632858534,0.32166526730393469,0,0.28608588578939131,-0.090304296421039265,0
8.1925,0,0.45191665486168775,-0.58482854872662504,0,-0.19088639252854869,-0.46212810469331717,0
8.1925,1,0.095074049335153385,0.3214386044375408,0,0.28585707604649124,-0.091025996694076877,0
8.195,0,0.45143793031804408,-0.58598324355400788,0,-0.19209324238636802,-0.46162775721298732,0
8.195,1,0.095788403716840997,0.32121013798135128,0,0.28562642930359483,-0.091747168257544073,0
8.1975,0,0.45095619035831458,-0.58713668360208859,0,-0.19329872539724904,-0.46112428125159449,0
8.1975,1,0.09650217918679134,0.32097986926308819,0,0.28539394665668294,-0.092467806352924647,0
8.2,0,0.4504714384101105,-0.58828886105468681,0,-0.19450283316600714,-0.46061768082694904,0
8.2,1,0.097215371156630259,0.32074779962236794,0,0.2851596292144486,-0.093187906223274233,0
8.2025,0,0.44998367792201466,-0.58943976810569654,0,-0.19570555731065606,-0.46010795998083559,0
8.2025,1,0.097927975040771192,0.32051393041069726,0,0.28492347809829927,-0.093907463113256026,0
8.205,0,0.44949291236354821,-0.59058939695914625,0,-0.19690688946248344,-0.45959512277896292,0
8.205,1,0.098639986256447015,0.32027826299146922,0,0.2846854944423588,-0.094626472269176601,0
8.2075,0,0.44899914522513745,-0.59173773982925859,0,-0.19810682126612583,-0.45907917331091369,0
8.2075,1,0.099351400223741795,0.320040798739959,0,0.28444567939346954,-0.095344928939021675,0
8.21,0,0.44850238001808024,-0.59288478894050989,0,-0.19930534437964373,-0.45856011569009386,0
8.21,1,0.10006221236562263,0.31980153904331959,0,0.28420403411119394,-0.096062828372492026,0
8.2125,0,0.44800262027451243,-0.59403053652768956,0,-0.20050245047459628,-0.45803795405368181,0
8.2125,1,0.10077241810797138,0.31956048530057768,0,0.28396055976781648,-0.096780165821039335,0
8.215,0,0.44749986954737403,-0.59517497483595994,0,-0.20169813123611571,-0.45751269256257721,0
8.215,1,0.10148201287961658,0.31931763892262899,0,0.28371525754834515,-0.09749693653790216,0
8.2175,0,0.44699413141037514,-0.5963180961209148,0,-0.20289237836298166,-0.45698433540134975,0
8.2175,1,0.10219099211236515,0.31907300133223393,0,0.28346812865051302,-0.09821313577814185,0
8.22,0,0.44648540945796178,-0.59745989264863919,0,-0.2040851835676952,-0.45645288677818741,0
8.22,1,0.10289935124103428,0.31882657396401293,0,0.28321917428477966,-0.098928758798678601,0
8.2225,0,0.44597370730528146,-0.59860035669576794,0,-0.20527653857655262,-0.45591835092484456,0
8.2225,1,0.10360708570348316,0.3185783582644417,0,0.28296839567433235,-0.099643800858327441,0
8.225,0,0.44545902858814862,-0.59973948054954473,0,-0.20646643512971907,-0.4553807320965898,0
8.225,1,0.10431419094064494,0.31832835569184648,0,0.28271579405508729,-0.10035825721783433,0
8.2275,0,0.44494137696300984,-0.60087725650788071,0,-0.20765486498130187,-0.45484003457215361,0
8.2275,1,0.10502066239655841,0.31807656771639931,0,0.28246137067569071,-0.10107212313991226,0
8.23,0,0.44442075610690895,-0.60201367687941298,0,-0.20884181989942363,-0.45429626265367545,0
8.23,1,0.10572649551839992,0.31782299582011281,0,0.28220512679751975,-0.10178539388927738,0
8.2325,0,0.4438971697174518,-0.60314873398356339,0,-0.21002729166629522,-0.45374942066665114,0
8.2325,1,0.10643168575651518,0.31756764149683536,0,0.28194706369468331,-0.10249806473268518,0
8.235,0,0.44337062151277107,-0.60428242015059652,0,-0.21121127207828835,-0.45319951295987931,0
8.235,1,0.10713622856445107,0.31731050625224577,0,0.28168718265402293,-0.10321013093896668,0
8.2375,0,0.44284111523149072,-0.60541472772167815,0,-0.21239375294600807,-0.45264654390540821,0
8.2375,1,0.10784011939898749,0.31705159160384822,0,0.28142548497511322,-0.1039215877790647,0
8.24,0,0.44230865463269026,-0.60654564904893304,0,-0.21357472609436487,-0.45209051789848187,0
8.24,1,0.10854335372016921,0.3167908990809668,0,0.28116197197026244,-0.10463243052607007,0
8.2425,0,0.44177324349586899,-0.60767517649550296,0,-0.21475418336264676,-0.45153143935748619,0
8.2425,1,0.10924592699133769,0.31652843022474014,0,0.28089664496451294,-0.10534265445525802,0
8.245,0,0.44123488562090996,-0.60880330243560465,0,-0.21593211660459091,-0.45096931272389462,0
8.245,1,0.10994783467916287,0.31626418658811589,0,0.2806295052956414,-0.10605225484412442,0
8.2475,0,0.44069358482804366,-0.60993001925458734,0,-0.21710851768845521,-0.45040414246221389,0
8.2475,1,0.11064907225367512,0.31599816973584521,0,0.28036055431415896,-0.1067612269724222,0
8.25,0,0.44014934495781172,-0.61105531934899004,0,-0.21828337849708943,-0.44983593305992903,0
8.25,1,0.11134963518829696,0.31573038124447694,0,0.28008979338331141,-0.10746956612219774,0
8.2525,0,0.43960216987103035,-0.61217919512659924,0,-0.21945669092800629,-0.44926468902744859,0
8.2525,1,0.11204951895987496,0.31546082270235193,0,0.27981722387907909,-0.10817726757782729,0
8.255,0,0.43905206344875353,-0.61330163900650614,0,-0.22062844689345226,-0.44869041489804939,0
8.255,1,0.11274871904871153,0.31518949570959709,0,0.27954284719017658,-0.10888432662605342,0
8.2575,0,0.43849902959223613,-0.61442264341916353,0,-0.22179863832047803,-0.44811311522782099,0
8.2575,1,0.11344723093859682,0.31491640187811948,0,0.27926666471805267,-0.1095907385560215,0
8.26,0,0.4379430722228968,-0.61554220080644284,0,-0.22296725715100879,-0.44753279459561007,0
8.26,1,0.11414505011684049,0.31464154283160028,0,0.27898867787688975,-0.11029649865931625,0
8.2625,0,0.43738419528228067,-0.61666030362169111,0,-0.22413429534191437,-0.44694945760296445,0
8.2625,1,0.11484217207430361,0.31436492020548862,0,0.27870888809360339,-0.11100160222999823,0
8.265,0,0.43682240273202194,-0.61777694432978736,0,-0.22529974486507889,-0.44636310887407682,0
8.265,1,0.11553859230543041,0.31408653564699535,0,0.27842729680784184,-0.11170604456464048,0
8.2675,0,0.43625769855380625,-0.61889211540719957,0,-0.22646359770747049,-0.44577375305572842,0
8.2675,1,0.1162343063082802,0.3138063908150866,0,0.27814390547198503,-0.11240982096236506,0
8.27,0,0.43569008674933291,-0.62000580934204075,0,-0.22762584587121051,-0.44518139481723235,0
8.27,1,0.11692930958455912,0.31352448738047756,0,0.27785871555114394,-0.11311292672487969,0
8.2725,0,0.43511957134027685,-0.6211180186341253,0,-0.22878648137364258,-0.44458603885037651,0
8.2725,1,0.11762359763965199,0.31324082702562583,0,0.27757172852315953,-0.11381535715651445,0
8.275,0,0.43454615636825056,-0.62222873579502502,0,-0.22994549624740146,-0.4439876898693666,0
8.275,1,0.1183171659826542,0.31295541144472488,0,0.27728294587860175,-0.11451710756425841,0
8.2775,0,0.43396984589476573,-0.62333795334812514,0,-0.23110288254048164,-0.4433863526107687,0
8.2775,1,0.11901001012640341,0.31266824234369733,0,0.27699236912076824,-0.11521817325779639,0
8.28,0,0.43339064400119476,-0.62444566382868039,0,-0.23225863231630553,-0.44278203183345161,0
8.28,1,0.11970212558751148,0.31237932144018815,0,0.27669999976568316,-0.11591854954954563,0
8.2825,0,0.43280855478873215,-0.6255518597838704,0,-0.23341273765379167,-0.442174732318529,0
8.2825,1,0.1203935078863962,0.31208865046355783,0,0.27640583934209556,-0.1166182317546926,0
8.285,0,0.43222358237835562,-0.62665653377285524,0,-0.23456519064742248,-0.44156445886930129,0
8.285,1,0.12108415254731317,0.31179623115487543,0,0.27610988939147801,-0.1173172151912298,0
8.2875,0,0.43163573091078722,-0.62775967836683089,0,-0.23571598340731181,-0.44095121631119744,0
8.2875,1,0.12177405509838754,0.31150206526691138,0,0.2758121514680249,-0.11801549517999252,0
8.29,0,0.431045004546454,-0.62886128614908454,0,-0.23686510805927224,-0.44033500949171622,0
8.29,1,0.12246321107164589,0.31120615456413053,0,0.27551262713865066,-0.11871306704469572,0
8.2925,0,0.4304514074654488,-0.62996134971504969,0,-0.2380125567448822,-0.43971584328036756,0
8.2925,1,0.12315161600304793,0.31090850082268467,0,0.27521131798298781,-0.11940992611197088,0
8.295,0,0.42985494386749074,-0.63105986167236094,0,-0.23915832162155271,-0.43909372256861345,0
8.295,1,0.1238392654325184,0.31060910583040546,0,0.27490822559338507,-0.12010606771140285,0
8.2975,0,0.42925561797188555,-0.632156814640909,0,-0.24030239486259392,-0.4384686522698088,0
8.2975,1,0.12452615490397877,0.31030797138679678,0,0.27460335157490512,-0.12080148717556684,0
8.3,0,0.42865343401748568,-0.63325220125289516,0,-0.24144476865728146,-0.43784063731914191,0
8.3,1,0.12521227996537906,0.31000509930302722,0,0.27429669754532243,-0.12149617984006525,0
8.3025,0,0.4280483962626504,-0.63434601415288605,0,-0.24258543521092241,-0.43720968267357474,0
8.3025,1,0.12589763616872962,0.30970049140192268,0,0.27398826513512098,-0.1221901410435647,0
8.305,0,0.42744050898520558,-0.6354382459978678,0,-0.24372438674492106,-0.43657579331178303,0
8.305,1,0.1265822190701329,0.30939414951795846,0,0.27367805598749151,-0.12288336612783297,0
8.3075,0,0.42682977648240339,-0.63652888945730013,0,-0.24486161549684449,-0.43593897423409628,0
8.3075,1,0.12726602422981517,0.30908607549725142,0,0.27336607175832922,-0.12357585043777601,0
8.31,0,0.42621620307088171,-0.63761793721317084,0,-0.24599711372048774,-0.43529923046243718,0
8.31,1,0.12794904721215838,0.30877627119755235,0,0.27305231411623093,-0.12426758932147496,0
8.3125,0,0.42559979308662366,-0.63870538196004922,0,-0.24713087368593886,-0.43465656704026123,0
8.3125,1,0.12863128358573178,0.30846473848823774,0,0.27273678474249219,-0.12495857813022315,0
8.315,0,0.42498055088491665,-0.63979121640514014,0,-0.24826288767964363,-0.43401098903249585,0
8.315,1,0.12931272892332377,0.30815147925030179,0,0.27241948533110444,-0.12564881221856325,0
8.3175,0,0.42435848084031152,-0.64087543326833762,0,-0.24939314800446999,-0.43336250152547939,0
8.3175,1,0.12999337880197359,0.30783649537634816,0,0.27210041758875197,-0.12633828694432422,0
8.32,0,0.42373358734658123,-0.64195802528227808,0,-0.25052164697977225,-0.4327111096268999,0
8.32,1,0.13067322880300306,0.30751978877058195,0,0.27177958323480855,-0.12702699766865855,0
8.3225,0,0.42310587481667972,-0.64303898519239389,0,-0.25164837694145503,-0.43205681846573374,0
8.3225,1,0.13135227451204823,0.30720136134880105,0,0.27145698400133428,-0.12771493975607928,0
8.325,0,0.42247534768270034,-0.64411830575696627,0,-0.25277333024203702,-0.43139963319218383,0
8.325,1,0.13203051151909123,0.30688121503838783,0,0.27113262163307211,-0.12840210857449716,0
8.3275,0,0.42184201039583441,-0.64519597974717857,0,-0.25389649925071417,-0.4307395589776179,0
8.3275,1,0.13270793541849188,0.30655935177830063,0,0.27080649788744438,-0.12908849949525783,0
8.33,0,0.42120586742632926,-0.64627199994716877,0,-0.2550178763534231,-0.43007660101450634,0
8.33,1,0.13338454180901937,0.30623577351906506,0,0.27047861453454897,-0.129774107893179,0
8.3325,0,0.42056692326344636,-0.64734635915408234,0,-0.25613745395290383,-0.42941076451635996,0
8.3325,1,0.13406032629388401,0.30591048222276535,0,0.27014897335715571,-0.13045892914658758,0
8.335,0,0.41992518241541926,-0.64841905017812485,0,-0.25725522446876226,-0.42874205471766752,0
8.335,1,0.13473528448076882,0.30558347986303541,0,0.2698175761507024,-0.13114295863735689,0
8.3375,0,0.4192806494094114,-0.64949006584261426,0,-0.25837118033753276,-0.42807047687383298,0
8.3375,1,0.13540941198186132,0.30525476842505006,0,0.26948442472329071,-0.13182619175094404,0
8.34,0,0.41863332879147358,-0.65055939898403292,0,-0.25948531401274011,-0.42739603626111267,0
8.34,1,0.13608270441388504,0.30492434990551587,0,0.26914952089568212,-0.13250862387642692,0
8.3425,0,0.41798322512650143,-0.65162704245208003,0,-0.26059761796496123,-0.42671873817655204,0
8.3425,1,0.13675515739813127,0.30459222631266214,0,0.26881286650129366,-0.1331902504065417,0
8.345,0,0.41733034299819288,-0.65269298910972318,0,-0.26170808468188678,-0.4260385879379226,0
8.345,1,0.13742676656049063,0.3042583996662318,0,0.26847446338619346,-0.13387106673771992,0
8.3475,0,0.41667468700900506,-0.65375723183325019,0,-0.26281670666838242,-0.42535559088365826,0
8.3475,1,0.13809752753148474,0.30392287199747198,0,0.26813431340909638,-0.13455106827012586,0
8.35,0,0.41601626178011142,-0.65481976351232074,0,-0.26392347644654979,-0.42466975237279159,0
8.35,1,0.13876743594629781,0.30358564534912469,0,0.2677924184413592,-0.13523025040769385,0
8.3525,0,0.41535507195135851,-0.65588057705001779,0,-0.26502838655578714,-0.42398107778488997,0
8.3525,1,0.13943648744480824,0.30324672177541734,0,0.26744878036697595,-0.13590860855816556,0
8.355,0,0.41469112218122273,-0.65693966536289894,0,-0.26613142955284985,-0.42328957251999155,0
8.355,1,0.14010467767162019,0.3029061033420532,0,0.26710340108257302,-0.13658613813312731,0
8.3575,0,0.4140244171467668,-0.6579970213810471,0,-0.26723259801191052,-0.42259524199854087,0
8.3575,1,0.14077200227609515,0.30256379212620171,0,0.2667562824974043,-0.13726283454804744,0
8.36,0,0.41335496154359613,-0.65905263804812197,0,-0.26833188452461892,-0.42189809166132436,0
8.36,1,0.1414384569123836,0.30221979021648876,0,0.26640742653334581,-0.1379386932223137,0
8.3625,0,0.41268276008581517,-0.66010650832141038,0,-0.2694292817001615,-0.42119812696940584,0
8.3625,1,0.14210403723945639,0.30187409971298679,0,0.2660568351248907,-0.13861370957927049,0
8.365,0,0.41200781750598331,-0.66115862517187718,0,-0.27052478216532078,-0.42049535340406136,0
8.365,1,0.14276873892113642,0.30152672272720488,0,0.26570451021914376,-0.13928787904625642,0
8.3675,0,0.411330138555071,-0.66220898158421559,0,-0.27161837856453441,-0.41978977646671434,0
8.3675,1,0.14343255762613014,0.30117766138207874,0,0.26535045377581595,-0.13996119705464152,0
8.37,0,0.41064972800241539,-0.6632575705568976,0,-0.27271006355995386,-0.41908140167887031,0
8.37,1,0.14409548902805894,0.30082691781196064,0,0.26499466776721886,-0.1406336590398648,0
8.3725,0,0.40996659063567609,-0.66430438510222378,0,-0.27379982983150308,-0.41837023458205136,0
8.3725,1,0.14475752880549078,0.30047449416260896,0,0.26463715417825889,-0.14130526044147151,0
8.375,0,0.40928073126079056,-0.6653494182463735,0,-0.27488767007693654,-0.41765628073773059,0
8.375,1,0.14541867264197164,0.30012039259117818,0,0.26427791500643144,-0.1419759967031507,0
8.3775,0,0.4085921547019295,-0.66639266302945477,0,-0.27597357701189718,-0.41693954572726633,0
8.3775,1,0.14607891622605695,0.29976461526620829,0,0.263916952261815,-0.14264586327277254,0
8.38,0,0.40790086580145218,-0.66743411250555362,0,-0.27705754336997412,-0.41622003515183603,0
8.38,1,0.14673825525134304,0.29940716436761428,0,0.26355426796706499,-0.14331485560242582,0
8.3825,0,0.40720686941986128,-0.66847375974278389,0,-0.27813956190276012,-0.41549775463237026,0
8.3825,1,0.14739668541649864,0.29904804208667568,0,0.26318986415740747,-0.1439829691484554,0
8.385,0,0.40651017043575793,-0.66951159782333625,0,-0.27921962537990846,-0.41477270980948622,0
8.385,1,0.14805420242529618,0.29868725062602575,0,0.26282374288063293,-0.14465019937149964,0
8.3875,0,0.40581077374579655,-0.6705476198435274,0,-0.28029772658918989,-0.41404490634342123,0
8.3875,1,0.14871080198664333,0.2983247921996407,0,0.26245590619708981,-0.14531654173652789,0
8.39,0,0.40510868426463936,-0.67158181891384916,0,-0.28137385833654904,-0.41331434991396604,0
8.39,1,0.14936647981461429,0.29796066903282892,0,0.26208635617967774,-0.1459819917128779,0
8.3925,0,0.40440390692491096,-0.67261418815901708,0,-0.28244801344616083,-0.41258104622039787,0
8.3925,1,0.15002123162848119,0.29759488336221995,0,0.26171509491384104,-0.1466465447742934,0
8.395,0,0.40369644667715265,-0.6736447207180194,0,-0.28352018476048624,-0.41184500098141352,0
8.395,1,0.15067505315274543,0.29722743743575336,0,0.26134212449756172,-0.14731019639896148,0
8.3975,0,0.40298630848977662,-0.67467340974416501,0,-0.28459036514032804,-0.41110621993506191,0
8.3975,1,0.15132794011716907,0.29685833351266772,0,0.26096744704135266,-0.14797294206955014,0
8.4,0,0.40227349734902013,-0.67570024840513221,0,-0.28565854746488628,-0.41036470883867687,0
8.4,1,0.15197988825680608,0.29648757386348923,0,0.26059106466825038,-0.14863477727324578,0
8.4025,0,0.40155801825889925,-0.67672522988301653,0,-0.28672472463181325,-0.40962047346880942,0
8.4025,1,0.15263089331203367,0.29611516077002042,0,0.26021297951380795,-0.14929569750179073,0
8.405,0,0.40083987624116291,-0.67774834737437895,0,-0.28778888955726833,-0.40887351962116003,0
8.405,1,0.15328095102858352,0.29574109652532876,0,0.25983319372608754,-0.14995569825152064,0
8.4075,0,0.40011907633524635,-0.67876959409029358,0,-0.28885103517597255,-0.4081238531105108,0
8.4075,1,0.15393005715757319,0.29536538343373508,0,0.25945170946565299,-0.15061477502340215,0
8.41,0,0.39939562359822478,-0.67978896325639504,0,-0.28991115444126264,-0.40737147977065735,0
8.41,1,0.15457820745553721,0.29498802381080197,0,0.25906852890556231,-0.15127292332307024,0
8.4125,0,0.39866952310476678,-0.68080644811292623,0,-0.29096924032514532,-0.40661640545434041,0
8.4125,1,0.15522539768445837,0.29460901998332206,0,0.25868365423135981,-0.15193013866086591,0
8.415,0,0.39794077994708743,-0.68182204191478568,0,-0.29202528581835063,-0.40585863603317762,0
8.415,1,0.1558716236117989,0.29422837428930615,0,0.25829708764106846,-0.15258641655187352,0
8.4175,0,0.39720939923490151,-0.68283573793157415,0,-0.29307928393038546,-0.40509817739759485,0
8.4175,1,0.15651688101053171,0.29384608907797138,0,0.25790883134518172,-0.15324175251595851,0
8.42,0,0.39647538609537653,-0.68384752944764204,0,-0.29413122768958661,-0.40433503545675742,0
8.42,1,0.15716116565917151,0.29346216670972919,0,0.25751888756665559,-0.15389614207780472,0
8.4225,0,0.39573874567308559,-0.68485740976213616,0,-0.2951811101431735,-0.40356921613850133,0
8.4225,1,0.15780447334180597,0.29307660955617326,0,0.25712725854090035,-0.15454958076695205,0
8.425,0,0.39499948312995997,-0.68586537218904586,0,-0.29622892435730075,-0.40280072538926404,0
8.425,1,0.15844679984812682,0.29268942000006726,0,0.25673394651577225,-0.15520206411783394,0
8.4275,0,0.39425760364524198,-0.68687141005724994,0,-0.2972746634171104,-0.40202956917401539,0
8.4275,1,0.159088140973461,0.29230060043533268,0,0.25633895375156496,-0.15585358766981491,0
8.43,0,0.39351311241543713,-0.68787551671056268,0,-0.29831832042678363,-0.40125575347618819,0
8.43,1,0.1597284925188017,0.2919101532670364,0,0.25594228252100104,-0.15650414696722803,0
8.4325,0,0.39276601465426664,-0.68887768550777995,0,-0.29935988850959272,-0.40047928429760871,0
8.4325,1,0.16036785029083947,0.2915180809113781,0,0.2555439351092233,-0.15715373755941253,0
8.435,0,0.39201631559261968,-0.68987790982272501,0,-0.30039936080795199,-0.39970016765842692,0
8.435,1,0.16100621010199323,0.2911243857956779,0,0.25514391381378571,-0.15780235500075124,0
8.4375,0,0.39126402047850539,-0.69087618304429432,0,-0.30143673048346908,-0.39891840959704672,0
8.4375,1,0.16164356777044125,0.29072907035836359,0,0.25474222094464471,-0.15844999485070815,0
8.44,0,0.39050913457700481,-0.69187249857650324,0,-0.3024719907169956,-0.398134016170056,0
8.44,1,0.16227991912015224,0.29033213704895788,0,0.25433885882414997,-0.15909665267386594,0
8.4425,0,0.3897516631702227,-0.69286684983853097,0,-0.30350513470867763,-0.39734699345215652,0
8.4425,1,0.16291525998091622,0.28993358832806559,0,0.25393382978703516,-0.15974232403996347,0
8.445,0,0.38899161155723933,-0.69385923026476626,0,-0.30453615567800585,-0.39655734753609351,0
8.445,1,0.16354958618837553,0.2895334266673607,0,0.25352713618040862,-0.16038700452393326,0
8.4475,0,0.388228985054062,-0.69484963330485205,0,-0.30556504686386532,-0.39576508453258541,0
8.4475,1,0.16418289358405572,0.28913165454957335,0,0.25311878036374386,-0.16103068970593909,0
8.45,0,0.38746378899357642,-0.69583805242373065,0,-0.30659180152458509,-0.39497021057025317,0
8.45,1,0.1648151780153965,0.28872827446847665,0,0.25270876470887005,-0.16167337517141345,0
8.4525,0,0.38669602872549819,-0.69682448110168793,0,-0.30761641293798747,-0.39417273179554957,0
8.4525,1,0.16544643533578254,0.28832328892887354,0,0.25229709159996216,-0.16231505651109499,0
8.455,0,0.38592570961632389,-0.69780891283439828,0,-0.308638874401437,-0.39337265437268853,0
8.455,1,0.16607666140457442,0.28791670044658335,0,0.25188376343353119,-0.16295572932106611,0
8.4575,0,0.38515283704928222,-0.69879134113296859,0,-0.30965917923188907,-0.39256998448357394,0
8.4575,1,0.16670585208713934,0.28750851154842855,0,0.2514687826184141,-0.1635953892027904,0
8.46,0,0.38437741642428491,-0.69977175952398274,0,-0.31067732076593835,-0.39176472832772852,0
8.46,1,0.16733400325488207,0.28709872477222115,0,0.25105215157576377,-0.16423403176315013,0
8.4625,0,0.38359945315787763,-0.70075016154954517,0,-0.31169329235986681,-0.39095689212222273,0
8.4625,1,0.16796111078527556,0.28668734266674911,0,0.25063387273903881,-0.16487165261448369,0
8.465,0,0.38281895268319066,-0.70172654076732499,0,-0.3127070873896915,-0.39014648210160319,0
8.465,1,0.16858717056189185,0.28627436779176274,0,0.25021394855399298,-0.16550824737462314,0
8.4675,0,0.38203592044988954,-0.70270089075059927,0,-0.31371869925121199,-0.38933350451782123,0
8.4675,1,0.16921217847443268,0.2858598027179608,0,0.24979238147866492,-0.16614381166693157,0
8.47,0,0.38125036192412548,-0.70367320508829678,0,-0.31472812136005768,-0.38851796564016122,0
8.47,1,0.16983613041876022,0.28544365002697669,0,0.24936917398336741,-0.16677834112034068,0
8.4725,0,0.38046228258848575,-0.70464347738504096,0,-0.31573534715173457,-0.38769987175516885,0
8.4725,1,0.17045902229692778,0.28502591231136454,0,0.24894432855067666,-0.16741183136938811,0
8.475,0,0.379671687941944,-0.7056117012611931,0,-0.31674037008167177,-0.38687922916657891,0
8.475,1,0.17108085001721041,0.284606592174585,0,0.2485178476754214,-0.16804427805425493,0
8.4775,0,0.37887858349981035,-0.70657787035289543,0,-0.31774318362526799,-0.38605604419524364,0
8.4775,1,0.17170160949413552,0.28418569223099116,0,0.24808973386467184,-0.16867567682080303,0
8.48,0,0.37808297479368136,-0.7075419783121133,0,-0.31874378127793729,-0.3852303231790602,0
8.48,1,0.17232129664851351,0.28376321510581437,0,0.24765998963772864,-0.16930602332061265,0
8.4825,0,0.37728486737139,-0.70850401880667824,0,-0.31974215655515481,-0.38440207247289854,0
8.4825,1,0.17293990740746831,0.28333916343514981,0,0.24722861752611158,-0.1699353132110196,0
8.485,0,0.3764842667969554,-0.70946398552033008,0,-0.32073830299250228,-0.38357129844852894,0
8.485,1,0.17355743770446788,0.28291353986594209,0,0.24679562007354813,-0.17056354215515282,0
8.4875,0,0.37568117865053263,-0.71042187215275887,0,-0.32173221414571296,-0.38273800749454939,0
8.4875,1,0.17417388347935478,0.2824863470559707,0,0.24636099983596199,-0.17119070582197168,0
8.49,0,0.3748756085283621,-0.71137767241964744,0,-0.32272388359071646,-0.38190220601631297,0
8.49,1,0.17478924067837656,0.28205758767383537,0,0.24592475938146141,-0.17181679988630338,0
8.4925,0,0.37406756204271913,-0.71233138005271268,0,-0.32371330492368311,-0.38106390043585503,0
8.4925,1,0.1754035052542163,0.28162726439894137,0,0.24548690129032746,-0.17244182002888028,0
8.495,0,0.37325704482186317,-0.71328298879974728,0,-0.32470047176106831,-0.38022309719182018,0
8.495,1,0.17601667316602296,0.2811953799214848,0,0.24504742815500205,-0.17306576193637729,0
8.4975,0,0.37244406250998724,-0.71423249242466125,0,-0.32568537773965628,-0.37937980273938948,0
8.4975,1,0.17662874037944182,0.28076193694243751,0,0.24460634258007596,-0.17368862130144921,0
8.5,0,0.37162862076716691,-0.71517988470752325,0,-0.32666801651660354,-0.37853402355020704,0
8.5,1,0.17723970286664475,0.28032693817353221,0,0.24416364718227662,-0.17431039382276797,0
8.5025,0,0.3708107252693093,-0.71612515944460142,0,-0.32764838176948241,-0.37768576611230686,0
8.5025,1,0.17784955660636068,0.27989038633724744,0,0.24371934459045588,-0.17493107520505999,0
8.505,0,0.36999038170810206,-0.71706831044840436,0,-0.32862646719632371,-0.3768350369300395,0
8.505,1,0.17845829758390572,0.27945228416679219,0,0.24327343744557753,-0.1755506611591435,0
8.5075,0,0.36916759579096209,-0.71800933154772195,0,-0.32960226651565949,-0.37598184252399852,0
8.5075,1,0.17906592179121358,0.27901263440609081,0,0.24282592840070477,-0.17616914740196574,0
8.51,0,0.36834237324098429,-0.71894821658766561,0,-0.33057577346656553,-0.37512618943094683,0
8.51,1,0.17967242522686569,0.27857143980976756,0,0.2423768201209876,-0.1767865296566403,0
8.5125,0,0.36751471979689021,-0.71988495942970898,0,-0.33154698180870318,-0.37426808420374308,0
8.5125,1,0.1802778038961215,0.27812870314313115,0,0.24192611528364988,-0.17740280365248429,0
8.515,0,0.36668464121297639,-0.7208195539517277,0,-0.33251588532236115,-0.37340753341126776,0
8.515,1,0.18088205381094852,0.27768442718215924,0,0.24147381657797651,-0.17801796512505558,0
8.5175,0,0.36585214325906285,-0.72175199404803969,0,-0.33348247780849705,-0.37254454363834932,0
8.5175,1,0.18148517099005262,0.27723861471348271,0,0.24101992670530029,-0.17863200981619007,0
8.52,0,0.36501723172044126,-0.7226822736294447,0,-0.33444675308877836,-0.37167912148569016,0
8.52,1,0.182087151458908,0.27679126853436992,0,0.24056444837898877,-0.17924493347403878,0
8.5225,0,0.36417991239782327,-0.72361038662326405,0,-0.33540870500562331,-0.37081127356979243,0
8.5225,1,0.18268799124978727,0.276342391452711,0,0.24010738432443096,-0.17985673185310511,0
8.525,0,0.36334019110728843,-0.72453632697337988,0,-0.33636832742224154,-0.36994100652288386,0
8.525,1,0.18328768640179158,0.27589198628700179,0,0.23964873727902375,-0.18046740071428191,0
8.5275,0,0.36249807368023229,-0.72546008864027456,0,-0.33732561422267404,-0.36906832699284337,0
8.5275,1,0.18388623296088055,0.2754400558663278,0,0.23918850999215846,-0.18107693582488868,0
8.53,0,0.36165356596331416,-0.72638166560106954,0,-0.33828055931183332,-0.36819324164312667,0
8.53,1,0.18448362697990225,0.27498660303034833,0,0.23872670522520706,-0.18168533295870867,0
8.5325,0,0.36080667381840492,-0.72730105184956428,0,-0.33923315661554287,-0.36731575715269171,0
8.5325,1,0.18507986451862316,0.27453163062927993,0,0.23826332575150838,-0.18229258789602595,0
8.535,0,0.35995740312253477,-0.728218241396275,0,-0.34018340008057646,-0.3664358802159241,0
8.535,1,0.18567494164375797,0.27407514152388029,0,0.23779837435635406,-0.18289869642366247,0
8.5375,0,0.3591057597678407,-0.72913322826847315,0,-0.34113128367469719,-0.36555361754256227,0
8.5375,1,0.18626885442899963,0.27361713858543196,0,0.23733185383697453,-0.18350365433501512,0
8.54,0,0.35825174966151396,-0.73004600651022333,0,-0.34207680138669611,-0.36466897585762281,0
8.54,1,0.186861598955049,0.27315762469572558,0,0.23686376700252473,-0.18410745743009277,0
8.5425,0,0.35739537872574756,-0.73095657018242199,0,-0.34301994722643059,-0.36378196190132545,0
8.5425,1,0.18745317130964476,0.27269660274704349,0,0.23639411667406984,-0.18471010151555328,0
8.545,0,0.35653665289768344,-0.73186491336283488,0,-0.34396071522486243,-0.36289258242901812,0
8.545,1,0.18804356758759305,0.27223407564214314,0,0.23592290568457064,-0.18531158240474049,0
8.5475,0,0.35567557812935974,-0.73277103014613498,0,-0.34489909943409569,-0.36200084421110179,0
8.5475,1,0.18863278389079735,0.27177004629424006,0,0.23545013687886904,-0.18591189591772112,0
8.55,0,0.35481216038765784,-0.73367491464394008,0,-0.34583509392741402,-0.36110675403295539,0
8.55,1,0.18922081632828802,0.27130451762699126,0,0.23497581311367327,-0.18651103788132173,0
8.5525,0,0.3539464056542494,-0.7345765609848498,0,-0.34676869279931777,-0.36021031869486053,0
8.5525,1,0.18980766101625204,0.27083749257447814,0,0.23449993725754301,-0.18710900412916567,0
8.555,0,0.35307831992554328,-0.73547596331448328,0,-0.34769989016556108,-0.35931154501192608,0
8.555,1,0.19039331407806256,0.27036897408118954,0,0.23402251219087436,-0.18770579050170991,0
8.5575,0,0.35220790921263234,-0.73637311579551568,0,-0.3486286801631881,-0.35841043981401283,0
8.5575,1,0.19097777164430851,0.26989896510200456,0,0.23354354080588477,-0.18830139284628189,0
8.56,0,0.35133517954124016,-0.73726801260771524,0,-0.34955505695056943,-0.35750700994565793,0
8.56,1,0.19156102985282411,0.26942746860217531,0,0.23306302600659773,-0.18889580701711645,0
8.5625,0,0.35046013695166767,-0.73816064794797986,0,-0.35047901470743803,-0.35660126226599931,0
8.5625,1,0.19214308484871839,0.26895448755730966,0,0.23258097070882736,-0.18948902887539251,0
8.565,0,0.34958278749873972,-0.73905101603037326,0,-0.35140054763492468,-0.35569320364870005,0
8.565,1,0.19272393278440464,0.26848002495335382,0,0.23209737784016296,-0.19008105428926991,0
8.5675,0,0.34870313725175156,-0.73993911108616151,0,-0.35231964995559339,-0.35478284098187263,0
8.5675,1,0.19330356981962979,0.26800408378657481,0,0.23161225033995331,-0.19067187913392616,0
8.57,0,0.34782119229441522,-0.74082492736384886,0,-0.35323631591347643,-0.35387018116800295,0
8.57,1,0.19388199212150384,0.26752666706354289,0,0.23112559115929085,-0.19126149929159314,0
8.5725,0,0.34693695872480573,-0.74170845912921368,0,-0.35415053977410899,-0.35295523112387472,0
8.5725,1,0.1944591958645292,0.26704777780111388,0,0.23063740326099585,-0.19184991065159382,0
8.575,0,0.34605044265530738,-0.74258970066534413,0,-0.35506231582456343,-0.35203799778049322,0
8.575,1,0.19503517723062994,0.2665674190264114,0,0.23014768961960033,-0.19243710911037887,0
8.5775,0,0.34516165021255985,-0.74346864627267351,0,-0.35597163837348361,-0.35111848808300938,0
8.5775,1,0.19560993240918109,0.26608559377680896,0,0.22965645322133185,-0.19302309057156339,0
8.58,0,0.34427058753740408,-0.74434529026901552,0,-0.35687850175111835,-0.3501967089906437,0
8.58,1,0.19618345759703787,0.26560230509991206,0,0.22916369706409731,-0.19360785094596339,0
8.5825,0,0.3433772607848285,-0.74521962698959954,0,-0.35778290030935517,-0.34927266747661001,0
8.5825,1,0.19675574899856482,0.26511755605354009,0,0.22866942415746644,-0.19419138615163248,0
8.585,0,0.34248167612391461,-0.74609165078710538,0,-0.3586848284217532,-0.34834637052803924,0
8.585,1,0.19732680282566498,0.26463134970570817,0,0.22817363752265526,-0.19477369211389831,0
8.5875,0,0.34158383973778295,-0.74696135603169778,0,-0.35958428048357627,-0.34741782514590308,0
8.5875,1,0.19789661529780894,0.26414368913460906,0,0.22767634019250943,-0.19535476476539915,0
8.59,0,0.34068375782353871,-0.74782873711106135,0,-0.36048125091182515,-0.34648703834493766,0
8.59,1,0.19846518264206395,0.26365457742859466,0,0.22717753521148737,-0.19593460004612034,0
8.5925,0,0.33978143659221732,-0.74869378843043444,0,-0.36137573414526997,-0.34555401715356698,0
8.5925,1,0.19903250109312287,0.26316401768615771,0,0.22667722563564333,-0.19651319390343075,0
8.595,0,0.33887688226873014,-0.74955650441264365,0,-0.36226772464448215,-0.34461876861382662,0
8.595,1,0.19959856689333319,0.26267201301591325,0,0.22617541453261036,-0.19709054229211911,0
8.5975,0,0.33797010109180969,-0.75041687949813751,0,-0.36315721689186586,-0.34368129978128692,0
8.5975,1,0.20016337629272593,0.26217856653658006,0,0.22567210498158308,-0.19766664117443053,0
8.6,0,0.33706109931395523,-0.75127490814502029,0,-0.36404420539168941,-0.34274161772497652,0
8.6,1,0.20072692554904453,0.26168368137696191,0,0.22516730007330032,-0.19824148652010271,0
8.6025,0,0.33614988320137795,-0.75213058482908568,0,-0.3649286846701163,-0.3417997295273057,0
8.6025,1,0.20128921092777369,0.26118736067592879,0,0.22466100291002769,-0.1988150743064023,0
8.605,0,0.33523645903394628,-0.75298390404384985,0,-0.36581064927523571,-0.34085564228398946,0
8.605,1,0.20185022870216815,0.26068960758239806,0,0.22415321660553997,-0.19938740051816117,0
8.6075,0,0.33432083310513089,-0.75383486030058477,0,-0.36669009377709311,-0.33990936310397091,0
8.6075,1,0.20240997515328146,0.2601904252553156,0,0.2236439442851034,-0.19995846114781266,0
8.61,0,0.33340301172194986,-0.75468344812835142,0,-0.36756701276772019,-0.33896089910934435,0
8.61,1,0.20296844656999466,0.25968981686363657,0,0.22313318908545782,-0.20052825219542772,0
8.6125,0,0.33248300120491375,-0.75552966207403216,0,-0.36844140086116456,-0.33801025743527835,0
8.6125,1,0.20352563924904499,0.25918778558630634,0,0.22262095415479868,-0.20109676966875117,0
8.615,0,0.33156080788797038,-0.75637349670236365,0,-0.36931325269351933,-0.33705744522993886,0
8.615,1,0.20408154949505444,0.25868433461224133,0,0.22210724265275897,-0.20166400958323771,0
8.6175,0,0.33063643811844978,-0.75721494659596911,0,-0.37018256292295221,-0.33610246965441209,0
8.6175,1,0.20463617362055839,0.25817946714030965,0,0.2215920577503909,-0.20222996796208806,0
8.62,0,0.32970989825700892,-0.75805400635539044,0,-0.37104932622973436,-0.33514533788262763,0
8.62,1,0.20518950794603405,0.25767318637931169,0,0.22107540263014763,-0.20279464083628504,0
8.6225,0,0.32878119467757644,-0.7588906705991203,0,-0.37191353731626881,-0.33418605710128124,0
8.6225,1,0.20574154879992906,0.25716549554796053,0,0.22055728048586476,-0.20335802424462948,0
8.625,0,0.32785033376729722,-0.75972493396363405,0,-0.3727751909071188,-0.3332246345097577,0
8.625,1,0.20629229251868983,0.25665639787486255,0,0.22003769452274161,-0.20392011423377632,0
8.6275,0,0.32691732192647704,-0.76055679110342134,0,-0.37363428174903568,-0.33226107732005372,0
8.6275,1,0.20684173544678991,0.25614589659849751,0,0.21951664795732256,-0.20448090685827039,0
8.63,0,0.32598216556852699,-0.76138623669101724,0,-0.37449080461098638,-0.33129539275670061,0
8.63,1,0.20738987393675842,0.25563399496719896,0,0.21899414401747813,-0.20504039818058239,0
8.6325,0,0.32504487111990804,-0.76221326541703394,0,-0.3753447542841809,-0.33032758805668705,0
8.6325,1,0.20793670434920825,0.2551206962391343,0,0.21847018594238601,-0.20559858427114477,0
8.635,0,0.32410544502007521,-0.76303787199019157,0,-0.37619612558209919,-0.32935767046938186,0
8.635,1,0.20848222305286437,0.25460600368228486,0,0.21794477698251183,-0.20615546120838737,0
8.6375,0,0.32316389372142196,-0.76386005113734889,0,-0.37704491334051782,-0.32838564725645647,0
8.6375,1,0.20902642642459199,0.25408992057442592,0,0.21741792039958999,-0.20671102507877337,0
8.64,0,0.32222022368922437,-0.76467979760353422,0,-0.37789111241753642,-0.32741152569180776,0
8.64,1,0.20956931084942473,0.25357245020310643,0,0.21688961946660423,-0.20726527197683489,0
8.6425,0,0.32127444140158545,-0.76549710615197586,0,-0.37873471769360367,-0.32643531306148049,0
8.6425,1,0.2101108727205927,0.25305359586562887,0,0.21635987746776805,-0.20781819800520868,0
8.645,0,0.32032655334937904,-0.76631197156413222,0,-0.37957572407154311,-0.32545701666358989,0
8.645,1,0.21065110843955054,0.252533360869029,0,0.21582869769850516,-0.20836979927467178,0
8.6475,0,0.31937656603619391,-0.76712438863972199,0,-0.38041412647657852,-0.3244766438082442,0
8.6475,1,0.21119001441600546,0.25201174853005542,0,0.21529608346542956,-0.20892007190417708,0
8.65,0,0.31842448597827772,-0.7679343521967541,0,-0.3812499198563592,-0.32349420181746708,0
8.65,1,0.21172758706794514,0.25148876217514909,0,0.21476203808632577,-0.20946901202088888,0
8.6525,0,0.31747031970448103,-0.76874185707155729,0,-0.38208309918098476,-0.3225096980251202,0
8.6525,1,0.21226382282166573,0.25096440514042273,0,0.21422656489012873,-0.21001661576021835,0
8.655,0,0.316514073756201,-0.76954689811880972,0,-0.38291365944302957,-0.32152313977682545,0
8.655,1,0.21279871811179951,0.25043868077164011,0,0.21368966721690361,-0.21056287926585901,0
8.6575,0,0.31555575468732527,-0.77034947021156808,0,-0.38374159565756705,-0.32053453442988761,0
8.6575,1,0.21333226938134292,0.2499115924241955,0,0.21315134841782551,-0.21110779868982216,0
8.66,0,0.31459536906417557,-0.77114956824129699,0,-0.38456690286219358,-0.31954388935321648,0
8.66,1,0.21386447308168416,0.24938314346309262,0,0.21261161185515914,-0.21165137019247213,0
8.6625,0,0.31363292346545152,-0.77194718711789756,0,-0.38538957611705221,-0.31855121192724933,0
8.6625,1,0.21439532567263089,0.24885333726292383,0,0.21207046090223813,-0.21219358994256168,0
8.665,0,0.31266842448217413,-0.77274232176973645,0,-0.3862096105048558,-0.31755650954387327,0
8.665,1,0.214924823622438,0.24832217720784905,0,0.21152789894344443,-0.21273445411726727,0
8.6675,0,0.31170187871762944,-0.7735349671436742,0,-0.38702700113091015,-0.31655978960634745,0
8.6675,1,0.21545296340783504,0.24778966669157468,0,0.2109839293741875,-0.21327395890222414,0
8.67,0,0.31073329278731188,-0.77432511820509364,0,-0.38784174312313668,-0.31556105952922542,0
8.67,1,0.21597974151405389,0.24725580911733244,0,0.21043855560088334,-0.21381210049156166,0
8.6725,0,0.30976267331886786,-0.77511276993792799,0,-0.38865383163209477,-0.31456032673827738,0
8.6725,1,0.21650515443485616,0.24672060789785807,0,0.20989178104093351,-0.21434887508793826,0
8.675,0,0.308790026952039,-0.77589791734468883,0,-0.38946326183100388,-0.31355759867041239,0
8.675,1,0.21702919867256071,0.24618406645536994,0,0.20934360912270383,-0.21488427890257661,0
8.6775,0,0.30781536033860551,-0.77668055544649384,0,-0.3902700289157654,-0.3125528827736006,0
8.6775,1,0.21755187073807097,0.2456461882215476,0,0.20879404328550316,-0.21541830815529855,0
8.68,0,0.30683868014232957,-0.77746067928309437,0,-0.39107412810498404,-0.3115461865067955,0
8.68,1,0.2180731671509023,0.24510697663751027,0,0.2082430869795619,-0.21595095907456016,0
8.6825,0,0.30585999303889833,-0.77823828391290273,0,-0.39187555463998908,-0.31053751733985607,0
8.6825,1,0.21859308443920927,0.24456643515379523,0,0.20769074366601042,-0.21648222789748653,0
8.685,0,0.30487930571586724,-0.77901336441301938,0,-0.39267430378485513,-0.30952688275346901,0
8.685,1,0.21911161913981286,0.24402456723033597,0,0.20713701681685742,-0.21701211086990668,0
8.6875,0,0.30389662487260316,-0.77978591587926005,0,-0.39347037082642289,-0.30851429023907095,0
8.6875,1,0.21962876779822765,0.2434813763364406,0,0.20658190991496805,-0.21754060424638838,0
8.69,0,0.30291195722022723,-0.78055593342618235,0,-0.39426375107431921,-0.3074997472987705,0
8.69,1,0.22014452696868891,0.24293686595076977,0,0.20602542645404198,-0.21806770429027286,0
8.6925,0,0.3019253094815581,-0.78132341218711243,0,-0.39505443986097721,-0.30648326144527044,0
8.6925,1,0.2206588932141797,0.2423910395613148,0,0.2054675699385913,-0.21859340727370952,0
8.695,0,0.30093668839105481,-0.78208834731417121,0,-0.39584243254165585,-0.30546484020179004,0
8.695,1,0.22117186310645784,0.24184390066537556,0,0.2049083438839184,-0.21911770947769055,0
8.6975,0,0.29994610069475969,-0.78285073397830096,0,-0.39662772449445927,-0.3044444911019869,0
8.6975,1,0.22168343322608286,0.24129545276953834,0,0.20434775181609352,-0.21964060719208553,0
8.7,0,0.29895355315024119,-0.7836105673692908,0,-0.39741031112035602,-0.30342222168987937,0
8.7,1,0.22219360016244288,0.24074569938965365,0,0.20378579727193236,-0.22016209671567594,0
8.7025,0,0.29795905252653676,-0.78436784269580284,0,-0.3981901878431976,-0.30239803951976857,0
8.7025,1,0.22270236051378151,0.24019464405081381,0,0.20322248379897354,-0.22068217435618967,0
8.705,0,0.2969626056040956,-0.78512255518539775,0,-0.398967350109737,-0.30137195215616047,0
8.705,1,0.22320971088722455,0.23964229028733067,0,0.20265781495545576,-0.22120083643033542,0
8.7075,0,0.29596421917472138,-0.78587470008456006,0,-0.39974179338964683,-0.30034396717368811,0
8.7075,1,0.22371564789880674,0.23908864164271296,0,0.20209179431029514,-0.22171807926383702,0
8.71,0,0.2949639000415149,-0.78662427265872348,0,-0.40051351317553729,-0.29931409215703364,0
8.71,1,0.22422016817349844,0.23853370166964383,0,0.20152442544306215,-0.22223389919146774,0
8.7125,0,0.29396165501881677,-0.78737126819229586,0,-0.40128250498297358,-0.29828233470085064,0
8.7125,1,0.22472326834523221,0.23797747392995813,0,0.2009557119439585,-0.22274829255708459,0
8.715,0,0.29295749093214996,-0.78811568198868398,0,-0.40204876435049314,-0.29724870240968609,0
8.715,1,0.22522494505692939,0.2374199619946197,0,0.20038565741379402,-0.2232612557136624,0
8.7175,0,0.29195141461816232,-0.78885750937031851,0,-0.40281228683962267,-0.29621320289790259,0
8.7175,1,0.22572519496052659,0.23686116944369848,0,0.19981426546396325,-0.22377278502332806,0
8.72,0,0.29094343292456915,-0.78959674567867788,0,-0.40357306803489484,-0.29517584378960043,0
8.72,1,0.22622401471700207,0.23630109986634756,0,0.19924153971642206,-0.22428287685739451,0
8.7225,0,0.28993355271009569,-0.79033338627431304,0,-0.40433110354386442,-0.2941366327185399,0
8.7225,1,0.22672140099640217,0.23573975686078033,0,0.19866748380366395,-0.22479152759639473,0
8.725,0,0.28892178084441944,-0.79106742653687134,0,-0.40508638899712457,-0.29309557732806329,0
8.725,1,0.22721735047786762,0.23517714403424719,0,0.19809210136869648,-0.22529873363011577,0
8.7275,0,0.28790812420811263,-0.79179886186512016,0,-0.40583892004832245,-0.29205268527101713,0
8.7275,1,0.22771185984965975,0.23461326500301249,0,0.19751539606501731,-0.2258044913576325,0
8.73,0,0.28689258969258452,-0.79252768767697102,0,-0.40658869237417472,-0.29100796420967445,0
8.73,1,0.22820492580918675,0.23404812339233128,0,0.1969373715565903,-0.22630879718734154,0
8.7325,0,0.28587518420002372,-0.79325389940950264,0,-0.40733570167448269,-0.28996142181565693,0
8.7325,1,0.22869654506302975,0.23348172283642585,0,0.19635803151782141,-0.22681164753699498,0
8.735,0,0.28485591464334042,-0.79397749251898453,0,-0.40807994367214712,-0.28891306576985704,0
8.735,1,0.22918671432696894,0.23291406697846243,0,0.19577737963353453,-0.22731303883373405,0
8.7375,0,0.28383478794610878,-0.79469846248089981,0,-0.4088214141131829,-0.28786290376236034,0
8.7375,1,0.22967543032600954,0.23234515947052761,0,0.19519541959894712,-0.22781296751412278,0
8.74,0,0.28281181104250891,-0.79541680478996823,0,-0.40956010876673321,-0.2868109434923678,0
8.74,1,0.23016268979440779,0.23177500397360473,0,0.19461215511964572,-0.22831143002418156,0
8.7425,0,0.28178699087726916,-0.79613251496016879,0,-0.41029602342508353,-0.28575719266811789,0
8.7425,1,0.2306484894756968,0.23120360415755023,0,0.19402758991156141,-0.2288084228194206,0
8.745,0,0.28076033440560821,-0.7968455885247625,0,-0.41102915390367528,-0.28470165900680899,0
8.745,1,0.23113282612271244,0.23063096370106986,0,0.19344172770094509,-0.22930394236487345,0
8.7475,0,0.27973184859317723,-0.79755602103631418,0,-0.41175949604111928,-0.28364435023452172,0
8.7475,1,0.23161569649761904,0.23005708629169486,0,0.19285457222434271,-0.22979798513513031,0
8.75,0,0.27870154041600181,-0.79826380806671504,0,-0.41248704569920869,-0.28258527408614109,0
8.75,1,0.23209709737193518,0.22948197562575798,0,0.19226612722857023,-0.23029054761437134,0
8.7525,0,0.27766941686042412,-0.7989689452072043,0,-0.41321179876293185,-0.28152443830527901,0
8.7525,1,0.23257702552655926,0.2289056354083695,0,0.1916763964706886,-0.23078162629639989,0
8.755,0,0.27663548492304485,-0.79967142806839109,0,-0.41393375114048486,-0.28046185064419665,0
8.755,1,0.23305547775179508,0.22832806935339317,0,0.19108538371797859,-0.23127121768467573,0
8.7575,0,0.27559975161066513,-0.80037125228027595,0,-0.41465289876328371,-0.27939751886372671,0
8.7575,1,0.23353245084737745,0.22774928118342189,0,0.1904930927479154,-0.23175931829234805,0
8.76,0,0.27456222394022856,-0.80106841349227209,0,-0.41536923758597605,-0.27833145073319598,0
8.76,1,0.23400794162249752,0.22716927462975359,0,0.18989952734814325,-0.23224592464228858,0
8.7625,0,0.27352290893876302,-0.80176290737322653,0,-0.41608276358645302,-0.27726365403034775,0
8.7625,1,0.23448194689582827,0.22658805343236682,0,0.18930469131644986,-0.23273103326712452,0
8.765,0,0.27248181364332263,-0.80245472961144104,0,-0.41679347276586043,-0.27619413654126418,0
8.765,1,0.23495446349554977,0.22600562133989632,0,0.18870858846074073,-0.23321464070927148,0
8.7675,0,0.27143894510092953,-0.80314387591469294,0,-0.41750136114860981,-0.275122906060289,0
8.7675,1,0.23542548825937445,0.22542198210960854,0,0.18811122259901331,-0.2336967435209662,0
8.77,0,0.2703943103685158,-0.80383034201025572,0,-0.41820642478238917,-0.27404997038994988,0
8.77,1,0.23589501803457238,0.22483713950737697,0,0.18751259755933108,-0.23417733826429946,0
8.7725,0,0.2693479165128651,-0.80451412364491925,0,-0.41890865973817337,-0.27297533734088109,0
8.7725,1,0.23636304967799629,0.22425109730765752,0,0.18691271717979757,-0.23465642151124863,0
8.775,0,0.2682997706105546,-0.80519521658501003,0,-0.41960806211023433,-0.2718990147317461,0
8.775,1,0.23682958005610669,0.22366385929346383,0,0.18631158530853009,-0.23513398984371037,0
8.7775,0,0.2672498797478966,-0.80587361661641121,0,-0.42030462801615087,-0.27082101038916018,0
8.7775,1,0.23729460604499689,0.22307542925634227,0,0.18570920580363351,-0.23561003985353313,0
8.78,0,0.26619825102088041,-0.8065493195445822,0,-0.42099835359681825,-0.26974133214761314,0
8.78,1,0.23775812453041789,0.22248581099634718,0,0.1851055825331738,-0.23608456814254961,0
8.7825,0,0.26514489153511384,-0.80722232119457848,0,-0.4216892350164575,-0.26865998784939199,0
8.7825,1,0.23822013240780329,0.22189500832201572,0,0.18450071937515156,-0.23655757132260921,0
8.785,0,0.26408980840576496,-0.80789261741107088,0,-0.42237726846262436,-0.26757698534450369,0
8.785,1,0.23868062658229408,0.22130302505034294,0,0.18389462021747524,-0.23702904601561031,0
8.7875,0,0.26303300875750391,-0.80856020405836471,0,-0.42306245014621796,-0.26649233249059801,0
8.7875,1,0.23913960396876335,0.22070986500675652,0,0.1832872889579345,-0.23749898885353254,0
8.79,0,0.26197449972444425,-0.80922507702041901,0,-0.42374477630148932,-0.26540603715289024,0
8.79,1,0.23959706149184098,0.22011553202509151,0,0.1826787295041733,-0.23796739647846896,0
8.7925,0,0.26091428845008485,-0.80988723220086523,0,-0.42442424318604943,-0.26431810720408422,0
8.7925,1,0.24005299608593827,0.21952002994756512,0,0.18206894577366275,-0.23843426554265812,0
8.795,0,0.2598523820872512,-0.81054666552302568,0,-0.42510084708087698,-0.26322855052429517,0
8.795,1,0.24050740469527246,0.21892336262475115,0,0.18145794169367419,-0.23889959270851613,0
8.7975,0,0.25878878779803721,-0.81120337292993228,0,-0.42577458429032611,-0.26213737500097267,0
8.7975,1,0.24096028427389113,0.21832553391555468,0,0.1808457212012517,-0.23936337464866861,0
8.8,0,0.25772351275374666,-0.81185735038434448,0,-0.42644545114213345,-0.26104458852882362,0
8.8,1,0.24141163178569666,0.21772654768718636,0,0.18023228824318493,-0.23982560804598255,0
8.8025,0,0.25665656413483473,-0.81250859386876773,0,-0.42711344398742529,-0.25995019900973543,0
8.8025,1,0.24186144420447062,0.21712640781513687,0,0.17961764677598155,-0.24028628959359807,0
8.805,0,0.25558794913084953,-0.81315709938547076,0,-0.42777855920072422,-0.25885421435269901,0
8.805,1,0.2423097185138979,0.21652511818315118,0,0.17900180076583955,-0.24074541599496022,0
8.8075,0,0.25451767494037369,-0.81380286295650384,0,-0.42844079317995537,-0.25775664247373192,0
8.8075,1,0.24275645170759097,0.21592268268320267,0,0.1783847541886196,-0.24120298396385051,0
8.81,0,0.25344574877096571,-0.8144458806237157,0,-0.42910014234645283,-0.25665749129580162,0
8.81,1,0.24320164078911402,0.21531910521546732,0,0.17776651102981716,-0.24165899022441861,0
8.8125,0,0.25237217783910143,-0.81508614844877136,0,-0.42975660314496517,-0.25555676874874877,0
8.8125,1,0.24364528277200695,0.21471438968829779,0,0.17714707528453461,-0.24211343151121373,0
8.815,0,0.25129696937011564,-0.81572366251316886,0,-0.43041017204366128,-0.25445448276921051,0
8.815,1,0.24408737467980943,0.21410854001819724,0,0.17652645095745303,-0.24256630456921605,0
8.8175,0,0.25022013059814341,-0.816358418918256,0,-0.43106084553413543,-0.25335064130054374,0
8.8175,1,0.24452791354608475,0.21350156012979338,0,0.1759046420628041,-0.24301760615386805,0
8.82,0,0.24914166876606147,-0.81699041378524762,0,-0.43170862013141242,-0.25224525229274858,0
8.82,1,0.24496689641444369,0.21289345395581216,0,0.1752816526243417,-0.24346733303110576,0
8.8225,0,0.24806159112542978,-0.8176196432552415,0,-0.43235349237395215,-0.25113832370239197,0
8.8225,1,0.24540432033856827,0.21228422543705155,0,0.17465748667531358,-0.24391548197738991,0
8.825,0,0.24697990493643276,-0.81824610348923521,0,-0.4329954588236542,-0.25002986349253103,0
8.825,1,0.24584018238223546,0.21167387852235514,0,0.17403214825843272,-0.24436204977973697,0
8.8275,0,0.24589661746782088,-0.81886979066814169,0,-0.43363451606586179,-0.24891987963263679,0
8.8275,1,0.24627447961934082,0.21106241716858579,0,0.17340564142584869,-0.24480703323575026,0
8.83,0,0.24481173599685185,-0.81949070099280563,0,-0.43427066070936576,-0.24780838009851772,0
8.83,1,0.24670720913392202,0.21044984534059905,0,0.17277797023911889,-0.24525042915365078,0
8.8325,0,0.24372526780923215,-0.82010883068401907,0,-0.43490388938640828,-0.24669537287224355,0
8.8325,1,0.24713836802018241,0.2098361670112166,0,0.17214913876917964,-0.24569223435230805,0
8.835,0,0.24263722019905828,-0.820724175982537,0,-0.43553419875268584,-0.24558086594206899,0
8.835,1,0.24756795338251428,0.20922138616119962,0,0.1715191510963171,-0.2461324456612709,0
8.8375,0,0.24154760046875823,-0.8213367331490925,0,-0.43616158548735262,-0.24446486730235756,0
8.8375,1,0.24799596233552235,0.20860550677922204,0,0.17088801131013825,-0.24657105992079806,0
8.84,0,0.24045641592903275,-0.82194649846441237,0,-0.43678604629302309,-0.24334738495350552,0
8.84,1,0.24842239200404695,0.20798853286184368,0,0.17025572350954155,-0.24700807398188881,0
8.8425,0,0.23936367389879676,-0.82255346822923159,0,-0.43740757789577439,-0.24222842690186586,0
8.8425,1,0.24884723952318724,0.20737046841348344,0,0.16962229180268762,-0.2474434847063135,0
8.845,0,0.2382693817051206,-0.82315763876430847,0,-0.43802617704514873,-0.24110800115967224,0
8.845,1,0.24927050203832432,0.20675131744639225,0,0.16898772030696979,-0.24787728896664385,0
8.8475,0,0.23717354668317148,-0.82375900641043931,0,-0.43864184051415528,-0.2399861157449632,0
8.8475,1,0.24969217670514426,0.2061310839806261,0,0.16835201314898446,-0.24830948364628339,0
8.85,0,0.2360761761761547,-0.82435756752847245,0,-0.43925456509927163,-0.23886277868150632,0
8.85,1,0.25011226068966114,0.20550977204401888,0,0.16771517446450138,-0.2487400656394976,0
8.8525,0,0.23497727753525505,-0.82495331849932274,0,-0.43986434762044535,-0.23773799799872236,0
8.8525,1,0.25053075116823981,0.2048873856721552,0,0.1670772083984339,-0.24916903185144418,0
8.855,0,0.23387685811957812,-0.82554625572398566,0,-0.44047118492109516,-0.23661178173160971,0
8.855,1,0.25094764532761887,0.20426392890834313,0,0.16643811910480902,-0.24959637919820296,0
8.8575,0,0.23277492529609162,-0.82613637562355102,0,-0.44107507386811151,-0.23548413792066866,0
8.8575,1,0.25136294036493328,0.20363940580358686,0,0.16579791074673728,-0.25002210460680602,0
8.86,0,0.23167148643956664,-0.82672367463921659,0,-0.44167601135185736,-0.23435507461182595,0
8.86,1,0.25177663348773721,0.20301382041655927,0,0.16515658749638265,-0.25044620501526754,0
8.8625,0,0.2305665489325191,-0.82730814923230178,0,-0.44227399428616831,-0.23322459985635924,0
8.8625,1,0.25218872191402636,0.20238717681357443,0,0.16451415353493232,-0.25086867737261348,0
8.865,0,0.22946012016515094,-0.8278897958842607,0,-0.44286901960835284,-0.23209272171082171,0
8.865,1,0.25259920287226073,0.20175947906856004,0,0.16387061305256617,-0.25128951863891147,0
8.8675,0,0.22835220753529151,-0.82846861109669545,0,-0.44346108427919173,-0.23095944823696679,0
8.8675,1,0.253008073601387,0.20113073126302977,0,0.16322597024842639,-0.25170872578530035,0
8.87,0,0.22724281844833885,-0.82904459139136877,0,-0.44405018528293783,-0.22982478750167293,0
8.87,1,0.25341533135086075,0.20050093748605563,0,0.16258022933058686,-0.25212629579401963,0
8.8725,0,0.22613196031720104,-0.82961773331021693,0,-0.44463631962731509,-0.22868874757686838,0
8.8725,1,0.253820973380669,0.19987010183424006,0,0.1619333945160224,-0.25254222565843903,0
8.875,0,0.2250196405622375,-0.83018803341536229,0,-0.4452194843435176,-0.22755133653945617,0
8.875,1,0.25422499696135226,0.19923822841168815,0,0.16128547003057792,-0.25295651238308781,0
8.8775,0,0.22390586661120035,-0.83075548828912571,0,-0.44579967648620816,-0.22641256247123903,0
8.8775,1,0.25462739937402668,0.19860532132997968,0,0.16063646010893751,-0.2533691529836839,0
8.88,0,0.22279064589917569,-0.83132009453403832,0,-0.44637689313351675,-0.2252724334588446,0
8.88,1,0.25502817791040611,0.19797138470814113,0,0.15998636899459343,-0.25378014448716329,0
8.8825,0,0.22167398586852499,-0.83188184877285398,0,-0.44695113138703862,-0.22413095759365045,0
8.8825,1,0.25542732987282413,0.19733642267261753,0,0.15933520093981485,-0.25418948393170893,0
8.885,0,0.22055589396882641,-0.83244074764856069,0,-0.44752238837183228,-0.22298814297170946,0
8.885,1,0.25582485257425591,0.19670043935724441,0,0.15868296020561662,-0.2545971683667797,0
8.8875,0,0.21943637765681609,-0.83299678782439246,0,-0.44809066123641689,-0.22184399769367505,0
8.8875,1,0.25622074333834011,0.19606343890321951,0,0.15802965106172795,-0.25500319485313944,0
8.89,0,0.21831544439632961,-0.83354996598384046,0,-0.4486559471527698,-0.22069852986472668,0
8.89,1,0.25661499949940048,0.19542542545907449,0,0.1573752777865608,-0.25540756046288549,0
8.8925,0,0.21719310165824324,-0.83410027883066451,0,-0.44921824331632354,-0.21955174759449531,0
8.8925,1,0.25700761840246766,0.19478640318064652,0,0.15671984466717839,-0.25581026227947767,0
8.895,0,0.21606935692041537,-0.83464772308890389,0,-0.44977754694596261,-0.21840365899698899,0
8.895,1,0.25739859740330073,0.19414637623104997,0,0.15606335599926341,-0.25621129739776671,0
8.8975,0,0.21494421766762789,-0.83519229550288832,0,-0.45033385528402003,-0.21725427219051857,0
8.8975,1,0.25778793386840865,0.19350534878064773,0,0.15540581608708623,-0.25661066292402274,0
8.9,0,0.21381769139152754,-0.83573399283724847,0,-0.45088716559627373,-0.21610359529762349,0
8.9,1,0.25817562517507187,0.19286332500702275,0,0.15474722924347298,-0.25700835597596378,0
8.9025,0,0.21268978559056725,-0.8362728118769267,0,-0.45143747517194249,-0.2149516364449976,0
8.9025,1,0.25856166871136343,0.1922203090949493,0,0.15408759978977349,-0.25740437368278396,0
8.905,0,0.21156050776994773,-0.83680874942718719,0,-0.45198478132368169,-0.21379840376341511,0
8.905,1,0.25894606187617042,0.19157630523636435,0,0.15342693205582919,-0.25779871318518188,0
8.9075,0,0.21042986544155864,-0.83734180231362598,0,-0.4525290813875788,-0.21264390538765671,0
8.9075,1,0.25932880207921516,0.19093131763033863,0,0.15276523037994086,-0.25819137163538852,0
8.91,0,0.20929786612392023,-0.83787196738218106,0,-0.45307037272314876,-0.21148814945643565,0
8.91,1,0.25970988674107615,0.1902853504830479,0,0.15210249910883616,-0.25858234619719539,0
8.9125,0,0.20816451734212463,-0.83839924149914202,0,-0.45360865271332884,-0.21033114411232404,0
8.9125,1,0.26008931329320922,0.18963840800774392,0,0.15143874259763737,-0.25897163404598245,0
8.915,0,0.20702982662777739,-0.83892362155115952,0,-0.45414391876447346,-0.20917289750167908,0
8.915,1,0.26046707917796857,0.18899049442472551,0,0.15077396520982861,-0.25935923236874586,0
8.9175,0,0.20589380151893885,-0.83944510444525477,0,-0.45467616830634855,-0.20801341777456964,0
8.9175,1,0.26084318184862737,0.18834161396130941,0,0.15010817131722332,-0.25974513836412583,0
8.92,0,0.20475644956006575,-0.83996368710882885,0,-0.45520539879212585,-0.20685271308470263,0
8.92,1,0.26121761876939881,0.18769177085180122,0,0.14944136529993135,-0.26012934924243403,0
8.9225,0,0.20361777830195263,-0.84047936648967136,0,-0.45573160769837689,-0.20569079158934978,0
8.9225,1,0.26159038741545665,0.18704096933746608,0,0.14877355154632624,-0.26051186222568129,0
8.925,0,0.20247779530167331,-0.84099213955596963,0,-0.45625479252506673,-0.20452766144927426,0
8.925,1,0.26196148527295582,0.18638921366649946,0,0.14810473445301206,-0.26089267454760495,0
8.9275,0,0.20133650812252255,-0.84150200329631708,0,-0.45677495079554725,-0.20336333082865757,0
8.9275,1,0.26233090983905305,0.18573650809399783,0,0.1474349184247904,-0.26127178345369623,0
8.93,0,0.20019392433395741,-0.8420089547197217,0,-0.45729208005655053,-0.20219780789502645,0
8.93,1,0.26269865862192732,0.18508285688192919,0,0.14676410787462715,-0.26164918620122735,0
8.9325,0,0.19905005151153898,-0.84251299085561449,0,-0.45780617787818173,-0.20103110081917994,0
8.9325,1,0.26306472914080015,0.18442826429910356,0,0.14609230722361924,-0.26202488005927871,0
8.935,0,0.19790489723687388,-0.84301410875385741,0,-0.45831724185391176,-0.19986321777511645,0
8.935,1,0.26342911892595589,0.18377273462114349,0,0.14541952090096116,-0.26239886230876586,0
8.9375,0,0.19675846909755579,-0.8435123054847512,0,-0.4588252696005698,-0.19869416693996109,0
8.9375,1,0.26379182551876196,0.18311627213045445,0,0.14474575334391149,-0.26277113024246646,0
8.94,0,0.19561077468710716,-0.84400757813904348,0,-0.45933025875833544,-0.19752395649389295,0
8.94,1,0.26415284647168907,0.18245888111619507,0,0.14407100899775929,-0.2631416811650471,0
8.9425,0,0.19446182160492084,-0.84449992382793593,0,-0.45983220699073063,-0.19635259462007262,0
8.9425,1,0.26451217934833099,0.18180056587424739,0,0.14339529231579037,-0.26351051239308987,0
8.945,0,0.19331161745620168,-0.84498933968309176,0,-0.46033111198461141,-0.19518008950456972,0
8.945,1,0.26486982172342477,0.18114133070718713,0,0.14271860775925346,-0.2638776212551191,0
8.9475,0,0.1921601698519082,-0.8454758228566428,0,-0.46082697145015938,-0.19400644933629058,0
8.9475,1,0.2652257711828705,0.18048117992425369,0,0.14204095979732634,-0.26424300509162785,0
8.95,0,0.19100748640869442,-0.84595937052119674,0,-0.46131978312087285,-0.19283168230690598,0
8.95,1,0.26558002532375102,0.17982011784132026,0,0.14136235290708174,-0.26460666125510413,0
8.9525,0,0.18985357474885137,-0.84643997986984387,0,-0.46180954475355784,-0.19165579661077908,0
8.9525,1,0.26593258175435169,0.17915814878086381,0,0.14068279157345334,-0.26496858711005733,0
8.955,0,0.18869844250024903,-0.84691764811616344,0,-0.46229625412831882,-0.19047880044489349,0
8.955,1,0.26628343809418004,0.17849527707193494,0,0.14000228028920142,-0.26532878003304433,0
8.9575,0,0.18754209729627794,-0.84739237249423049,0,-0.46277990904854899,-0.18930070200878124,0
8.9575,1,0.26663259197398514,0.17783150705012776,0,0.1393208235548786,-0.26568723741269568,0
8.96,0,0.18638454677579111,-0.84786415025862205,0,-0.46326050734092084,-0.18812150950445114,0
8.96,1,0.26698004103577722,0.17716684305754971,0,0.13863842587879541,-0.2660439566497414,0
8.9625,0,0.18522579858304575,-0.84833297868442303,0,-0.46373804685537584,-0.18694123113631703,0
8.9625,1,0.26732578293284692,0.17650128944279123,0,0.13795509177698578,-0.26639893515703694,0
8.965,0,0.18406586036764513,-0.84879885506723229,0,-0.46421252546511432,-0.18575987511112627,0
8.965,1,0.26766981532978462,0.17583485056089546,0,0.1372708257731724,-0.26675217035958881,0
8.9675,0,0.18290473978448052,-0.8492617767231686,0,-0.464683941066585,-0.18457744963788836,0
8.9675,1,0.2680121359024995,0.17516753077332775,0,0.13658563239873198,-0.26710365969458039,0
8.97,0,0.18174244449367294,-0.84972174098887576,0,-0.46515229157947408,-0.18339396292780355,0
8.97,1,0.26835274233823875,0.17449933444794527,0,0.1358995161926605,-0.26745340061139727,0
8.9725,0,0.18057898216051524,-0.85017874522152825,0,-0.46561757494669442,-0.1822094231941917,0
8.9725,1,0.2686916323356065,0.17383026595896645,0,0.13521248170153824,-0.26780139057165281,0
8.975,0,0.1794143604554139,-0.85063278679883647,0,-0.46607978913437431,-0.18102383865242119,0
8.975,1,0.26902880360458281,0.17316032968694037,0,0.13452453347949475,-0.26814762704921341,0
8.9775,0,0.17824858705383112,-0.85108386311905182,0,-0.46653893213184588,-0.17983721751983797,0
8.9775,1,0.26936425386654239,0.17248953001871606,0,0.13383567608817382,-0.26849210753022362,0
8.98,0,0.17708166963622676,-0.85153197160097127,0,-0.46699500195163363,-0.1786495680156947,0
8.98,1,0.26969798085427349,0.17181787134741186,0,0.13314591409669818,-0.26883482951313137,0
8.9825,0,0.17591361588800042,-0.85197710968394225,0,-0.4674479966294422,-0.17746089836108009,0
8.9825,1,0.27002998231199643,0.17114535807238457,0,0.13245525208163428,-0.26917579050871282,0
8.985,0,0.17474443349943344,-0.85241927482786717,0,-0.46789791422414451,-0.17627121677884822,0
8.985,1,0.27036025599538216,0.17047199459919857,0,0.13176369462695681,-0.26951498804009733,0
8.9875,0,0.17357413016563106,-0.85285846451320768,0,-0.46834475281776916,-0.17508053149354816,0
8.9875,1,0.27068879967157089,0.16979778533959494,0,0.13107124632401324,-0.26985241964279211,0
8.99,0,0.17240271358646447,-0.85329467624098876,0,-0.46878851051548781,-0.17388885073135357,0
8.99,1,0.27101561111919026,0.16912273471146058,0,0.13037791177148825,-0.27018808286470697,0
8.9925,0,0.17123019146651311,-0.85372790753280292,0,-0.46922918544560244,-0.17269618271999251,0
8.9925,1,0.27134068812837381,0.16844684713879698,0,0.12968369557536802,-0.27052197526617872,0
8.995,0,0.17005657151500669,-0.85415815593081379,0,-0.46966677575953208,-0.17150253568867729,0
8.995,1,0.27166402850077914,0.16777012705168926,0,0.12898860234890447,-0.27085409441999569,0
8.9975,0,0.16888186144576753,-0.85458541899775964,0,-0.4701012796317996,-0.17030791786803456,0
8.9975,1,0.27198563004960602,0.16709257888627499,0,0.12829263671257937,-0.27118443791142199,0
9,0,0.16770606897715276,-0.85500969431695728,0,-0.47053269526001801,-0.16911233749003543,0
9,1,0.27230549059961434,0.16641420708471294,0,0.12759580329406836,-0.27151300333822165,0
9.0025,0,0.16652920183199665,-0.85543097949230473,0,-0.4709610208648769,-0.16791580278792578,0
9.0025,1,0.27262360798714219,0.16573501609515182,0,0.12689810672820492,-0.27183978831068284,0
9.005,0,0.1653512677375529,-0.85584927214828488,0,-0.47138625469012824,-0.16671832199615663,0
9.005,1,0.27293998006012365,0.16505501037169892,0,0.12619955165694419,-0.27216479045164166,0
9.0075,0,0.16417227442543703,-0.85626456992996802,0,-0.4718083950025721,-0.16551990335031472,0
9.0075,1,0.27325460467810647,0.16437419437438874,0,0.12550014272932675,-0.27248800739650608,0
9.01,0,0.16299222963156876,-0.85667687050301478,0,-0.47222744009204226,-0.16432055508705315,0
9.01,1,0.27356747971226991,0.16369257256915151,0,0.12479988460144227,-0.27280943679327962,0
9.0125,0,0.16181114109611447,-0.85708617155367861,0,-0.47264338827139152,-0.16312028544402221,0
9.0125,1,0.2738786030454422,0.16301014942778169,0,0.12409878193639309,-0.27312907630258498,0
9.015,0,0.16062901656342962,-0.85749247078880841,0,-0.47305623787647666,-0.16191910265980031,0
9.015,1,0.27418797257211802,0.16232692942790636,0,0.12339683940425768,-0.27344692359768757,0
9.0175,0,0.15944586378200135,-0.85789576593585049,0,-0.47346598726614347,-0.16071701497382498,0
9.0175,1,0.27449558619847592,0.16164291705295361,0,0.12269406168205402,-0.2737629763645188,0
9.02,0,0.1582616905043909,-0.85829605474285064,0,-0.4738726348222112,-0.15951403062632416,0
9.02,1,0.27480144184239563,0.16095811679212083,0,0.12199045345370295,-0.27407723230169939,0
9.0225,0,0.1570765044871763,-0.85869333497845635,0,-0.47427617894945701,-0.15831015785824751,0
9.0225,1,0.27510553743347527,0.16027253314034301,0,0.12128601940999134,-0.27438968912056255,0
9.025,0,0.15589031349089499,-0.85908760443191812,0,-0.47467661807560019,-0.15710540491119784,0
9.025,1,0.27540787091304841,0.15958617059826083,0,0.12058076424853521,-0.27470034454517694,0
9.0275,0,0.15470312527998639,-0.85947886091309134,0,-0.47507395065128605,-0.15589978002736274,0
9.0275,1,0.27570844023420127,0.15889903367218888,0,0.1198746926737428,-0.27500919631236964,0
9.03,0,0.15351494762273471,-0.85986710225243734,0,-0.47546817515006967,-0.1546932914494463,0
9.03,1,0.27600724336178944,0.15821112687408373,0,0.11916780939677744,-0.27531624217174888,0
9.0325,0,0.15232578829121163,-0.86025232630102488,0,-0.4758592900683995,-0.15348594742060098,0
9.0325,1,0.2763042782724548,0.15752245472151188,0,0.11846011913552049,-0.27562147988572672,0
9.035,0,0.15113565506121912,-0.86063453093053111,0,-0.47624729392560056,-0.15227775618435971,0
9.035,1,0.27659954295464234,0.15683302173761779,0,0.11775162661453402,-0.2759249072295416,0
9.0375,0,0.14994455571223231,-0.86101371403324223,0,-0.47663218526385753,-0.15106872598456789,0
9.0375,1,0.27689303540861676,0.15614283245109176,0,0.11704233656502357,-0.27622652199128078,0
9.04,0,0.14875249802734225,-0.86138987352205454,0,-0.47701396264819768,-0.14985886506531582,0
9.04,1,0.27718475364647904,0.15545189139613777,0,0.11633225372480069,-0.27652632197190263,0
9.0425,0,0.14755948979319891,-0.86176300733047473,0,-0.47739262466647342,-0.14864818167087104,0
9.0425,1,0.27747469569218286,0.15476020311244132,0,0.11562138283824547,-0.2768243049852589,0
9.045,0,0.14636553879995415,-0.86213311341262033,0,-0.47776816992934484,-0.14743668404561094,0
9.045,1,0.277762859581551,0.15406777214513709,0,0.11490972865626894,-0.27712046885811664,0
9.0475,0,0.14517065284120464,-0.86250018974321974,0,-0.47814059707026185,-0.14622438043395547,0
9.0475,1,0.2780492433622917,0.15337460304477671,0,0.11419729593627545,-0.27741481143018026,0
9.05,0,0.14397483971393502,-0.86286423431761261,0,-0.47850990474544619,-0.14501127908029998,0
9.05,1,0.27833384509401471,0.15268070036729633,0,0.11348408944212486,-0.27770733055411329,0
9.0525,0,0.14277810721846088,-0.86322524515174914,0,-0.47887609163387324,-0.14379738822894825,0
9.0525,1,0.27861666284824749,0.15198606867398423,0,0.11277011394409475,-0.27799802409556013,0
9.055,0,0.14158046315837197,-0.86358322028219037,0,-0.47923915643725362,-0.14258271612404558,0
9.055,1,0.27889769470845116,0.15129071253144832,0,0.11205537421884247,-0.27828688993316758,0
9.0575,0,0.14038191534047539,-0.86393815776610727,0,-0.47959909788001454,-0.14136727100951213,0
9.0575,1,0.27917693877003641,0.15059463651158361,0,0.11133987504936718,-0.27857392595860631,0
9.06,0,0.13918247157473879,-0.86429005568128037,0,-0.47995591470928095,-0.14015106112897627,0
9.06,1,0.27945439314037934,0.14989784519153962,0,0.11062362122497173,-0.27885913007659219,0
9.0625,0,0.13798213967423362,-0.86463891212609867,0,-0.48030960569485653,-0.13893409472570828,0
9.0625,1,0.2797300559388371,0.14920034315368774,0,0.10990661754122449,-0.2791425002049075,0
9.065,0,0.13678092745507853,-0.86498472521955905,0,-0.48066016962920433,-0.13771638004255393,0
9.065,1,0.28000392529676355,0.14850213498558859,0,0.10918886879992114,-0.27942403427442203,0
9.0675,0,0.13557884273638274,-0.86532749310126456,0,-0.48100760532742748,-0.13649792532186847,0
9.0675,1,0.28027599935752473,0.14780322527995918,0,0.10847037980904628,-0.27970373022911404,0
9.07,0,0.1343758933401894,-0.86566721393142365,0,-0.48135191162724938,-0.13527873880545055,0
9.07,1,0.28054627627651446,0.14710361863464017,0,0.10775115538273507,-0.27998158602609108,0
9.0725,0,0.13317208709141909,-0.86600388589084853,0,-0.48169308738899391,-0.13405882873447642,0
9.0725,1,0.28081475422116942,0.14640331965256304,0,0.10703120034123469,-0.28025759963561064,0
9.075,0,0.1319674318178134,-0.86633750718095337,0,-0.48203113149556526,-0.13283820334943428,0
9.075,1,0.28108143137098457,0.14570233294171714,0,0.10631051951086581,-0.28053176904110089,0
9.0775,0,0.1307619353498784,-0.86666807602375273,0,-0.48236604285242779,-0.13161687089005872,0
9.0775,1,0.28134630591752813,0.14500066311511678,0,0.10558911772398392,-0.2808040922391809,0
9.08,0,0.12955560552082837,-0.86699559066185938,0,-0.48269782038758535,-0.13039483959526527,0
9.08,1,0.2816093760644568,0.14429831479076821,0,0.10486699981894057,-0.28107456723968122,0
9.0825,0,0.12834845016652943,-0.86732004935848228,0,-0.48302646305156083,-0.12917211770308523,0
9.0825,1,0.28187064002753054,0.14359529259163653,0,0.10414417064004459,-0.28134319206566388,0
9.085,0,0.12714047712544327,-0.86764145039742435,0,-0.48335196981737505,-0.1279487134506006,0
9.085,1,0.28213009603462752,0.14289160114561264,0,0.10342063503752319,-0.28160996475344263,0
9.0875,0,0.1259316942385709,-0.86795979208307994,0,-0.48367433968052587,-0.1267246350738791,0
9.0875,1,0.28238774232575875,0.14218724508548009,0,0.10269639786748298,-0.28187488335260275,0
9.09,0,0.12472210934939654,-0.86827507274043214,0,-0.48399357165896673,-0.12549989080790938,0
9.09,1,0.28264357715308297,0.1414822290488818,0,0.10197146399187093,-0.28213794592602098,0
9.0925,0,0.12351173030383147,-0.86858729071505025,0,-0.48430966479308529,-0.12427448888653646,0
9.0925,1,0.28289759878092086,0.14077655767828692,0,0.10124583827843525,-0.28239915054988518,0
9.095,0,0.12230056495015801,-0.86889644437308644,0,-0.4846226181456818,-0.12304843754239718,0
9.095,1,0.28314980548576973,0.14007023562095741,0,0.10051952560068621,-0.28265849531371379,0
9.0975,0,0.12108862113897348,-0.86920253210127296,0,-0.48493243080194698,-0.12182174500685593,0
9.0975,1,0.2834001955563179,0.13936326752891481,0,0.099792530837856788,-0.28291597832037546,0
9.1,0,0.11987590672313425,-0.86950555230691895,0,-0.48523910186944025,-0.12059441950994046,0
9.1,1,0.28364876729345878,0.1386556580589067,0,0.099064858874863423,-0.28317159768610828,0
9.1025,0,0.11866242955769987,-0.86980550341790674,0,-0.48554263047806728,-0.11936646928027789,0
9.1025,1,0.28389551901030519,0.13794741187237339,0,0.0983365146022665,-0.28342535154053877,0
9.105,0,0.11744819749987721,-0.87010238388268835,0,-0.48584301578005762,-0.11813790254503084,0
9.105,1,0.28414044903220331,0.13723853363541433,0,0.097607502916230909,-0.28367723802670125,0
9.1075,0,0.11623321840896471,-0.87039619217028197,0,-0.48614025694994195,-0.11690872752983378,0
9.1075,1,0.28438355569674673,0.13652902801875463,0,0.096877828718486408,-0.28392725530105656,0
9.11,0,0.11501750014629662,-0.87068692677026771,0,-0.48643435318452943,-0.11567895245872942,0
9.11,1,0.28462483735379018,0.13581889969771144,0,0.096147496916288044,-0.28417540153351084,0
9.1125,0,0.11380105057518736,-0.87097458619278378,0,-0.48672530370288447,-0.11444858555410539,0
9.1125,1,0.28486429236546351,0.13510815335216025,0,0.095416512422376379,-0.28442167490743425,0
9.115,0,0.11258387756087587,-0.87125916896852218,0,-0.48701310774630363,-0.113217635036631,0
9.115,1,0.28510191910618515,0.13439679366650137,0,0.094684880154937701,-0.28466607361967955,0
9.1175,0,0.11136598897047013,-0.87154067364872445,0,-0.48729776457829216,-0.11198610912519416,0
9.1175,1,0.28533771596267576,0.13368482532962603,0,0.093952605037564169,-0.2849085958806003,0
9.12,0,0.11014739267289159,-0.87181909880517694,0,-0.48757927348454044,-0.11075401603683853,0
9.12,1,0.28557168133397176,0.13297225303488269,0,0.093219691999213872,-0.28514923991406926,0
9.1225,0,0.10892809653881978,-0.87209444303020633,0,-0.48785763377290015,-0.10952136398670072,0
9.1225,1,0.28580381363143847,0.13225908148004323,0,0.092486145974170819,-0.28538800395749658,0
9.125,0,0.10770810844063695,-0.87236670493667468,0,-0.48813284477336044,-0.10828816118794773,0
9.125,1,0.2860341112787837,0.13154531536726904,0,0.091751971902004847,-0.28562488626184768,0
9.1275,0,0.10648743625237272,-0.87263588315797425,0,-0.4884049058380236,-0.10705441585171457,0
9.1275,1,0.28626257271207062,0.13083095940307715,0,0.091017174727531486,-0.28585988509166116,0
9.13,0,0.10526608784964885,-0.87290197634802269,0,-0.48867381634108087,-0.10582013618704195,0
9.13,1,0.28648919637973097,0.13011601829830624,0,0.090281759400771711,-0.28609299872506649,0
9.1325,0,0.10404407110962401,-0.87316498318125746,0,-0.48893957567878782,-0.10458533040081419,0
9.1325,1,0.28671398074257809,0.12940049676808266,0,0.089545730876911686,-0.28632422545380165,0
9.135,0,0.10282139391093872,-0.87342490235263059,0,-0.48920218326943971,-0.10335000669769734,0
9.135,1,0.28693692427381956,0.12868439953178637,0,0.088809094116262366,-0.28655356358323059,0
9.1375,0,0.10159806413366024,-0.87368173257760284,0,-0.48946163855334657,-0.10211417328007734,0
9.1375,1,0.28715802545907015,0.12796773131301689,0,0.088071854084219109,-0.28678101143236062,0
9.14,0,0.10037408965922755,-0.87393547259213789,0,-0.48971794099280824,-0.10087783834799849,0
9.14,1,0.28737728279636443,0.12725049683955911,0,0.08733401575122117,-0.28700656733385943,0
9.1425,0,0.099149478370396421,-0.87418612115269678,0,-0.48997109007208905,-0.099641010099101937,0
9.1425,1,0.28759469479616934,0.12653270084334919,0,0.086595584092711106,-0.28723022963407235,0
9.145,0,0.097924238151184576,-0.87443367703623132,0,-0.49022108529739239,-0.098403696728564485,0
9.145,1,0.28781025998139659,0.12581434806044031,0,0.085856564089094201,-0.28745199669303917,0
9.1475,0,0.096698376886816789,-0.87467813904017833,0,-0.4904679261968351,-0.097165906429037399,0
9.1475,1,0.2880239768874151,0.12509544323096838,0,0.085116960725697716,-0.28767186688451091,0
9.15,0,0.095471902463670225,-0.87491950598245283,0,-0.49071161232042187,-0.095927647390585541,0
9.15,1,0.28823584406206315,0.12437599109911779,0,0.084376778992730189,-0.28788983859596662,0
9.1525,0,0.09424482276921968,-0.87515777670144179,0,-0.49095214324001912,-0.094688927800626529,0
9.1525,1,0.28844586006566064,0.12365599641308704,0,0.083636023885240551,-0.28810591022862969,0
9.155,0,0.093017145691982994,-0.87539295005599738,0,-0.49118951854932896,-0.093449755843870178,0
9.155,1,0.28865402347102104,0.1229354639250544,0,0.082894700403077282,-0.2883200801974844,0
9.1575,0,0.091788879121466507,-0.87562502492543004,0,-0.49142373786386284,-0.092210139702258026,0
9.1575,1,0.28886033286346346,0.12221439839114344,0,0.082152813550847414,-0.28853234693129204,0
9.16,0,0.090560030948110534,-0.87585400020950144,0,-0.49165480082091517,-0.090970087554903101,0
9.16,1,0.28906478684082437,0.12149280457138857,0,0.081410368337875558,-0.28874270887260722,0
9.1625,0,0.089330609063234964,-0.87607987482841765,0,-0.49188270707953669,-0.089729607578029766,0
9.1625,1,0.28926738401346941,0.12077068722970057,0,0.080667369778162801,-0.28895116447779362,0
9.165,0,0.088100621358984915,-0.87630264772282129,0,-0.49210745632050756,-0.088488707944913828,0
9.165,1,0.28946812300430502,0.12004805113383202,0,0.079923822890345553,-0.2891577122170399,0
9.1675,0,0.086870075728276389,-0.87652231785378476,0,-0.49232904824631052,-0.087247396825822734,0
9.1675,1,0.28966700244879001,0.11932490105534276,0,0.079179732697654368,-0.28936235057437548,0
9.17,0,0.085638980064742118,-0.87673888420280199,0,-0.49254748258110359,-0.086005682387956015,0
9.17,1,0.2898640209949469,0.11860124176956517,0,0.078435104227872643,-0.28956507804768605,0
9.1725,0,0.084407342262677376,-0.87695234577178116,0,-0.492762759070693,-0.084763572795385822,0
9.1725,1,0.29005917730337338,0.11787707805556966,0,0.077689942513295335,-0.28976589314872897,0
9.175,0,0.08317517021698588,-0.87716270158303666,0,-0.49297487748250551,-0.083521076208997722,0
9.175,1,0.29025247004725335,0.1171524146961298,0,0.076944252590687545,-0.2899647944031486,0
9.1775,0,0.081942471823125793,-0.87736995067928092,0,-0.49318383760556084,-0.082278200786431555,0
9.1775,1,0.29044389791236824,0.11642725647768776,0,0.07619803950124307,-0.29016178035049128,0
9.18,0,0.080709254977055792,-0.87757409212361648,0,-0.49338963925044382,-0.081034954682022556,0
9.18,1,0.29063345959710796,0.11570160819031937,0,0.075451308290542904,-0.2903568495442207,0
9.1825,0,0.079475527575181143,-0.87777512499952748,0,-0.49359228224927659,-0.079791346046742609,0
9.1825,1,0.2908211538124818,0.11497547462769943,0,0.074704064008513676,-0.2905500005517323,0
9.185,0,0.078241297514299937,-0.87797304841087109,0,-0.49379176645569028,-0.07854738302814171,0
9.185,1,0.29100697928212915,0.11424886058706681,0,0.073956311709386019,-0.29074123195436846,0
9.1875,0,0.077006572691549327,-0.87816786148186909,0,-0.4939880917447968,-0.077303073770289499,0
9.1875,1,0.29119093474233043,0.11352177086918955,0,0.073208056451652889,-0.29093054234743276,0
9.19,0,0.075771361004351875,-0.87835956335709908,0,-0.49418125801316037,-0.076058426413717128,0
9.19,1,0.29137301894201756,0.11279421027833,0,0.072459303298027827,-0.29111793034020456,0
9.1925,0,0.07453567035036196,-0.87854815320148538,0,-0.49437126517876895,-0.074813449095359141,0
9.1925,1,0.29155323064278432,0.11206618362220981,0,0.071710057315403197,-0.29130339455595322,0
9.195,0,0.073299508627412246,-0.87873363020029016,0,-0.49455811318100551,-0.073568149948495642,0
9.195,1,0.2917315686188971,0.11133769571197492,0,0.070960323574808276,-0.29148693363195249,0
9.1975,0,0.072062883733460217,-0.8789159935591041,0,-0.49474180198061896,-0.072322537102694581,0
9.1975,1,0.29190803165730483,0.11060875136216061,0,0.070210107151367385,-0.29166854621949428,0
9.2,0,0.070825803566534826,-0.87909524250383719,0,-0.49492233155969512,-0.071076618683754256,0
9.2,1,0.29208261855764939,0.10987935539065637,0,0.069459413124257921,-0.29184823098390272,0
9.2025,0,0.069588276024683177,-0.87927137628070895,0,-0.49509970192162767,-0.069830402813645914,0
9.2025,1,0.29225532813227556,0.1091495126186708,0,0.068708246576668339,-0.29202598660454776,0
9.205,0,0.068350309005917279,-0.8794443941562391,0,-0.49527391309108842,-0.068583897610456634,0
9.205,1,0.2924261592062411,0.10841922787069654,0,0.067956612595756097,-0.29220181177485893,0
9.2075,0,0.067111910408160919,-0.87961429541723757,0,-0.4954449651139981,-0.067337111188332299,0
9.2075,1,0.29259511061732657,0.10768850597447503,0,0.0672045162726055,-0.29237570520233869,0
9.21,0,0.065873088129196553,-0.87978107937079475,0,-0.49561285805749639,-0.066090051657420781,0
9.21,1,0.29276218121604508,0.10695735176096138,0,0.066451962702185563,-0.29254766560857581,0
9.2125,0,0.064633850066612292,-0.87994474534427125,0,-0.49577759200991228,-0.064842727123815308,0
9.2125,1,0.29292736986565193,0.10622577006428909,0,0.065698956983307771,-0.29271769172925854,0
9.215,0,0.063394204117748987,-0.88010529268528792,0,-0.49593916708073393,-0.063595145689497978,0
9.215,1,0.29309067544215428,0.10549376572173477,0,0.064945504218583763,-0.2928857823141876,0
9.2175,0,0.062154158179647347,-0.88026272076171519,0,-0.49609758340057863,-0.06234731545228351,0
9.2175,1,0.29325209683432046,0.10476134357368293,0,0.064191609514383074,-0.29305193612728908,0
9.22,0,0.060913720148995168,-0.88041702896166274,0,-0.49625284112116236,-0.061099244505763081,0
9.22,1,0.29341163294368944,0.10402850846359053,0,0.063437277980790685,-0.29321615194662731,0
9.2225,0,0.059672897922074628,-0.88056821669346896,0,-0.49640494041526945,-0.059850940939248441,0
9.2225,1,0.29356928268457988,0.10329526523795172,0,0.062682514731564623,-0.29337842856441732,0
9.225,0,0.058431699394709637,-0.88071628338569019,0,-0.49655388147672203,-0.058602412837716132,0
9.225,1,0.29372504498409946,0.10256161874626241,0,0.061927324884093499,-0.29353876478703739,0
9.2275,0,0.0571901324622133,-0.88086122848708948,0,-0.49669966452034914,-0.057353668281751917,0
9.2275,1,0.29387891878215378,0.10182757384098481,0,0.061171713559353934,-0.29369715943504132,0
9.23,0,0.055948205019335416,-0.88100305146662605,0,-0.49684228978195599,-0.0561047153474954,0
9.23,1,0.29403090303145529,0.10109313537751205,0,0.060415685881868013,-0.29385361134317062,0
9.2325,0,0.054705924960210102,-0.88114175181344367,0,-0.49698175751829288,-0.054855562106584793,0
9.2325,1,0.29418099669753223,0.10035830821413264,0,0.059659246979660657,-0.29400811936036658,0
9.235,0,0.053463300178303454,-0.88127732903685951,0,-0.49711806800702396,-0.053606216626101884,0
9.235,1,0.29432919875873709,0.099623097211994943,0,0.058902401984216944,-0.29416068234978215,0
9.2375,0,0.052220338566361303,-0.88140978266635284,0,-0.49725122154669604,-0.05235668696851719,0
9.2375,1,0.2944755082062554,0.098887507235071725,0,0.058145156030439384,-0.29431129918879362,0
9.24,0,0.050977048016357052,-0.88153911225155301,0,-0.49738121845670702,-0.051106981191635266,0
9.24,1,0.29461992404411419,0.098151543150124462,0,0.057387514256605168,-0.29445996876901226,0
9.2425,0,0.049733436419439572,-0.8816653173622282,0,-0.49750805907727447,-0.049857107348540236,0
9.2425,1,0.29476244528919038,0.097415209826667834,0,0.056629481804323353,-0.2946066899962958,0
9.245,0,0.048489511665881224,-0.88178839758827332,0,-0.49763174376940367,-0.048607073487541445,0
9.245,1,0.29490307097121887,0.096678512136934014,0,0.055871063818491995,-0.29475146179075978,0
9.2475,0,0.047245281645025901,-0.8819083525396979,0,-0.49775227291485591,-0.047356887652119359,0
9.2475,1,0.29504180013280107,0.095941454955837085,0,0.055112265447255268,-0.29489428308678856,0
9.25,0,0.046000754245237183,-0.88202518184661416,0,-0.49786964691611646,-0.04610655788087159,0
9.25,1,0.29517863182941256,0.095204043160937293,0,0.054353091841960514,-0.29503515283304654,0
9.2525,0,0.044755937353846587,-0.88213888515922456,0,-0.49798386619636237,-0.044856092207459147,0
9.2525,1,0.29531356512941143,0.094466281632405377,0,0.053593548157115235,-0.29517406999248885,0
9.255,0,0.043510838857101844,-0.88224946214780953,0,-0.49809493119943021,-0.043605498660552841,0
9.255,1,0.29544659911404575,0.093728175252986795,0,0.052833639550344098,-0.29531103354237215,0
9.2575,0,0.042265466640115323,-0.88235691250271497,0,-0.49820284238978374,-0.042354785263779872,0
9.2575,1,0.29557773287746159,0.092989728907966002,0,0.05207337118234584,-0.29544604247426526,0
9.26,0,0.041019828586812496,-0.88246123593433934,0,-0.49830760025248122,-0.041103960035670628,0
9.26,1,0.29570696552671061,0.092250947485130602,0,0.051312748216850161,-0.29557909579405961,0
9.2625,0,0.039773932579880468,-0.88256243217312091,0,-0.49840920529314281,-0.039853030989605638,0
9.2625,1,0.29583429618175738,0.091511835874735548,0,0.050551775820574567,-0.29571019252197939,0
9.265,0,0.038527786500716643,-0.88266050096952509,0,-0.4985076580379178,-0.038602006133762704,0
9.265,1,0.29595972397548709,0.09077239896946733,0,0.049790459163181186,-0.29583933169259174,0
9.2675,0,0.037281398229377434,-0.88275544209403112,0,-0.49860295903345164,-0.037350893471064246,0
9.2675,1,0.29608324805371261,0.090032641664408067,0,0.049028803417233521,-0.29596651235481691,0
9.27,0,0.036034775644527055,-0.88284725533711883,0,-0.49869510884685286,-0.036099700999124809,0
9.27,1,0.29620486757518183,0.089292568856999627,0,0.048266813758153185,-0.29609173357193791,0
9.2725,0,0.034787926623386416,-0.8829359405092555,0,-0.49878410806565993,-0.034848436710198764,0
9.2725,1,0.29632458171158477,0.088552185447007686,0,0.047504495364176579,-0.29621499442161031,0
9.275,0,0.033540859041682081,-0.88302149744088221,0,-0.49886995729780781,-0.033597108591128189,0
9.275,1,0.29644238964756037,0.087811496336485828,0,0.046741853416311555,-0.29633629399587175,0
9.2775,0,0.032293580773595329,-0.88310392598240028,0,-0.49895265717159465,-0.032345724623290911,0
9.2775,1,0.2965582905807036,0.087070506429739555,0,0.045978893098294019,-0.29645563140115139,0
9.28,0,0.031046099691711276,-0.88318322600415755,0,-0.49903220833564815,-0.031094292782548796,0
9.28,1,0.29667228372157217,0.086329220633290266,0,0.045215619596544507,-0.29657300575827911,0
9.2825,0,0.0297984236669681,-0.88325939739643478,0,-0.4991086114588919,-0.029842821039196145,0
9.2825,1,0.29678436829369303,0.085587643855839293,0,0.044452038100124727,-0.2966884162024947,0
9.285,0,0.028550560568606345,-0.88333244006943112,0,-0.49918186723051144,-0.028591317357908343,0
9.285,1,0.29689454353356903,0.084845781008231855,0,0.043688153800694067,-0.29680186188345681,0
9.2875,0,0.027302518264118305,-0.88340235395325062,0,-0.49925197635992052,-0.027339789697690648,0
9.2875,1,0.29700280869068546,0.084103637003420967,0,0.042923971892466051,-0.29691334196525165,0
9.29,0,0.026054304619197496,-0.88346913899788748,0,-0.49931893957672685,-0.026088246011827184,0
9.29,1,0.29710916302751628,0.083361216756431405,0,0.042159497572164785,-0.29702285562640179,0
9.2925,0,0.024805927497688215,-0.88353279517321204,0,-0.49938275763069795,-0.02483669424783012,0
9.2925,1,0.29721360581953021,0.082618525184323555,0,0.04139473603898134,-0.29713040205987462,0
9.295,0,0.023557394761535184,-0.88359332246895606,0,-0.49944343129172697,-0.023585142347389038,0
9.295,1,0.2973161363551971,0.081875567206157351,0,0.040629692494530141,-0.2972359804730908,0
9.2975,0,0.022308714270733276,-0.88365072089469821,0,-0.49950096134979816,-0.02233359824632046,0
9.2975,1,0.29741675393599376,0.081132347742956079,0,0.039864372142805284,-0.29733959008793232,0
9.3,0,0.02105989388327734,-0.88370499047984929,0,-0.49955534861495232,-0.02108206987451761,0
9.3,1,0.29751545787640993,0.080388871717670229,0,0.039098780190136836,-0.29744123014075075,0
9.3025,0,0.019810941455112085,-0.88375613127363728,0,-0.49960659391725226,-0.019830565155900318,0
9.3025,1,0.29761224750395404,0.079645144055141323,0,0.038332921845147118,-0.29754089988237503,0
9.305,0,0.018561864840082085,-0.88380414334509261,0,-0.49965469810674784,-0.018579092008365133,0
9.305,1,0.29770712215915884,0.078901169682065703,0,0.037566802318706925,-0.29763859857811936,0
9.3075,0,0.017312671889881847,-0.88384902678303279,0,-0.49969966205344124,-0.017327658343735619,0
9.3075,1,0.2978000811955871,0.078156953526958312,0,0.036800426823891751,-0.29773432550779072,0
9.31,0,0.016063370454005979,-0.88389078169604707,0,-0.49974148664725193,-0.016076272067712827,0
9.31,1,0.29789112397983686,0.077412500520116459,0,0.036033800575937962,-0.29782807996569638,0
9.3125,0,0.014813968379699437,-0.88392940821248145,0,-0.49978017279798154,-0.01482494107982598,0
9.3125,1,0.29798024989154703,0.07666781559358353,0,0.035266928792198934,-0.29791986126065123,0
9.315,0,0.013564473511907862,-0.88396490648042292,0,-0.49981572143527864,-0.013573673273383316,0
9.315,1,0.29806745832340242,0.075922903681112736,0,0.034499816692101191,-0.298009668715985,0
9.3175,0,0.01231489369322801,-0.88399727666768391,0,-0.49984813350860335,-0.012322476535423134,0
9.3175,1,0.29815274868113895,0.075177769718130824,0,0.033732469497100487,-0.29809750166954924,0
9.32,0,0.011065236763858266,-0.88402651896178652,0,-0.49987740998719205,-0.011071358746665028,0
9.32,1,0.29823612038354863,0.074432418641701734,0,0.032964892430637861,-0.29818335947372415,0
9.3225,0,0.0098155105615492493,-0.88405263356994668,0,-0.49990355186002161,-0.0098203277814613073,0
9.3225,1,0.29831757286248456,0.073686855390490302,0,0.032197090718095692,-0.29826724149542544,0
9.325,0,0.0085657229215545042,-0.88407562071905821,0,-0.49992656013577391,-0.008569391507748594,0
9.325,1,0.29839710556286564,0.072941084904725881,0,0.031429069586753698,-0.29834914711611077,0
9.3275,0,0.0073158816765812864,-0.88409548065567667,0,-0.49994643584280007,-0.0073185577869996285,0
9.3275,1,0.29847471794268127,0.072195112126166014,0,0.030660834265744934,-0.29842907573178629,0
9.33,0,0.0060659946567414302,-0.88411221364600312,0,-0.49996318002908441,-0.0060678344741752453,0
9.33,1,0.29855040947299594,0.071448941998060012,0,0.029892389986011736,-0.29850702675301277,0
9.3325,0,0.0048160696895023138,-0.88412581997586792,0,-0.49997679376220866,-0.0048172294176765463,0
9.3325,1,0.29862417963795379,0.070702579465112603,0,0.029123741980261665,-0.29858299960491191,0
9.335,0,0.0035661145996379083,-0.88413629995071419,0,-0.49998727812931576,-0.0035667504592972596,0
9.335,1,0.29869602793478278,0.069956029473447492,0,0.028354895482923421,-0.29865699372717219,0
9.3375,0,0.0023161372091799214,-0.88414365389558103,0,-0.49999463423707374,-0.0023164054341762871,0
9.3375,1,0.29876595387379906,0.06920929697057096,0,0.027585855730102728,-0.29872900857405471,0
9.34,0,0.00106614533736903,-0.88414788215508722,0,-0.49999886321163944,-0.0010662021707504414,0
9.34,1,0.29883395697841109,0.06846238690533539,0,0.026816627959538195,-0.2987990436143988,0
9.3425,0,-0.00018385319939379693,-0.884148985093414,0,-0.49999996619862203,0.00018385150929262962,0
9.3425,1,0.29890003678512372,0.067715304227902853,0,0.026047217410557166,-0.29886709833162772,0
9.345,0,-0.0014338505875958827,-0.88414696309428853,0,-0.49999794436304662,0.0014337477910613288,0
9.345,1,0.29896419284354198,0.066968053889708626,0,0.025277629324031541,-0.29893317222375393,0
9.3475,0,-0.002683839016661338,-0.88414181656096658,0,-0.49999279888931764,0.0026834788665068077,0
9.3475,1,0.29902642471637492,0.066220640843424702,0,0.024507868942333574,-0.29899726480338423,0
9.35,0,-0.0039338106789994628,-0.8841335459162154,0,-0.49998453098118217,0.003933036934469474,0
9.35,1,0.29908673197943947,0.065473070042923312,0,0.023737941509291659,-0.29905937559772494,0
9.3525,0,-0.0051837577700530567,-0.88412215160229646,0,-0.49997314186169317,0.005182414200725312,0
9.3525,1,0.29914511422166379,0.06472534644324042,0,0.02296785227014608,-0.29911950414858679,0
9.355,0,-0.0064336724883466388,-0.88410763408094806,0,-0.49995863277317248,0.0064316028780320124,0
9.355,1,0.29920157104509087,0.0639774750005392,0,0.022197606471504761,-0.29917765001238961,0
9.3575,0,-0.0076835470355345725,-0.88408999383336784,0,-0.49994100497717403,0.0076805951861749142,0
9.3575,1,0.2992561020648819,0.063229460672073509,0,0.021427209361298986,-0.29923381276016708,0
9.36,0,-0.008933373616449098,-0.88406923136019511,0,-0.49992025975444671,0.0089293833520127548,0
9.36,1,0.29930870690931943,0.062481308416151335,0,0.020656666188739105,-0.29928799197757111,0
9.3625,0,-0.010183144439148278,-0.88404534718149319,0,-0.49989639840489708,0.010177959609523234,0
9.3625,1,0.2993593852198107,0.061733023192098273,0,0.019885982204270219,-0.29934018726487616,0
9.365,0,-0.011432851714963841,-0.88401834183673145,0,-0.49986942224755232,0.011426316199848387,0
9.365,1,0.29940813665089044,0.060984609960220947,0,0.019115162659527851,-0.29939039823698332,0
9.3675,0,-0.012682487658548935,-0.8839882158847675,0,-0.49983933262052277,0.012674445371339767,0
9.3675,1,0.299454960870224,0.06023607368177044,0,0.018344212807293606,-0.29943862452342451,0
9.37,0,-0.013932044487925795,-0.88395496990382882,0,-0.49980613088096448,0.013922339379603445,0
9.37,1,0.29949985755860992,0.0594874193189057,0,0.017573137901450799,-0.29948486576836614,0
9.3725,0,-0.015181514424533303,-0.88391860449149484,0,-0.49976981840504181,0.015169990487544804,0
9.3725,1,0.29954282640998292,0.058738651834656978,0,0.016801943196940092,-0.2995291216306129,0
9.375,0,-0.016430889693274466,-0.88387912026467863,0,-0.49973039658788959,0.016417390965413167,0
9.375,1,0.29958386713141621,0.057989776192889197,0,0.01603063394971509,-0.29957139178361131,0
9.3775,0,-0.017680162522563797,-0.88383651785960826,0,-0.49968786684357569,0.017664533090846209,0
9.3775,1,0.29962297944312422,0.057240797358265365,0,0.01525921541669795,-0.29961167591545312,0
9.38,0,-0.018929325144374596,-0.88379079793180859,0,-0.49964223060506302,0.018911409148914204,0
9.38,1,0.29966016307846477,0.056491720296209948,0,0.01448769285573495,-0.29964997372887853,0
9.3825,0,-0.020178369794286138,-0.88374196115608228,0,-0.4995934893241718,0.020158011432164072,0
9.3825,1,0.29969541778394138,0.05574254997287225,0,0.013716071525552067,-0.2996862849412793,0
9.385,0,-0.021427288711530781,-0.88369000822649124,0,-0.49954164447154148,0.02140433224066322,0
9.385,1,0.29972874331920546,0.054993291355089777,0,0.012944356685710538,-0.29972060928470168,0
9.3875,0,-0.02267607413904095,-0.8836349398563379,0,-0.49948669753659275,0.02265036388204323,0
9.3875,1,0.29976013945705832,0.054243949410351586,0,0.012172553596562398,-0.29975294650584922,0
9.39,0,-0.023924718323496054,-0.88357675677814596,0,-0.49942865002748943,0.023896098671543322,0
9.39,1,0.299789605983453,0.053494529106761668,0,0.011400667519206022,-0.29978329636608542,0
9.3925,0,-0.025173213515369292,-0.88351545974364143,0,-0.49936750347110032,0.025141528932053649,0
9.3925,1,0.29981714269749632,0.052745035413002267,0,0.010628703715441647,-0.29981165864143616,0
9.395,0,-0.026421551968974367,-0.88345104952373366,0,-0.49930325941296072,0.026386646994158387,0
9.395,1,0.29984274941145028,0.051995473298297235,0,0.0098566674477268915,-0.29983803312259205,0
9.3975,0,-0.027669725942512113,-0.88338352690849575,0,-0.49923591941723428,0.027631445196178654,0
9.3975,1,0.29986642595073387,0.051245847732375359,0,0.0090845639791322617,-0.29986241961491061,0
9.4,0,-0.028917727698116999,-0.8833128927071453,0,-0.49916548506667446,0.028875915884215217,0
9.4,1,0.29988817215392438,0.0504961636854337,0,0.0083123985732966466,-0.29988481793841837,0
9.4025,0,-0.030165549501903574,-0.88323914774802481,0,-0.49909195796258593,0.03012005141219103,0
9.4025,1,0.29990798787275896,0.049746426128100908,0,0.0075401764943828151,-0.2999052279278126,0
9.405,0,-0.03141318362401279,-0.88316229287858217,0,-0.49901533972478612,0.031363844141893568,0
9.405,1,0.29992587297213574,0.048996640031400564,0,0.0067679030070328956,-0.29992364943246319,0
9.4075,0,-0.032660622338658234,-0.88308232896535099,0,-0.49893563199156638,0.032607286443016976,0
9.4075,1,0.29994182733011493,0.048246810366714465,0,0.0059955833763238554,-0.29994008231641406,0
9.41,0,-0.033907857924172259,-0.88299925689393066,0,-0.49885283641965333,0.033850370693204034,0
9.41,1,0.29995585083791998,0.047496942105745968,0,0.0052232228677229721,-0.29995452645838466,0
9.4125,0,-0.035154882663052035,-0.88291307756896653,0,-0.49876695468416998,0.035093089278087915,0
9.4125,1,0.29996794339993843,0.046747040220483274,0,0.0044508267470432994,-0.29996698175177128,0
9.415,0,-0.036401688842005495,-0.88282379191412974,0,-0.4986779884785969,0.036335434591333787,0
9.415,1,0.29997810493372273,0.04599710968316275,0,0.0036784002803991285,-0.2999774481046481,0
9.4175,0,-0.037648268751997158,-0.88273140087209723,0,-0.49858593951473312,0.03757739903468018,0
9.4175,1,0.29998633536999092,0.045247155466232231,0,0.0029059487341614458,-0.2999859254397681,0
9.42,0,-0.038894614688293895,-0.88263590540453141,0,-0.49849080952265723,0.038818975017980199,0
9.42,1,0.29999263465262727,0.044497182542314315,0,0.0021334773749133867,-0.29999241369456398,0
9.4225,0,-0.040140718950510579,-0.88253730649205986,0,-0.4983926002506881,0.04006015495924254,0
9.4225,1,0.29999700273868268,0.043747195884169671,0,0.001360991469405687,-0.29999691282114871,0
9.425,0,-0.041386573842655622,-0.88243560513425501,0,-0.49829131346534578,0.041300931284672306,0
9.425,1,0.29999943959837511,0.042997200464660337,0,0.00058849628451213096,-0.29999942278631608,0
9.4275,0,-0.042632171673176442,-0.88233080234961325,0,-0.49818695095131227,0.042541296428711642,0
9.4275,1,0.29999994521508971,0.042247201256713017,0,-0.00018400291281500105,-0.29999994357154103,0
9.43,0,-0.04387750475500482,-0.88222289917553476,0,-0.4980795145113921,0.043781242834080171,0
9.43,1,0.29999851958537921,0.041497203233282369,0,-0.00095650085558948673,-0.29999847517297978,0
9.4325,0,-0.045122565405602152,-0.88211189666830236,0,-0.49796900596647298,0.045020762951815271,0
9.4325,1,0.2999951627189637,0.040747211367314309,0,-0.0017289922768357158,-0.29999501760147007,0
9.435,0,-0.046367345947004604,-0.88199779590306093,0,-0.49785542715548642,0.046259849241312108,0
9.435,1,0.29998987463873061,0.039997230631709312,0,-0.0025014719096332454,-0.29998957088253086,0
9.4375,0,-0.047611838705868173,-0.88188059797379637,0,-0.49773877993536803,0.047498494170363545,0
9.4375,1,0.2999826553807346,0.039247265999285692,0,-0.0032739344871613534,-0.29998213505636212,0
9.44,0,-0.048856036013513654,-0.8817603039933144,0,-0.49761906618101803,0.048736690215199802,0
9.44,1,0.29997350499419723,0.038497322442742933,0,-0.004046374742743589,-0.29997271017784433,0
9.4425,0,-0.050099930205971505,-0.88163691509321973,0,-0.49749628778526167,0.049974429860527969,0
9.4425,1,0.29996242354150643,0.037747404934624952,0,-0.0048187874098923255,-0.29996129631653806,0
9.445,0,-0.051343513624026595,-0.8815104324238946,0,-0.49737044665880942,0.051211705599571319,0
9.445,1,0.2999494110982161,0.036997518447283426,0,-0.0055911672223533061,-0.29994789355668322,0
9.4475,0,-0.052586778613262879,-0.88138085715447745,0,-0.49724154473021709,0.052448509934108413,0
9.4475,1,0.2999344677530455,0.036247667952841074,0,-0.0063635089141501882,-0.29993250199719806,0
9.45,0,-0.053829717524107958,-0.88124819047284164,0,-0.4971095839458462,0.053684835374512047,0
9.45,1,0.29991759360787829,0.035497858423154977,0,-0.0071358072196290867,-0.29991512175167823,0
9.4525,0,-0.055072322711877543,-0.88111243358557378,0,-0.49697456626982389,0.054920674439787986,0
9.4525,1,0.29989878877776188,0.034748094829779884,0,-0.0079080568735031068,-0.2998957529483956,0
9.455,0,-0.056314586536819825,-0.88097358771795198,0,-0.49683649368400312,0.056156019657613521,0
9.455,1,0.2998780533909064,0.03399838214393152,0,-0.0086802526108968776,-0.29987439573029689,0
9.4575,0,-0.057556501364159733,-0.8808316541139245,0,-0.49669536818792254,0.057390863564375838,0
9.4575,1,0.29985538758868352,0.033248725336449896,0,-0.009452389167391077,-0.29985105025500225,0
9.46,0,-0.058798059564143093,-0.88068663403608749,0,-0.49655119179876644,0.058625198705210185,0
9.46,1,0.29983079152562547,0.032499129377762635,0,-0.010224461279066952,-0.29982571669480346,0
9.4625,0,-0.060039253512080705,-0.88053852876566341,0,-0.49640396655132468,0.059859017634037885,0
9.4625,1,0.29980426536942345,0.0317495992378483,0,-0.010996463682550832,-0.29979839523666235,0
9.465,0,-0.061280075588392303,-0.88038733960247884,0,-0.49625369449795231,0.061092312913604119,0
9.465,1,0.29977580930092645,0.03100013988619971,0,-0.011768391115058627,-0.29976908608220876,0
9.4675,0,-0.062520518178650411,-0.88023306786494249,0,-0.49610037770852961,0.062325077115515534,0
9.4675,1,0.29974542351413958,0.030250756291787275,0,-0.012540238314440339,-0.29973778944773832,0
9.47,0,-0.063760573673624102,-0.88007571489002279,0,-0.49594401827042156,0.063557302820277689,0
9.47,1,0.29971310821622249,0.02950145342302234,0,-0.013312000019224538,-0.29970450556421041,0
9.4725,0,-0.065000234469322682,-0.87991528203322578,0,-0.49578461828843756,0.064788982617332277,0
9.4725,1,0.29967886362748763,0.028752236247720518,0,-0.014083670968662846,-0.2996692346772456,0
9.475,0,-0.066239492967039224,-0.8797517706685728,0,-0.49562217988479107,0.066020109105094191,0
9.475,1,0.29964268998139831,0.028003109733065058,0,-0.014855245902774405,-0.29963197704712319,0
9.4775,0,-0.067478341573394038,-0.87958518218857773,0,-0.49545670519905904,0.067250674890988363,0
9.4775,1,0.29960458752456687,0.027254078845570181,0,-0.01562671956239034,-0.29959273294877842,0
9.48,0,-0.068716772700378043,-0.87941551800422468,0,-0.49528819638814164,0.068480672591486463,0
9.48,1,0.2995645565167524,0.026505148551044459,0,-0.016398086689198205,-0.29955150267179964,0
9.4825,0,-0.069954778765395992,-0.87924277954494512,0,-0.49511665562622137,0.069710094832143382,0
9.4825,1,0.29952259723085867,0.025756323814554179,0,-0.017169342025786415,-0.29950828652042538,0
9.485,0,-0.071192352191309677,-0.87906696825859543,0,-0.49494208510472276,0.07093893424763352,0
9.485,1,0.2994787099529318,0.02500760960038672,0,-0.017940480315688682,-0.299463084813541,0
9.4875,0,-0.07242948540648092,-0.87888808561143361,0,-0.49476448703227155,0.072167183481786926,0
9.4875,1,0.29943289498215792,0.024259010872013948,0,-0.018711496303428408,-0.29941589788467554,0
9.49,0,-0.073666170844814582,-0.87870613308809686,0,-0.49458386363465401,0.073394835187625199,0
9.49,1,0.29938515263086041,0.023510532592055607,0,-0.0194823847345631,-0.29936672608199816,0
9.4925,0,-0.074902400945801376,-0.87852111219157814,0,-0.49440021715477622,0.074621882027397252,0
9.4925,1,0.29933548322449754,0.022762179722242714,0,-0.020253140355728741,-0.29931556976831458,0
9.495,0,-0.07613816815456062,-0.87833302444320316,0,-0.49421354985262334,0.075848316672614838,0
9.495,1,0.29928388710165954,0.022013957223380991,0,-0.021023757914684173,-0.29926242932106328,0
9.4975,0,-0.07737346492188292,-0.87814187138260724,0,-0.49402386400521864,0.077074131804087967,0
9.4975,1,0.29923036461406571,0.021265870055314273,0,-0.021794232160355441,-0.29920730513231153,0
9.5,0,-0.078608283704272669,-0.87794765456771218,0,-0.49383116190658272,0.07829932011196003,0
9.5,1,0.29917491612656166,0.020517923176887946,0,-0.022564557842880126,-0.29915019760875133,0
9.5025,0,-0.079842616963990518,-0.87775037557470259,0,-0.49363544586769253,0.079523874295742841,0
9.5025,1,0.29911754201711599,0.019770121545912386,0,-0.023334729713651681,-0.29909110717169524,0
9.505,0,-0.081076457169095686,-0.87755003599800252,0,-0.49343671821644047,0.080747787064351442,0
9.505,1,0.29905824267681724,0.019022470119126427,0,-0.024104742525363727,-0.29903003425707186,0
9.5075,0,-0.082309796793488224,-0.87734663745025188,0,-0.49323498129759336,0.081971051136138701,0
9.5075,1,0.29899701850987048,0.018274973852160811,0,-0.024874591032054333,-0.29896697931542154,0
9.51,0,-0.083542628316951154,-0.87714018156228302,0,-0.49303023747275132,0.083193659238929768,0
9.51,1,0.298933869933594,0.017527637699501671,0,-0.025644269989150301,-0.29890194281189142,0
9.5125,0,-0.084774944225192481,-0.87693066998309677,0,-0.49282248912030685,0.084415604110056358,0
9.5125,1,0.29886879737841565,0.016780466614454016,0,-0.026413774153511402,-0.29883492522623079,0
9.515,0,-0.086006737009887119,-0.87671810437983866,0,-0.49261173863540353,0.085636878496390775,0
9.515,1,0.29880180128786943,0.016033465549105244,0,-0.027183098283474611,-0.29876592705278593,0
9.5175,0,-0.087237999168718744,-0.87650248643777517,0,-0.49239798842989502,0.086857475154379818,0
9.5175,1,0.29873288211859145,0.015286639454288643,0,-0.027952237138898318,-0.29869494880049519,0
9.52,0,-0.088468723205421498,-0.87628381786026965,0,-0.4921812409323037,0.088077386850078487,0
9.52,1,0.29866204034031629,0.01453999327954692,0,-0.028721185481206515,-0.2986219909928835,0
9.5225,0,-0.089698901629821609,-0.87606210036875809,0,-0.49196149858777954,0.089296606359183503,0
9.5225,1,0.29858927643587302,0.013793531973095744,0,-0.029489938073432968,-0.29854705416805699,0
9.525,0,-0.090928526957878911,-0.87583733570272526,0,-0.49173876385805881,0.090515126467066623,0
9.525,1,0.29851459090118088,0.013047260481787301,0,-0.030258489680265354,-0.29847013887869744,0
9.5275,0,-0.092157591711728257,-0.87560952561968042,0,-0.49151303922142281,0.091732939968807797,0
9.5275,1,0.29843798424524542,0.012301183751073858,0,-0.031026835068089394,-0.29839124569205655,0
9.53,0,-0.093386088419720861,-0.87537867189513285,0,-0.49128432717265641,0.092950039669228129,0
9.53,1,0.29835945699015404,0.01155530672497135,0,-0.031794969005032953,-0.29831037518994991,0
9.5325,0,-0.094614009616465447,-0.87514477632256771,0,-0.49105263022300688,0.094166418382922668,0
9.5325,1,0.29827900967107146,0.010809634346022973,0,-0.032562886261010116,-0.29822752796875107,0
9.535,0,-0.095841347842869379,-0.8749078407134212,0,-0.49081795090014235,0.095382068934293004,0
9.535,1,0.29819664283623548,0.010064171555262803,0,-0.033330581607765239,-0.29814270463938536,0
9.5375,0,-0.0970680956461797,-0.87466786689705633,0,-0.49058029174811035,0.096596984157579682,0
9.5375,1,0.2981123570469521,0.0093189232921794176,0,-0.034098049818916967,-0.2980559058273235,0
9.54,0,-0.098294245580023962,-0.87442485672073822,0,-0.49033965532729645,0.097811156896894416,0
9.54,1,0.29802615287759093,0.0085738944946795442,0,-0.034865285670002265,-0.29796713217257503,0
9.5425,0,-0.099519790204451064,-0.87417881204960923,0,-0.49009604421438269,0.099024580006252153,0
9.5425,1,0.2979380309155803,0.0078290900990517238,0,-0.035632283938520359,-0.29787638432968183,0
9.545,0,-0.10074472208597192,-0.87392973476666447,0,-0.48984946100230609,0.10023724634960295,0
9.545,1,0.2978479917614022,0.0070845150399299825,0,-0.036399039403976721,-0.29778366296771119,0
9.5475,0,-0.10196903379760007,-0.87367762677272642,0,-0.4895999083002171,0.10144914880086364,0
9.5475,1,0.2977560360285873,0.0063401742502575322,0,-0.037165546847926959,-0.29768896877024886,0
9.55,0,-0.10319271791889213,-0.87342248998642036,0,-0.48934738873343808,0.10266028024394935,0
9.55,1,0.29766216434370985,0.0055960726612504811,0,-0.037931801054020733,-0.29759230243539203,0
9.5525,0,-0.10441576703598821,-0.87316432634414942,0,-0.48909190494342153,0.10387063357280482,0
9.5525,1,0.29756637734638225,0.0048522152023615633,0,-0.038697796808045616,-0.29749366467574206,0
9.555,0,-0.10563817374165212,-0.87290313780006912,0,-0.48883345958770869,0.10508020169143552,0
9.555,1,0.29746867568924973,0.0041086068012438897,0,-0.039463528897970931,-0.29739305621839701,0
9.5575,0,-0.10685993063531161,-0.87263892632606244,0,-0.48857205533988762,0.10628897751393863,0
9.5575,1,0.2973690600379848,0.0033652523837147132,0,-0.040228992113991557,-0.29729047780494422,0
9.56,0,-0.10808103032309842,-0.87237169391171432,0,-0.48830769488955184,0.10749695396453383,0
9.56,1,0.29726753107128162,0.0026221568737192173,0,-0.040994181248571709,-0.29718593019145251,0
9.5625,0,-0.10930146541788818,-0.87210144256428668,0,-0.48804038094225838,0.10870412397759388,0
9.5625,1,0.29716408948085027,0.0018793251932943211,0,-0.041759091096488683,-0.29707941414846434,0
9.565,0,-0.11052122853934036,-0.87182817430869264,0,-0.48777011621948607,0.10991048049767502,0
9.565,1,0.29705873597141108,0.0011367622625325056,0,-0.04252371645487657,-0.29697093046098788,0
9.5675,0,-0.11174031231393797,-0.87155189118747112,0,-0.48749690345859403,0.11111601647954722,0
9.5675,1,0.29695147126068838,0.00039447299954565988,0,-0.04328805212326995,-0.2968604799284888,0
9.57,0,-0.11295870937502718,-0.8712725952607614,0,-0.4872207454127796,0.11232072488822428,0
9.57,1,0.29684229607940471,-0.0003475376795710537,0,-0.044052092903647533,-0.29674806336488202,0
9.5725,0,-0.11417641236285694,-0.87099028860627736,0,-0.48694164485103675,0.11352459869899365,0
9.5725,1,0.29673121117127454,-0.0010892648607753103,0,-0.044815833600475773,-0.29663368159852327,0
9.575,0,-0.11539341392461838,-0.87070497331928176,0,-0.48665960455811424,0.11472763089744611,0
9.575,1,0.29661821729299803,-0.001830703632113715,0,-0.045579269020752461,-0.29651733547220049,0
9.5775,0,-0.11660970671448412,-0.87041665151256054,0,-0.48637462733447379,0.11592981447950539,0
9.5775,1,0.29650331521425455,-0.0025718490837578719,0,-0.04634239397405028,-0.29639902584312505,0
9.58,0,-0.11782528339364752,-0.87012532531639686,0,-0.48608671599624814,0.11713114245145738,0
9.58,1,0.29638650571769626,-0.0033126963080404321,0,-0.047105203272560306,-0.29627875358292294,0
9.5825,0,-0.11904013663036182,-0.86983099687854504,0,-0.48579587337519936,0.1183316078299794,0
9.5825,1,0.29626778959894162,-0.0040532403994911178,0,-0.047867691731135489,-0.29615651957762568,0
9.585,0,-0.12025425909997917,-0.86953366836420487,0,-0.48550210231867696,0.11953120364216913,0
9.585,1,0.29614716766656851,-0.0047934764548727259,0,-0.048629854167334119,-0.29603232472766117,0
9.5875,0,-0.12146764348498948,-0.86923334195599522,0,-0.48520540568957587,0.12072992292557343,0
9.5875,1,0.29602464074210749,-0.0055333995732171079,0,-0.049391685401463201,-0.2959061699478443,0
9.59,0,-0.12268028247505931,-0.86893001985392804,0,-0.48490578636629461,0.12192775872821694,0
9.59,1,0.29590020966003489,-0.0062730048558611229,0,-0.050153180256621854,-0.29577805616736752,0
9.5925,0,-0.12389216876707054,-0.86862370427538194,0,-0.48460324724269338,0.12312470410863059,0
9.5925,1,0.29577387526776566,-0.0070122874064825714,0,-0.050914333558744612,-0.29564798432979128,0
9.595,0,-0.12510329506515896,-0.86831439745507633,0,-0.48429779122805217,0.12432075213587981,0
9.595,1,0.29564563842564645,-0.0077512423311361031,0,-0.051675140136644752,-0.29551595539303416,0
9.5975,0,-0.12631365408075282,-0.86800210164504443,0,-0.48398942124702871,0.12551589588959267,0
9.5975,1,0.2955155000069481,-0.0084898647382890997,0,-0.052435594822057521,-0.29538197032936292,0
9.6,0,-0.12752323853261113,-0.86768681911460743,0,-0.48367814023961664,0.12671012845998778,0
9.6,1,0.29538346089785844,-0.0092281497388575322,0,-0.05319569244968337,-0.29524603012538259,0
9.6025,0,-0.12873204114686204,-0.86736855215034758,0,-0.48336395116110348,0.12790344294790204,0
9.6025,1,0.29524952199747478,-0.0099660924462417928,0,-0.05395542785723112,-0.2951081357820261,0
9.605,0,-0.12994005465704095,-0.86704730305608169,0,-0.48304685698202865,0.12909583246481821,0
9.605,1,0.29511368421779643,-0.010703687976362505,0,-0.05471479588546109,-0.29496828831454402,0
9.6075,0,-0.13114727180412866,-0.86672307415283456,0,-0.48272686068814152,0.13028729013289228,0
9.6075,1,0.29497594848371683,-0.011440931447696302,0,-0.055473791378228214,-0.29482648875249395,0
9.61,0,-0.13235368533658928,-0.86639586777881217,0,-0.48240396528035939,0.13147780908498077,0
9.61,1,0.29483631573301589,-0.012177817981311581,0,-0.056232409182525069,-0.29468273813973,0
9.6125,0,-0.13355928801040814,-0.86606568628937508,0,-0.4820781737747255,0.13266738246466767,0
9.6125,1,0.29469478691635209,-0.012914342700904233,0,-0.056990644148524894,-0.29453703753439198,0
9.615,0,-0.13476407258912951,-0.86573253205701139,0,-0.48174948920236699,0.13385600342629134,0
9.615,1,0.29455136299725443,-0.01365050073283334,0,-0.05774849112962456,-0.29438938800889425,0
9.6175,0,-0.13596803184389428,-0.86539640747130986,0,-0.48141791460945299,0.13504366513497126,0
9.6175,1,0.29440604495211431,-0.014386287206156851,0,-0.058505944982487484,-0.2942397906499149,0
9.62,0,-0.13717115855347753,-0.8650573149389329,0,-0.4810834530571525,0.1362303607666345,0
9.62,1,0.29425883377017736,-0.015121697252667226,0,-0.059263000567086513,-0.29408824655838439,0
9.6225,0,-0.13837344550432595,-0.86471525688358952,0,-0.48074610762159237,0.13741608350804205,0
9.6225,1,0.29410973045353506,-0.015856726006927047,0,-0.060019652746746754,-0.29393475684947418,0
9.625,0,-0.13957488549059521,-0.86437023574600846,0,-0.48040588139381529,0.13860082655681502,0
9.625,1,0.29395873601711636,-0.016591368606304623,0,-0.06077589638818838,-0.29377932265258522,0
9.6275,0,-0.14077547131418716,-0.86402225398391064,0,-0.48006277747973786,0.13978458312146066,0
9.6275,1,0.29380585148867916,-0.017325620191009524,0,-0.061531726361569346,-0.29362194511133621,0
9.63,0,-0.14197519578478696,-0.86367131407198205,0,-0.47971679900010838,0.14096734642139819,0
9.63,1,0.29365107790880152,-0.018059475904128135,0,-0.062287137540528108,-0.29346262538355189,0
9.6325,0,-0.14317405171990016,-0.86331741850184662,0,-0.47936794909046493,0.14214910968698441,0
9.6325,1,0.29349441633087309,-0.018792930891659138,0,-0.063042124802226263,-0.29330136464125106,0
9.635,0,-0.14437203194488962,-0.8629605697820385,0,-0.47901623090109324,0.14332986615953922,0
9.635,1,0.29333586782108606,-0.019525980302548995,0,-0.063796683027391138,-0.29313816407063442,0
9.6375,0,-0.14556912929301222,-0.8626007704379749,0,-0.47866164759698482,0.14450960909137092,0
9.6375,1,0.29317543345842639,-0.020258619288727377,0,-0.06455080710035839,-0.29297302487207233,0
9.64,0,-0.14676533660545568,-0.86223802301192842,0,-0.47830420235779469,0.14568833174580137,0
9.64,1,0.29301311433466454,-0.020990843005142583,0,-0.06530449190911447,-0.29280594826009254,0
9.6425,0,-0.14796064673137518,-0.86187233006299968,0,-0.4779438983777996,0.14686602739719096,0
9.6425,1,0.29284891155434645,-0.021722646609796909,0,-0.066057732345339085,-0.29263693546336755,0
9.645,0,-0.14915505252792977,-0.8615036941670895,0,-0.47758073886585578,0.1480426893309634,0
9.645,1,0.2926828262347842,-0.022454025263781995,0,-0.066810523304447617,-0.29246598772470189,0
9.6475,0,-0.15034854686031879,-0.86113211791687128,0,-0.477214727045357,0.14921831084363035,0
9.6475,1,0.29251485950604661,-0.023184974131314148,0,-0.06756285968563347,-0.2922931063010194,0
9.65,0,-0.15154112260181823,-0.86075760392176326,0,-0.4768458661541925,0.15039288524281588,0
9.65,1,0.29234501251094969,-0.02391548837976961,0,-0.06831473639191038,-0.29211829246335025,0
9.6525,0,-0.15273277263381685,-0.86038015480790064,0,-0.47647415944470506,0.15156640584728079,0
9.6525,1,0.29217328640504708,-0.024645563179719821,0,-0.069066148330154689,-0.29194154749681778,0
9.655,0,-0.1539234898458523,-0.85999977321810783,0,-0.47609961018364882,0.15273886598694669,0
9.655,1,0.29199968235662044,-0.025375193704966624,0,-0.069817090411147517,-0.29176287270062534,0
9.6575,0,-0.15511326713564705,-0.85961646181187046,0,-0.47572222165214745,0.15391025900291999,0
9.6575,1,0.29182420154666949,-0.026104375132577459,0,-0.070567557549616911,-0.29158226938804277,0
9.66,0,-0.1563020974091443,-0.8592302232653074,0,-0.47534199714565195,0.1550805782475157,0
9.66,1,0.2916468451689021,-0.026833102642920503,0,-0.071317544664279989,-0.29139973888639309,0
9.6625,0,-0.15748997358054373,-0.85884106027114271,0,-0.47495893997389876,0.15624981708428098,0
9.6625,1,0.29146761442972441,-0.027561371419699793,0,-0.072067046677884924,-0.29121528253703854,0
9.665,0,-0.15867688857233719,-0.85844897553867738,0,-0.47457305346086776,0.15741796888801865,0
9.665,1,0.29128651054823046,-0.0282891766499903,0,-0.072816058517252966,-0.29102890169536705,0
9.6675,0,-0.1598628353153442,-0.85805397179376131,0,-0.47418434094474016,0.15858502704481048,0
9.6675,1,0.29110353475619222,-0.029016513524272983,0,-0.073564575113320388,-0.29084059773077808,0
9.67,0,-0.16104780674874744,-0.85765605177876525,0,-0.47379280577785671,0.15975098495204029,0
9.67,1,0.29091868829804907,-0.029743377236469793,0,-0.074312591401180322,-0.2906503720266686,0
9.6725,0,-0.16223179582012812,-0.85725521825255213,0,-0.47339845132667557,0.16091583601841691,0
9.6725,1,0.29073197243089743,-0.030469762983978653,0,-0.075060102320124639,-0.29045822598041887,0
9.675,0,-0.16341479548550111,-0.85685147399044914,0,-0.47300128097173039,0.16207957366399692,0
9.675,1,0.29054338842448019,-0.0311956659677084,0,-0.075807102813685676,-0.29026416100337799,0
9.6775,0,-0.16459679870935026,-0.85644482178421888,0,-0.47260129810758844,0.16324219132020734,0
9.6775,1,0.29035293756117597,-0.031921081392113686,0,-0.076553587829677958,-0.29006817852084954,0
9.68,0,-0.16577779846466326,-0.85603526444203126,0,-0.47219850614280851,0.16440368242986805,0
9.68,1,0.29016062113598856,-0.032646004465229847,0,-0.077299552320239856,-0.28987027997207676,0
9.6825,0,-0.16695778773296663,-0.85562280478843489,0,-0.47179290849989908,0.16556404044721409,0
9.6825,1,0.28996644045653591,-0.033370430398707726,0,-0.078044991241875195,-0.28967046681022779,0
9.685,0,-0.16813675950436061,-0.85520744566432849,0,-0.47138450861527637,0.16672325883791778,0
9.685,1,0.28977039684303918,-0.034094354407848484,0,-0.078789899555494744,-0.28946874050238086,0
9.6875,0,-0.16931470677755373,-0.8547891899269322,0,-0.47097330993922248,0.16788133107911066,0
9.6875,1,0.28957249162831172,-0.03481777171163835,0,-0.079534272226457745,-0.28926510252950904,0
9.69,0,-0.17049162255989755,-0.854368040449759,0,-0.47055931593584344,0.16903825065940536,0
9.69,1,0.28937272615774789,-0.035540677532783317,0,-0.080278104224613317,-0.28905955438646513,0
9.6925,0,-0.17166749986742114,-0.85394400012258609,0,-0.47014253008302737,0.17019401107891716,0
9.6925,1,0.28917110178931171,-0.036263067097743858,0,-0.081021390524341819,-0.28885209758196628,0
9.695,0,-0.17284233172486543,-0.85351707185142589,0,-0.46972295587240259,0.17134860584928549,0
9.695,1,0.28896761989352554,-0.036984935636769536,0,-0.081764126104596102,-0.28864273363857851,0
9.6975,0,-0.17401611116571755,-0.85308725855849721,0,-0.46930059680929581,0.17250202849369528,0
9.6975,1,0.28876228185345859,-0.037706278383933638,0,-0.082506305948942829,-0.2884314640927011,0
9.7,0,-0.17518883123224505,-0.85265456318219646,0,-0.46887545641269018,0.17365427254689805,0
9.7,1,0.28855508906471539,-0.0384270905771677,0,-0.083247925045603577,-0.28821829049455078,0
9.7025,0,-0.17636048497552989,-0.8522189886770688,0,-0.46844753821518365,0.17480533155523295,0
9.7025,1,0.28834604293542399,-0.03914736745829607,0,-0.083988978387495999,-0.28800321440814586,0
9.705,0,-0.17753106545550257,-0.85178053801377895,0,-0.46801684576294711,0.1759551990766475,0
9.705,1,0.28813514488622427,-0.039867104273070365,0,-0.084729460972274837,-0.28778623741129017,0
9.7075,0,-0.17870056574097584,-0.8513392141790822,0,-0.4675833826156825,0.1771038686807184,0
9.7075,1,0.28792239635025596,-0.040586296271203921,0,-0.085469367802372923,-0.28756736109555692,0
9.71,0,-0.17986897890967868,-0.85089502017579544,0,-0.46714715234658122,0.17825133394867188,0
9.71,1,0.28770779877314667,-0.041304938706406211,0,-0.086208693885042126,-0.28734658706627231,0
9.7125,0,-0.18103629804828975,-0.85044795902276782,0,-0.4667081585422822,0.17939758847340415,0
9.7125,1,0.28749135361299988,-0.042023026836417177,0,-0.086947434232394177,-0.28712391694249922,0
9.715,0,-0.18220251625247114,-0.84999803375485172,0,-0.46626640480283044,0.18054262585950157,0
9.715,1,0.28727306234038258,-0.042740555923041573,0,-0.087685583861441471,-0.28689935235702052,0
9.7175,0,-0.18336762662690173,-0.8495452474228733,0,-0.46582189474163499,0.18168643972326065,0
9.7175,1,0.28705292643831309,-0.043457521232183251,0,-0.088423137794137824,-0.28667289495632231,0
9.72,0,-0.18453162228531056,-0.84908960309360337,0,-0.46537463198542756,0.18282902369270795,0
9.72,1,0.28683094740224863,-0.044173918033879378,0,-0.089160091057419108,-0.2864445464005772,0
9.7225,0,-0.18569449635051011,-0.84863110384972795,0,-0.46492462017422065,0.18397037140761976,0
9.7225,1,0.28660712674007277,-0.04488974160233463,0,-0.089896438683243832,-0.28621430836362721,0
9.725,0,-0.18685624195442946,-0.84816975278981899,0,-0.46447186296126602,0.18511047651954168,0
9.725,1,0.28638146597208292,-0.045604987215955371,0,-0.090632175708633717,-0.28598218253296664,0
9.7275,0,-0.18801685223814732,-0.84770555302830475,0,-0.46401636401301311,0.18624933269180804,0
9.7275,1,0.28615396663097747,-0.046319650157383735,0,-0.091367297175714138,-0.28574817060972491,0
9.73,0,-0.18917632035192491,-0.84723850769544051,0,-0.46355812700906729,0.18738693359956105,0
9.73,1,0.28592463026184312,-0.047033725713531704,0,-0.092101798131754509,-0.28551227430864906,0
9.7325,0,-0.19033463945523893,-0.84676861993727881,0,-0.46309715564214848,0.18852327292976997,0
9.7325,1,0.28569345842214189,-0.047747209175615125,0,-0.092835673629208623,-0.28527449535808624,0
9.735,0,-0.19149180271681418,-0.84629589291564,0,-0.46263345361804953,0.18965834438125007,0
9.735,1,0.28546045268169817,-0.048460095839187693,0,-0.093568918725754888,-0.28503483549996617,0
9.7375,0,-0.19264780331465622,-0.84582032980808264,0,-0.46216702465559467,0.19079214166468125,0
9.7375,1,0.28522561462268559,-0.049172381004174877,0,-0.094301528484336553,-0.28479329648978319,0
9.74,0,-0.19380263443608398,-0.84534193380787348,0,-0.46169787248659799,0.19192465850262683,0
9.74,1,0.28498894583961365,-0.04988405997490783,0,-0.095033497973201791,-0.28454988009657839,0
9.7425,0,-0.19495628927776201,-0.8448607081239583,0,-0.46122600085582216,0.19305588862955189,0
9.7425,1,0.2847504479393147,-0.050595128060157202,0,-0.09576482226594378,-0.28430458810292158,0
9.745,0,-0.19610876104573297,-0.84437665598093159,0,-0.46075141352093685,0.19418582579184165,0
9.745,1,0.28451012254093033,-0.051305580573166969,0,-0.096495496441540637,-0.284057422304893,0
9.7475,0,-0.19726004295544974,-0.84388978061900699,0,-0.46027411425247722,0.19531446374781963,0
9.7475,1,0.28426797127589792,-0.052015412831688167,0,-0.09722551558439535,-0.28380838451206514,0
9.75,0,-0.19841012823180759,-0.84340008529398747,0,-0.45979410683380284,0.19644179626776556,0
9.75,1,0.28402399578793697,-0.052724620158012603,0,-0.097954874784375617,-0.28355747654748414,0
9.7525,0,-0.19955901010917618,-0.84290757327723531,0,-0.459311395061056,0.19756781713393337,0
9.7525,1,0.28377819773303542,-0.053433197879006522,0,-0.098683569136853597,-0.28330470024765131,0
9.755,0,-0.20070668183143139,-0.84241224785564217,0,-0.4588259827431207,0.19869252014056876,0
9.755,1,0.28353057877943594,-0.05414114132614422,0,-0.099411593742745594,-0.28305005746250439,0
9.7575,0,-0.20185313665198726,-0.84191411233159907,0,-0.45833787370158108,0.19981589909392683,0
9.7575,1,0.28328114060762183,-0.054848445835541597,0,-0.10013894370855168,-0.28279355005539863,0
9.76,0,-0.20299836783382758,-0.84141317002296634,0,-0.45784707177068029,0.20093794781228944,0
9.76,1,0.28302988491030312,-0.055555106747989705,0,-0.10086561414639524,-0.28253517990308791,0
9.7625,0,-0.20414236864953753,-0.84090942426304349,0,-0.45735358079727934,0.20205866012598248,0
9.7625,1,0.28277681339240257,-0.056261119408988196,0,-0.10159160017406241,-0.28227494889570554,0
9.765,0,-0.20528513238133514,-0.84040287840053929,0,-0.45685740464081576,0.20317802987739292,0
9.765,1,0.28252192777104118,-0.056966479168778762,0,-0.10231689691504152,-0.2820128589367451,0
9.7675,0,-0.20642665232110274,-0.83989353579954129,0,-0.45635854717326246,0.20429605092098577,0
9.7675,1,0.28226522977552415,-0.057671181382378492,0,-0.10304149949856235,-0.28174891194304102,0
9.77,0,-0.20756692177041819,-0.8393813998394859,0,-0.45585701227908665,0.20541271712332093,0
9.77,1,0.28200672114732639,-0.05837522140961323,0,-0.10376540305963543,-0.28148310984474917,0
9.7725,0,-0.20870593404058607,-0.83886647391512792,0,-0.45535280385520871,0.20652802236306975,0
9.7725,1,0.28174640364007797,-0.059078594615150824,0,-0.10448860273909115,-0.28121545458532698,0
9.775,0,-0.20984368245266879,-0.83834876143651027,0,-0.45484592581096112,0.20764196053103157,0
9.775,1,0.28148427901954959,-0.059781296368534374,0,-0.10521109368361889,-0.28094594812151408,0
9.7775,0,-0.21098016033751754,-0.83782826582893377,0,-0.45433638206804738,0.20875452553015009,0
9.7775,1,0.2812203490636378,-0.060483322044215408,0,-0.10593287104580601,-0.28067459242331205,0
9.78,0,-0.21211536103580322,-0.83730499053292662,0,-0.45382417656050111,0.20986571127552955,0
9.78,1,0.2809546155623503,-0.061184667021587001,0,-0.10665392998417678,-0.28040138947396465,0
9.7825,0,-0.21324927789804715,-0.83677893900421418,0,-0.45330931323464502,0.21097551169445075,0
9.7825,1,0.28068708031779105,-0.061885326685016881,0,-0.10737426566323122,-0.28012634126993757,0
9.785,0,-0.21438190428465176,-0.83625011471368815,0,-0.45279179604904995,0.21208392072638702,0
9.785,1,0.28041774514414514,-0.062585296423880429,0,-0.10809387325348392,-0.27984944982089821,0
9.7875,0,-0.21551323356593119,-0.83571852114737644,0,-0.45227162897449402,0.21319093232301992,0
9.7875,1,0.28014661186766393,-0.06328457163259367,0,-0.1088127479315027,-0.27957071714969528,0
9.79,0,-0.21664325912214172,-0.83518416180641231,0,-0.45174881599392186,0.21429654044825494,0
9.79,1,0.27987368232664961,-0.063983147710646213,0,-0.10953088487994722,-0.27929014529233825,0
9.7925,0,-0.21777197434351211,-0.8346470402070042,0,-0.45122336110240363,0.2154007390782369,0
9.7925,1,0.27959895837144016,-0.064681020062634112,0,-0.11024827928760757,-0.27900773629797676,0
9.795,0,-0.21889937263027398,-0.83410715988040474,0,-0.45069526830709433,0.21650352220136526,0
9.795,1,0.27932244186439387,-0.065378184098292685,0,-0.11096492634944265,-0.27872349222887982,0
9.7975,0,-0.22002544739269184,-0.83356452437288009,0,-0.4501645416271931,0.21760488381830942,0
9.7975,1,0.27904413467987377,-0.066074635232529308,0,-0.11168082126661859,-0.27843741516041493,0
9.8,0,-0.22115019205109321,-0.83301913724567966,0,-0.44963118509390243,0.21870481794202362,0
9.8,1,0.27876403870423233,-0.066770368885456108,0,-0.11239595924654704,-0.27814950718102704,0
9.8025,0,-0.22227360003589858,-0.83247100207500491,0,-0.44909520275038745,0.21980331859776189,0
9.8025,1,0.2784821558357955,-0.067465380482422663,0,-0.11311033550292336,-0.27785977039221743,0
9.805,0,-0.22339566478765124,-0.83192012245197888,0,-0.44855659865173553,0.22090037982309285,0
9.805,1,0.27819848798484714,-0.068159665454048585,0,-0.11382394525576481,-0.27756820690852246,0
9.8075,0,-0.22451637975704705,-0.83136650198261508,0,-0.44801537686491544,0.22199599566791425,0
9.8075,1,0.27791303707361315,-0.068853219236256105,0,-0.11453678373144849,-0.27727481885749211,0
9.81,0,-0.22563573840496412,-0.8308101442877871,0,-0.44747154146873702,0.22309016019446751,0
9.81,1,0.2776258050362454,-0.069546037270302563,0,-0.1152488461627494,-0.27697960837966862,0
9.8125,0,-0.22675373420249231,-0.83025105300319735,0,-0.44692509655381052,0.22418286747735194,0
9.8125,1,0.27733679381880588,-0.070238115002812851,0,-0.11596012778887826,-0.27668257762856463,0
9.815,0,-0.22787036063096272,-0.82968923177934628,0,-0.44637604622250626,0.22527411160353905,0
9.815,1,0.27704600537925039,-0.070929447885811861,0,-0.11667062385551934,-0.2763837287706416,0
9.8175,0,-0.22898561118197699,-0.82912468428150132,0,-0.4458243945889141,0.22636388667238655,0
9.8175,1,0.27675344168741239,-0.071620031376756779,0,-0.11738032961486812,-0.27608306398528792,0
9.82,0,-0.23009947935743663,-0.82855741418966622,0,-0.44527014577880314,0.22745218679565218,0
9.82,1,0.27645910472498675,-0.072309860938569379,0,-0.11808924032566899,-0.27578058546479672,0
9.8225,0,-0.23121195866957212,-0.82798742519854973,0,-0.44471330392958136,0.22853900609750766,0
9.8225,1,0.27616299648551312,-0.072998932039668299,0,-0.11879735125325272,-0.27547629541434404,0
9.825,0,-0.23232304264097192,-0.82741472101753466,0,-0.4441538731902554,0.2296243387145521,0
9.825,1,0.27586511897435961,-0.073687240154001188,0,-0.11950465766957395,-0.27517019605196635,0
9.8275,0,-0.23343272480461147,-0.82683930537064665,0,-0.44359185772139026,0.23070817879582567,0
9.8275,1,0.27556547420870608,-0.074374780761076814,0,-0.12021115485324853,-0.27486228960853826,0
9.83,0,-0.23454099870388204,-0.82626118199652332,0,-0.44302726169506912,0.23179052050282287,0
9.83,1,0.27526406421752753,-0.075061549345997181,0,-0.12091683808959082,-0.27455257832775004,0
9.8325,0,-0.23564785789261944,-0.82568035464838296,0,-0.44246008929485314,0.23287135800950573,0
9.8325,1,0.27496089104157723,-0.075747541399489471,0,-0.12162170267065088,-0.27424106446608509,0
9.835,0,-0.23675329593513267,-0.82509682709399323,0,-0.4418903447157414,0.23395068550231699,0
9.835,1,0.27465595673336984,-0.07643275241793808,0,-0.12232574389525155,-0.27392775029279703,0
9.8375,0,-0.23785730640623251,-0.82451060311564006,0,-0.4413180321641309,0.23502849718019289,0
9.8375,1,0.27434926335716447,-0.077117177903416434,0,-0.1230289570690255,-0.27361263808988706,0
9.84,0,-0.23895988289125988,-0.82392168651009656,0,-0.44074315585777635,0.23610478725457615,0
9.84,1,0.27404081298894761,-0.077800813363718899,0,-0.12373133750445213,-0.27329573015208086,0
9.8425,0,-0.24006101898611429,-0.82333008108859151,0,-0.4401657200257505,0.2371795499494285,0
9.8425,1,0.27373060771641594,-0.078483654312392501,0,-0.12443288052089442,-0.27297702878680552,0
9.845,0,-0.24116070829728198,-0.82273579067677816,0,-0.43958572890840392,0.23825277950124329,0
9.845,1,0.27341864963895901,-0.079165696268768709,0,-0.12513358144463568,-0.27265653631416642,0
9.8475,0,-0.24225894444186413,-0.82213881911470277,0,-0.4390031867573253,0.23932447015905792,0
9.8475,1,0.27310494086764209,-0.079846934757995078,0,-0.12583343560891619,-0.27233425506692388,0
9.85,0,-0.24335572104760492,-0.82153917025677337,0,-0.43841809783530161,0.24039461618446603,0
9.85,1,0.2727894835251885,-0.080527365311066815,0,-0.12653243835396977,-0.27201018739046973,0
9.8525,0,-0.24445103175291938,-0.82093684797172828,0,-0.43783046641627832,0.24146321185162972,0
9.8525,1,0.27247227974596222,-0.081206983464858412,0,-0.12723058502706031,-0.27168433564280364,0
9.855,0,-0.24554487020692137,-0.82033185614260462,0,-0.43724029678531967,0.24253025144729148,0
9.855,1,0.27215333167595024,-0.081885784762155051,0,-0.12792787098251807,-0.27135670219450969,0
9.8575,0,-0.24663723006945124,-0.81972419866670698,0,-0.43664759323856894,0.24359572927078613,0
9.8575,1,0.27183264147274488,-0.082563764751684102,0,-0.12862429158177605,-0.27102728942873239,0
9.86,0,-0.24772810501110346,-0.8191138794555759,0,-0.43605236008320886,0.24465963963405249,0
9.86,1,0.27151021130552588,-0.083240918988146465,0,-0.12931984219340611,-0.27069609974115283,0
9.8625,0,-0.24881748871325424,-0.81850090243495632,0,-0.43545460163742217,0.2457219768616451,0
9.8625,1,0.27118604335504271,-0.08391724303224786,0,-0.13001451819315518,-0.27036313553996472,0
9.865,0,-0.24990537486808895,-0.81788527154476587,0,-0.43485432223035181,0.2467827352907456,0
9.865,1,0.2708601398135963,-0.084592732450730124,0,-0.13070831496398119,-0.27002839924585026,0
9.8675,0,-0.25099175717862948,-0.8172669907390635,0,-0.43425152620206176,0.24784190927117414,0
9.8675,1,0.27053250288502123,-0.085267382816402379,0,-0.13140122789608902,-0.26969189329195581,0
9.87,0,-0.25207662935876141,-0.8166460639860178,0,-0.43364621790349744,0.24889949316540053,0
9.87,1,0.2702031347846674,-0.085941189708172161,0,-0.13209325238696634,-0.26935362012386765,0
9.8725,0,-0.25315998513326132,-0.8160224952678754,0,-0.43303840169644631,0.24995548134855544,0
9.8725,1,0.2698720377393819,-0.086614148711076477,0,-0.13278438384141936,-0.26901358219958749,0
9.875,0,-0.25424181823782377,-0.81539628858092916,0,-0.43242808195349869,0.25100986820844129,0
9.875,1,0.26953921398749059,-0.087286255416312852,0,-0.13347461767160843,-0.2686717819895077,0
9.8775,0,-0.25532212241908814,-0.81476744793548672,0,-0.43181526305800838,0.25206264814554308,0
9.8775,1,0.26920466577877972,-0.087957505421270218,0,-0.13416394929708361,-0.26832822197638695,0
9.88,0,-0.25640089143466571,-0.81413597735583854,0,-0.43119994940405354,0.25311381557303914,0
9.88,1,0.26886839537447732,-0.088627894329559864,0,-0.1348523741448201,-0.26798290465532509,0
9.8825,0,-0.25747811905316625,-0.81350188088022624,0,-0.4305821453963975,0.25416336491681174,0
9.8825,1,0.26853040504723474,-0.089297417751046188,0,-0.13553988764925362,-0.26763583253373846,0
9.885,0,-0.25855379905422482,-0.81286516256081087,0,-0.42996185545044963,0.25521129061545739,0
9.885,1,0.26819069708110777,-0.089966071301877532,0,-0.13622648525231568,-0.26728700813133477,0
9.8875,0,-0.25962792522852818,-0.81222582646364117,0,-0.42933908399222631,0.25625758712029739,0
9.8875,1,0.26784927377153805,-0.090633850604516814,0,-0.13691216240346865,-0.26693643398008787,0
9.89,0,-0.26070049137784135,-0.81158387666862153,0,-0.42871383545831199,0.25730224889538789,0
9.89,1,0.26750613742533402,-0.091300751287772194,0,-0.13759691455974096,-0.26658411262421272,0
9.8925,0,-0.26177149131503402,-0.81093931726948043,0,-0.42808611429582022,0.25834527041753003,0
9.8925,1,0.26716129036065217,-0.091966768986827638,0,-0.13828073718576198,-0.26623004662013983,0
9.895,0,-0.26284091886410677,-0.81029215237373819,0,-0.42745592496235468,0.25938664617627982,0
9.895,1,0.26681473490697771,-0.092631899343273427,0,-0.13896362575379687,-0.26587423853648984,0
9.8975,0,-0.26390876786021716,-0.80964238610267536,0,-0.42682327192597047,0.26042637067395813,0
9.8975,1,0.26646647340510576,-0.0932961380051366,0,-0.13964557574378145,-0.26551669095404795,0
9.9,0,-0.26497503214970602,-0.80899002259130082,0,-0.4261881596651354,0.26146443842566019,0
9.9,1,0.26611650820712185,-0.093959480626911326,0,-0.14032658264335676,-0.26515740646573832,0
9.9025,0,-0.2660397055901233,-0.80833506598831961,0,-0.42555059266869105,0.26250084395926537,0
9.9025,1,0.26576484167638276,-0.094621922869589245,0,-0.14100664194790372,-0.26479638767659819,0
9.905,0,-0.26710278205025395,-0.80767752045610119,0,-0.4249105754358144,0.26353558181544651,0
9.905,1,0.26541147618749716,-0.095283460400689676,0,-0.14168574916057752,-0.26443363720375196,0
9.9075,0,-0.26816425541014371,-0.80701739017064733,0,-0.42426811247597895,0.26456864654767936,0
9.9075,1,0.26505641412630604,-0.095944088894289847,0,-0.1423638997923421,-0.26406915767638517,0
9.91,0,-0.26922411956112485,-0.80635467932155991,0,-0.42362320830891642,0.26560003272225174,0
9.91,1,0.2646996578898631,-0.096603804031054979,0,-0.14304108936200435,-0.2637029517357185,0
9.9125,0,-0.27028236840584174,-0.80568939211200929,0,-0.42297586746457821,0.26662973491827274,0
9.9125,1,0.2643412098864153,-0.097262601498268347,0,-0.14371731339624833,-0.26333502203498138,0
9.915,0,-0.27133899585827631,-0.80502153275870181,0,-0.42232609448309683,0.26765774772768153,0
9.915,1,0.26398107253538289,-0.09792047698986131,0,-0.14439256742966924,-0.26296537123938585,0
9.9175,0,-0.27239399584377361,-0.80435110549184818,0,-0.42167389391474774,0.26868406575525633,0
9.9175,1,0.26361924826733979,-0.098577426206443164,0,-0.14506684700480754,-0.26259400202609989,0
9.92,0,-0.27344736229906691,-0.80367811455513083,0,-0.42101927031991093,0.26970868361862327,0
9.92,1,0.26325573952399356,-0.09923344485533106,0,-0.14574014767218274,-0.26222091708422113,0
9.9225,0,-0.27449908917230309,-0.80300256420567218,0,-0.42036222826903269,0.27073159594826479,0
9.9225,1,0.26289054875816542,-0.099888528650579775,0,-0.14641246499032717,-0.26184611911474998,0
9.925,0,-0.27554917042306759,-0.80232445871400249,0,-0.41970277234258752,0.27175279738752833,0
9.925,1,0.26252367843377022,-0.10054267331301142,0,-0.14708379452581966,-0.26146961083056303,0
9.9275,0,-0.27659760002240963,-0.80164380236402732,0,-0.41904090713103981,0.27277228259263464,0
9.9275,1,0.2621551310257963,-0.10119587457024511,0,-0.14775413185331907,-0.26109139495638617,0
9.93,0,-0.27764437195286695,-0.80096059945299569,0,-0.41837663723480606,0.27379004623268599,0
9.93,1,0.26178490902028517,-0.10184812815672654,0,-0.14842347255559782,-0.26071147422876756,0
9.9325,0,-0.27868948020849071,-0.80027485429146772,0,-0.41770996726421666,0.27480608298967452,0
9.9325,1,0.26141301491431118,-0.10249942981375756,0,-0.1490918122235752,-0.26032985139605064,0
9.935,0,-0.27973291879487033,-0.79958657120328247,0,-0.41704090183947801,0.27582038755849014,0
9.935,1,0.26103945121596128,-0.10314977528952556,0,-0.14975914645635063,-0.25994652921834699,0
9.9375,0,-0.28077468172915798,-0.79889575452552575,0,-0.4163694455906346,0.27683295464692853,0
9.9375,1,0.26066422044431431,-0.10379916033913288,0,-0.15042547086123684,-0.25956151046750903,0
9.94,0,-0.28181476304009317,-0.79820240860849745,0,-0.4156956031575314,0.27784377897569884,0
9.94,1,0.26028732512942054,-0.10444758072462614,0,-0.15109078105379287,-0.25917479792710257,0
9.9425,0,-0.2828531567680273,-0.79750653781567982,0,-0.41501937918977577,0.27885285527843157,0
9.9425,1,0.25990876781228101,-0.10509503221502549,0,-0.15175507265785701,-0.25878639439237944,0
9.945,0,-0.2838898569649479,-0.79680814652370469,0,-0.41434077834670013,0.27986017830168602,0
9.945,1,0.25952855104482669,-0.10574151058635378,0,-0.15241834130557969,-0.25839630267024999,0
9.9475,0,-0.28492485769450293,-0.7961072391223214,0,-0.41365980529732405,0.28086574280495785,0
9.9475,1,0.25914667738989788,-0.10638701162166567,0,-0.15308058263745616,-0.25800452557925524,0
9.95,0,-0.28595815303202499,-0.79540382001436438,0,-0.41297646472031679,0.28186954356068639,0
9.95,1,0.25876314942122314,-0.10703153111107666,0,-0.15374179230235918,-0.25761106594953925,0
9.9525,0,-0.28698973706455533,-0.79469789361572074,0,-0.41229076130395992,0.28287157535426188,0
9.9525,1,0.25837796972339822,-0.10767506485179211,0,-0.15440196595757144,-0.25721592662282122,0
9.955,0,-0.28801960389086789,-0.79398946435529782,0,-0.41160269974610969,0.28387183298403273,0
9.955,1,0.25799114089186526,-0.1083176086481361,0,-0.15506109926881803,-0.25681911045236755,0
9.9575,0,-0.28904774762149321,-0.79327853667499115,0,-0.41091228475415975,0.2848703112613124,0
9.9575,1,0.25760266553289135,-0.10895915831158026,0,-0.15571918791029876,-0.2564206203029637,0
9.96,0,-0.29007416237874217,-0.79256511502965155,0,-0.41021952104500392,0.28586700501038642,0
9.96,1,0.25721254626354756,-0.10959970966077258,0,-0.15637622756472036,-0.25602045905088605,0
9.9625,0,-0.29109884229672967,-0.79184920388705293,0,-0.40952441334499873,0.28686190906851911,0
9.9625,1,0.25682078571168748,-0.11023925852156603,0,-0.1570322139233285,-0.25561862958387371,0
9.965,0,-0.29212178152139834,-0.79113080772785982,0,-0.40882696638992649,0.28785501828596044,0
9.965,1,0.25642738651592589,-0.11087780072704725,0,-0.15768714268593986,-0.25521513480110009,0
9.9675,0,-0.29314297421054192,-0.79040993104559498,0,-0.40812718492495803,0.28884632752595246,0
9.9675,1,0.25603235132561725,-0.11151533211756506,0,-0.15834100956097399,-0.2548099776131445,0
9.97,0,-0.29416241453382891,-0.7896865783466066,0,-0.40742507370461573,0.28983583166473592,0
9.97,1,0.25563568280083415,-0.11215184854075895,0,-0.15899381026548501,-0.25440316094196358,0
9.9725,0,-0.29518009667282558,-0.78896075415003619,0,-0.40672063749273646,0.29082352559155655,0
9.9725,1,0.25523738361234583,-0.11278734585158748,0,-0.15964554052519336,-0.25399468772086259,0
9.975,0,-0.29619601482101954,-0.78823246298778593,0,-0.4060138810624348,0.29180940420867135,0
9.975,1,0.25483745644159617,-0.11342181991235664,0,-0.16029619607451728,-0.25358456089446685,0
9.9775,0,-0.29721016318384269,-0.78750170940448594,0,-0.40530480919606604,0.29279346243135485,0
9.9775,1,0.25443590398068228,-0.11405526659274809,0,-0.16094577265660431,-0.2531727834186927,0
9.98,0,-0.29822253597869425,-0.78676849795746184,0,-0.40459342668518949,0.29377569518790503,0
9.98,1,0.25403272893233231,-0.11468768176984735,0,-0.16159426602336255,-0.25275935826071877,0
9.9825,0,-0.29923312743496389,-0.78603283321670236,0,-0.40387973833053181,0.29475609741964942,0
9.9825,1,0.25362793400988376,-0.11531906132817195,0,-0.16224167193549194,-0.25234428839895673,0
9.985,0,-0.30024193179405451,-0.78529471976482657,0,-0.40316374894195017,0.29573466408095089,0
9.985,1,0.25322152193726127,-0.11594940115969943,0,-0.16288798616251535,-0.25192757682302241,0
9.9875,0,-0.30124894330940494,-0.78455416219705132,0,-0.40244546333839598,0.29671139013921333,0
9.9875,1,0.25281349544895459,-0.11657869716389534,0,-0.16353320448280956,-0.25150922653370639,0
9.99,0,-0.30225415624651281,-0.78381116512115867,0,-0.40172488634787812,0.29768627057488745,0
9.99,1,0.25240385728999654,-0.11720694524774115,0,-0.16417732268363619,-0.2510892405429449,0
9.9925,0,-0.30325756488295696,-0.7830657331574632,0,-0.40100202280742664,0.29865930038147614,0
9.9925,1,0.25199261021594055,-0.11783414132576207,0,-0.16482033656117245,-0.25066762187379027,0
9.995,0,-0.30425916350842008,-0.78231787093877947,0,-0.4002768775630563,0.29963047456554009,0
9.995,1,0.25157975699283841,-0.11846028132005479,0,-0.16546224192054185,-0.25024437356038148,0
9.9975,0,-0.30525894642471108,-0.78156758311038921,0,-0.39954945546973031,0.30059978814670302,0
9.9975,1,0.25116530039721791,-0.11908536116031516,0,-0.16610303457584463,-0.24981949864791467,0
10,0,-0.30625690794578742,-0.78081487433000873,0,-0.39881976139132413,0.3015672361576569,0
10,1,0.25074924321606035,-0.11970937678386583,0,-0.16674271035018837,-0.24939300019261337,0
10.0025,0,-0.30725304239777729,-0.78005974926775645,0,-0.39808780020058926,0.30253281364416729,0
10.0025,1,0.25033158824677798,-0.12033232413568372,0,-0.16738126507571821,-0.24896488126169888,0
10.005,0,-0.3082473441190019,-0.77930221260611987,0,-0.39735357677911715,0.30349651566507801,0
10.005,1,0.24991233829719128,-0.12095419916842755,0,-0.1680186945936471,-0.24853514493336029,0
10.0075,0,-0.30923980745999741,-0.77854226903992307,0,-0.39661709601730322,0.30445833729231653,0
10.0075,1,0.24949149618550637,-0.12157499784246516,0,-0.16865499475428591,-0.24810379429672463,0
10.01,0,-0.31023042678353691,-0.77777992327629408,0,-0.39587836281431082,0.30541827361089835,0
10.01,1,0.24906906474029217,-0.12219471612590084,0,-0.1692901614170734,-0.24767083245182686,0
10.0125,0,-0.31121919646465235,-0.77701518003463177,0,-0.39513738207803539,0.30637631971893214,0
10.0125,1,0.24864504680045757,-0.1228133499946026,0,-0.16992419045060614,-0.24723626250957967,0
10.015,0,-0.31220611089065625,-0.77624804404657355,0,-0.39439415872506872,0.30733247072762415,0
10.015,1,0.24821944521522848,-0.12343089543222925,0,-0.17055707773266823,-0.24680008759174341,0
10.0175,0,-0.31319116446116341,-0.77547852005596241,0,-0.39364869768066302,0.30828672176128286,0
10.0175,1,0.24779226284412481,-0.12404734843025755,0,-0.17118881915026099,-0.24636231083089574,0
10.02,0,-0.31417435158811263,-0.77470661281881414,0,-0.39290100387869542,0.30923906795732331,0
10.02,1,0.24736350255693745,-0.12466270498800917,0,-0.17181941059963243,-0.2459229353704013,0
10.0225,0,-0.31515566669578804,-0.77393232710328463,0,-0.39215108226163231,0.31018950446627158,0
10.0225,1,0.24693316723370504,-0.12527696111267766,0,-0.17244884798630675,-0.24548196436438122,0
10.025,0,-0.31613510422084068,-0.77315566768963706,0,-0.39139893778049384,0.31113802645176908,0
10.025,1,0.24650125976469076,-0.12589011281935525,0,-0.17307712722511362,-0.24503940097768256,0
10.0275,0,-0.31711265861230981,-0.77237663937020917,0,-0.39064457539481834,0.31208462909057655,0
10.0275,1,0.24606778305035909,-0.12650215613105967,0,-0.17370424424021733,-0.24459524838584781,0
10.03,0,-0.31808832433164413,-0.7715952469493802,0,-0.38988800007262708,0.3130293075725783,0
10.03,1,0.24563274000135238,-0.12711308707876084,0,-0.17433019496514593,-0.24414950977508407,0
10.0325,0,-0.31906209585272288,-0.77081149524353854,0,-0.38912921679038887,0.31397205710078602,0
10.0325,1,0.24519613353846742,-0.12772290170140749,0,-0.17495497534282017,-0.24370218834223226,0
10.035,0,-0.32003396766187708,-0.77002538908104834,0,-0.3883682305329848,0.31491287289134284,0
10.035,1,0.24475796659263191,-0.12833159604595371,0,-0.17557858132558232,-0.24325328729473633,0
10.0375,0,-0.32100393425791041,-0.76923693330221721,0,-0.38760504629367321,0.31585175017352707,0
10.0375,1,0.2443182421048809,-0.12893916616738538,0,-0.17620100887522491,-0.24280280985061226,0
10.04,0,-0.32197199015212008,-0.7684461327592631,0,-0.38683966907405437,0.31678868418975575,0
10.04,1,0.2438769630263331,-0.12954560812874666,0,-0.17682225396301937,-0.24235075923841695,0
10.0425,0,-0.32293812986831771,-0.76765299231628137,0,-0.38607210388403568,0.31772367019558845,0
10.0425,1,0.24343413231816716,-0.13015091800116621,0,-0.17744231256974446,-0.24189713869721727,0
10.045,0,-0.32390234794285,-0.76685751684921222,0,-0.38530235574179655,0.31865670345973068,0
10.045,1,0.24298975295159783,-0.13075509186388343,0,-0.17806118068571475,-0.24144195147655867,0
10.0475,0,-0.32486463892461942,-0.76605971124580752,0,-0.38453042967375362,0.31958777926403742,0
10.0475,1,0.24254382790785217,-0.13135812580427467,0,-0.17867885431080877,-0.24098520083643402,0
10.05,0,-0.32582499737510479,-0.76525958040559805,0,-0.38375633071452586,0.32051689290351632,0
10.05,1,0.24209636017814554,-0.13196001591787929,0,-0.17929532945449725,-0.24052689004725222,0
10.0525,0,-0.32678341786838155,-0.76445712923986076,0,-0.38298006390689993,0.32144403968633101,0
10.0525,1,0.24164735276365756,-0.13256075830842562,0,-0.17991060213587107,-0.24006702238980676,0
10.055,0,-0.32773989499114242,-0.76365236267158554,0,-0.38220163430179543,0.32236921493380433,0
10.055,1,0.24119680867550813,-0.13316034908785693,0,-0.18052466838366921,-0.23960560115524415,0
10.0575,0,-0.32869442334271748,-0.76284528563544274,0,-0.38142104695823043,0.32329241398042124,0
10.0575,1,0.24074473093473317,-0.13375878437635727,0,-0.18113752423630655,-0.23914262964503238,0
10.06,0,-0.32964699753509435,-0.76203590307774993,0,-0.38063830694328687,0.32421363217383198,0
10.06,1,0.2402911225722604,-0.13435606030237723,0,-0.18174916574190153,-0.23867811117092927,0
10.0625,0,-0.33059761219293854,-0.76122421995643907,0,-0.37985341933207617,0.32513286487485482,0
10.0625,1,0.23983598662888514,-0.13495217300265958,0,-0.18235958895830368,-0.23821204905495061,0
10.065,0,-0.33154626195361325,-0.76041024124102363,0,-0.37906638920770475,0.32605010745747898,0
10.065,1,0.23937932615524585,-0.13554711862226493,0,-0.18296878995312107,-0.23774444662933839,0
10.0675,0,-0.33249294146719943,-0.75959397191256572,0,-0.37827722166123995,0.32696535530886728,0
10.0675,1,0.23892114421179977,-0.13614089331459725,0,-0.18357676480374766,-0.2372753072365289,0
10.07,0,-0.3334376453965156,-0.75877541696364292,0,-0.37748592179167562,0.32787860382935879,0
10.07,1,0.23846144386879836,-0.1367334932414293,0,-0.18418350959739041,-0.23680463422912074,0
10.0725,0,-0.33438036841713759,-0.75795458139831562,0,-0.37669249470589811,0.3287898484324715,0
10.0725,1,0.23800022820626276,-0.137324914572928,0,-0.18478902043109646,-0.23633243096984274,0
10.075,0,-0.33532110521741826,-0.75713147023209393,0,-0.37589694551865216,0.32969908454490454,0
10.075,1,0.23753750031395918,-0.13791515348767971,0,-0.18539329341178001,-0.23585870083152183,0
10.0775,0,-0.33625985049850721,-0.75630608849190462,0,-0.37509927935250686,0.33060630760654081,0
10.0775,1,0.23707326329137415,-0.13850420617271544,0,-0.18599632465624924,-0.23538344719705082,0
10.08,0,-0.3371965989743701,-0.75547844121605834,0,-0.37429950133782186,0.33151151307044913,0
10.08,1,0.2366075202476898,-0.13909206882353595,0,-0.18659811029123291,-0.23490667345935612,0
10.0825,0,-0.33813134537180828,-0.75464853345421667,0,-0.37349761661271341,0.33241469640288651,0
10.0825,1,0.23614027430175899,-0.13967873764413685,0,-0.18719864645340706,-0.2344283830213654,0
10.085,0,-0.33906408443047792,-0.75381637026735893,0,-0.37269363032302066,0.33331585308330036,0
10.085,1,0.23567152858208046,-0.14026420884703353,0,-0.18779792928942143,-0.23394857929597512,0
10.0875,0,-0.33999481090290956,-0.75298195672774937,0,-0.37188754762227194,0.33421497860433047,0
10.0875,1,0.23520128622677378,-0.14084847865328601,0,-0.18839595495592584,-0.23346726570601808,0
10.09,0,-0.34092351955452699,-0.75214529791890417,0,-0.37107937367165122,0.33511206847181096,0
10.09,1,0.23472955038355436,-0.14143154329252383,0,-0.18899271961959643,-0.23298444568423082,0
10.0925,0,-0.34185020516366649,-0.75130639893555839,0,-0.37026911363996445,0.33600711820477219,0
10.0925,1,0.23425632420970841,-0.14201339900297064,0,-0.18958821945716173,-0.23250012267322093,0
10.095,0,-0.34277486252159595,-0.75046526488363308,0,-0.36945677270360627,0.33690012333544267,0
10.095,1,0.23378161087206767,-0.14259404203146894,0,-0.19018245065542871,-0.23201430012543434,0
10.0975,0,-0.34369748643253362,-0.7496219008802022,0,-0.36864235604652645,0.33779107940925068,0
10.0975,1,0.23330541354698425,-0.14317346863350464,0,-0.19077540941130863,-0.23152698150312259,0
10.1,0,-0.34461807171366704,-0.74877631205345963,0,-0.36782586886019669,0.33867998198482596,0
10.1,1,0.23282773542030533,-0.14375167507323142,0,-0.19136709193184273,-0.23103817027830995,0
10.1025,0,-0.34553661319517176,-0.74792850354268614,0,-0.36700731634357742,0.33956682663400134,0
10.1025,1,0.23234857968734773,-0.14432865762349525,0,-0.19195749443422797,-0.23054786993276044,0
10.105,0,-0.34645310572023008,-0.74707848049821635,0,-0.36618670370308459,0.3404516089418142,0
10.105,1,0.23186794955287265,-0.14490441256585865,0,-0.19254661314584243,-0.23005608395794488,0
10.1075,0,-0.34736754414504961,-0.74622624808140592,0,-0.36536403615255658,0.3413343245065078,0
10.1075,1,0.23138584823106001,-0.14547893619062485,0,-0.19313444430427076,-0.22956281585500779,0
10.11,0,-0.34827992333888186,-0.74537181146459841,0,-0.36453931891322122,0.34221496893953285,0
10.11,1,0.23090227894548301,-0.14605222479686203,0,-0.19372098415732944,-0.22906806913473426,0
10.1125,0,-0.34919023818404049,-0.74451517583109206,0,-0.36371255721366286,0.34309353786554864,0
10.1125,1,0.2304172449290825,-0.14662427469242734,0,-0.19430622896309183,-0.22857184731751681,0
10.115,0,-0.35009848357591983,-0.74365634637510714,0,-0.36288375628978958,0.34397002692242423,0
10.115,1,0.22993074942414124,-0.14719508219399088,0,-0.19489017498991326,-0.22807415393332203,0
10.1175,0,-0.35100465442301304,-0.74279532830175254,0,-0.36205292138480039,0.34484443176123958,0
10.1175,1,0.22944279568225828,-0.1477646436270596,0,-0.19547281851645593,-0.2275749925216573,0
10.12,0,-0.35190874564693048,-0.74193212682699317,0,-0.3612200577491525,0.3457167480462866,0
10.12,1,0.22895338696432307,-0.1483329553260011,0,-0.19605415583171362,-0.22707436663153735,0
10.1225,0,-0.35281075218241759,-0.74106674717761645,0,-0.36038517064052872,0.34658697145507023,0
10.1225,1,0.22846252654048962,-0.14890001363406735,0,-0.19663418323503642,-0.22657227982145081,0
10.125,0,-0.35371066897737302,-0.74019919459119976,0,-0.35954826532380502,0.34745509767830918,0
10.125,1,0.22797021769015063,-0.14946581490341831,0,-0.19721289703615516,-0.22606873565932675,0
10.1275,0,-0.35460849099286657,-0.73932947431607698,0,-0.35870934707101793,0.3483211224199369,0
10.1275,1,0.22747646370191144,-0.1500303554951456,0,-0.19779029355520586,-0.22556373772250093,0
10.13,0,-0.355504213203157,-0.73845759161130564,0,-0.35786842116133227,0.34918504139710221,0
10.13,1,0.22698126787356399,-0.15059363177929583,0,-0.19836636912275396,-0.22505728959768229,0
10.1325,0,-0.35639783059570995,-0.73758355174663404,0,-0.35702549288100882,0.35004685034017002,0
10.1325,1,0.22648463351206077,-0.15115564013489408,0,-0.19894112007981851,-0.2245493948809191,0
10.135,0,-0.35728933817121544,-0.73670736000246795,0,-0.35618056752337202,0.35090654499272206,0
10.135,1,0.22598656393348862,-0.15171637694996717,0,-0.19951454277789621,-0.22404005717756528,0
10.1375,0,-0.35817873094360564,-0.73582902166983755,0,-0.35533365038877796,0.3517641211115573,0
10.1375,1,0.22548706246304251,-0.15227583862156693,0,-0.20008663357898526,-0.22352928010224654,0
10.14,0,-0.35906600394007232,-0.73494854205036475,0,-0.35448474678458225,0.3526195744666924,0
10.14,1,0.22498613243499926,-0.15283402155579329,0,-0.20065738885560913,-0.22301706727882636,0
10.1425,0,-0.35995115220108442,-0.7340659264562297,0,-0.35363386202510799,0.35347290084136224,0
10.1425,1,0.22448377719269119,-0.15339092216781727,0,-0.20122680499084028,-0.22250342234037218,0
10.145,0,-0.36083417078040531,-0.73318118021013801,0,-0.35278100143161389,0.3543240960320202,0
10.145,1,0.22398000008847974,-0.15394653688190413,0,-0.20179487837832363,-0.2219883489291212,0
10.1475,0,-0.36171505474511018,-0.73229430864528755,0,-0.35192617033226242,0.35517315584833836,0
10.1475,1,0.22347480448372894,-0.1545008621314361,0,-0.20236160542229997,-0.22147185069644645,0
10.15,0,-0.36259379917560314,-0.73140531710533563,0,-0.35106937406208816,0.35602007611320774,0
10.15,1,0.22296819374877902,-0.15505389435893518,0,-0.20292698253762925,-0.22095393130282251,0
10.1525,0,-0.36347039916563445,-0.73051421094436575,0,-0.35021061796296599,0.35686485266273854,0
10.1525,1,0.22246017126291973,-0.15560563001608596,0,-0.20349100614981369,-0.2204345944177914,0
10.155,0,-0.36434484982231763,-0.72962099552685455,0,-0.34934990738357952,0.35770748134626007,0
10.155,1,0.22195074041436369,-0.15615606556375811,0,-0.20405367269502084,-0.2199138437199282,0
10.1575,0,-0.36521714626614632,-0.72872567622763884,0,-0.34848724767938966,0.35854795802632083,0
10.1575,1,0.22143990460021978,-0.15670519747202902,0,-0.2046149786201065,-0.21939168289680686,0
10.16,0,-0.36608728363101128,-0.72782825843188259,0,-0.34762264421260308,0.35938627857868832,0
10.16,1,0.22092766722646634,-0.15725302222020623,0,-0.20517492038263746,-0.21886811564496567,0
10.1625,0,-0.36695525706421722,-0.72692874753504377,0,-0.34675610235214088,0.36022243889234912,0
10.1625,1,0.2204140317079244,-0.15779953629684978,0,-0.20573349445091416,-0.21834314566987295,0
10.165,0,-0.36782106172649942,-0.72602714894284148,0,-0.3458876274736073,0.3610564348695085,0
10.165,1,0.21989900146823077,-0.1583447361997945,0,-0.20629069730399319,-0.21781677668589244,0
10.1675,0,-0.36868469279204052,-0.72512346807122263,0,-0.34501722495925857,0.3618882624255903,0
10.1675,1,0.21938257993981114,-0.15888861843617216,0,-0.20684652543170973,-0.21728901241624884,0
10.17,0,-0.36954614544848707,-0.72421771034632909,0,-0.34414490019797178,0.36271791748923654,0
10.17,1,0.21886477056385312,-0.15943117952243371,0,-0.20740097533469973,-0.21675985659299316,0
10.1725,0,-0.37040541489696605,-0.72330988120446471,0,-0.34327065858521372,0.36354539600230701,0
10.1725,1,0.21834557679027922,-0.15997241598437117,0,-0.20795404352442218,-0.21622931295696798,0
10.175,0,-0.37126249635210135,-0.72239998609206202,0,-0.34239450552301004,0.36437069391987886,0
10.175,1,0.21782500207771971,-0.16051232435713961,0,-0.20850572652318106,-0.21569738525777291,0
10.1775,0,-0.37211738504203001,-0.72148803046564935,0,-0.3415164464199143,0.36519380721024614,0
10.1775,1,0.21730304989348556,-0.16105090118527898,0,-0.20905602086414718,-0.21516407725372963,0
10.18,0,-0.37297007620841865,-0.7205740197918179,0,-0.34063648669097718,0.36601473185491912,0
10.18,1,0.21677972371354115,-0.16158814302273594,0,-0.20960492309138004,-0.21462939271184722,0
10.1825,0,-0.37382056510647954,-0.71965795954718847,0,-0.33975463175771575,0.36683346384862381,0
10.1825,1,0.21625502702247712,-0.16212404643288547,0,-0.21015242975984938,-0.21409333540778716,0
10.185,0,-0.37466884700498682,-0.71873985521837858,0,-0.33887088704808288,0.36764999919930108,0
10.185,1,0.21572896331348299,-0.1626586079885525,0,-0.21069853743545677,-0.21355590912582845,0
10.1875,0,-0.37551491718629249,-0.71781971230196928,0,-0.33798525799643647,0.36846433392810612,0
10.1875,1,0.21520153608831985,-0.16319182427203333,0,-0.21124324269505693,-0.21301711765883266,0
10.19,0,-0.3763587709463424,-0.71689753630447239,0,-0.33709775004350928,0.36927646406940745,0
10.19,1,0.21467274885729293,-0.16372369187511712,0,-0.21178654212647902,-0.21247696480820882,0
10.1925,0,-0.37720040359469226,-0.71597333274229713,0,-0.33620836863637815,0.37008638567078617,0
10.1925,1,0.21414260513922415,-0.16425420739910723,0,-0.21232843232854773,-0.21193545438387842,0
10.195,0,-0.37803981045452328,-0.71504710714171738,0,-0.33531711922843399,0.37089409479303498,0
10.195,1,0.21361110846142459,-0.16478336745484237,0,-0.21286890991110433,-0.21139259020424023,0
10.1975,0,-0.37887698686265803,-0.71411886503883837,0,-0.33442400727935129,0.37169958751015719,0
10.1975,1,0.21307826235966693,-0.16531116866271783,0,-0.21340797149502749,-0.21084837609613508,0
10.2,0,-0.37971192816957605,-0.71318861197956396,0,-0.33352903825505814,0.37250285990936577,0
10.2,1,0.21254407037815781,-0.16583760765270653,0,-0.21394561371225407,-0.21030281589481073,0
10.2025,0,-0.38054462973942949,-0.7122563535195634,0,-0.33263221762770595,0.3733039080910821,0
10.2025,1,0.21200853606951026,-0.1663626810643799,0,-0.21448183320579972,-0.2097559134438865,0
10.205,0,-0.38137508695005867,-0.71132209522423839,0,-0.33173355087563955,0.37410272816893503,0
10.205,1,0.21147166299471579,-0.16688638554692892,0,-0.21501662662977936,-0.20920767259531795,0
10.2075,0,-0.38220329519300744,-0.71038584266868998,0,-0.33083304348336723,0.37489931626975936,0
10.2075,1,0.21093345472311678,-0.16740871775918476,0,-0.21554999064942756,-0.20865809720936154,0
10.21,0,-0.38302924987353859,-0.70944760143768582,0,-0.32993070094153087,0.37569366853359498,0
10.21,1,0.2103939148323786,-0.16792967436963963,0,-0.21608192194111878,-0.20810719115453924,0
10.2125,0,-0.3838529464106491,-0.70850737712562672,0,-0.32902652874687616,0.37648578111368525,0
10.2125,1,0.20985304690846171,-0.1684492520564673,0,-0.21661241719238744,-0.2075549583076029,0
10.215,0,-0.38467438023708544,-0.70756517533651397,0,-0.32812053240222289,0.37727565017647569,0
10.215,1,0.20931085454559378,-0.16896744750754367,0,-0.21714147310194792,-0.20700140255349894,0
10.2175,0,-0.38549354679935877,-0.70662100168391639,0,-0.32721271741643537,0.3780632719016126,0
10.2175,1,0.2087673413462417,-0.16948425742046722,0,-0.21766908637971441,-0.20644652778533265,0
10.22,0,-0.38631044155775979,-0.70567486179093697,0,-0.32630308930439289,0.37884864248194161,0
10.22,1,0.20822251092108351,-0.1699996785025793,0,-0.21819525374682061,-0.20589033790433262,0
10.2225,0,-0.38712505998637398,-0.70472676129018019,0,-0.32539165358696021,0.37963175812350619,0
10.2225,1,0.20767636688898045,-0.17051370747098449,0,-0.21871997193563938,-0.2053328368198151,0
10.225,0,-0.38793739757309637,-0.70377670582371887,0,-0.32447841579095821,0.38041261504554585,0
10.225,1,0.20712891287694865,-0.1710263410525707,0,-0.21924323768980217,-0.2047740284491483,0
10.2275,0,-0.38874744981964648,-0.70282470104306127,0,-0.3235633814491346,0.38119120948049479,0
10.2275,1,0.20658015252013112,-0.17153757598402927,0,-0.21976504776421832,-0.20421391671771669,0
10.23,0,-0.38955521224158307,-0.70187075260911813,0,-0.3226465561001346,0.38196753767398001,0
10.23,1,0.20603008946176948,-0.17204740901187501,0,-0.22028539892509433,-0.20365250555888512,0
10.2325,0,-0.39036068036831884,-0.70091486619216958,0,-0.32172794528847198,0.38274159588481971,0
10.2325,1,0.20547872735317568,-0.17255583689246606,0,-0.22080428794995288,-0.20308979891396312,0
10.235,0,-0.39116384974313506,-0.69995704747183229,0,-0.32080755456449983,0.38351338038502142,0
10.235,1,0.20492606985370368,-0.17306285639202373,0,-0.22132171162765182,-0.20252580073216894,0
10.2375,0,-0.39196471592319615,-0.69899730213702627,0,-0.31988538948438161,0.38428288745978023,0
10.2375,1,0.2043721206307211,-0.17356846428665218,0,-0.22183766675840302,-0.20196051497059372,0
10.24,0,-0.39276327447956422,-0.6980356358859422,0,-0.31896145561006234,0.38505011340747697,0
10.24,1,0.20381688335958087,-0.17407265736235814,0,-0.22235215015379098,-0.20139394559416546,0
10.2425,0,-0.39355952099721336,-0.69707205442600828,0,-0.31803575850923965,0.38581505453967607,0
10.2425,1,0.20326036172359263,-0.17457543241507037,0,-0.22286515863679143,-0.20082609657561309,0
10.245,0,-0.3943534510750441,-0.69610656347385724,0,-0.31710830375533511,0.38657770718112383,0
10.245,1,0.2027025594139944,-0.17507678625065917,0,-0.22337668904178981,-0.20025697189543049,0
10.2475,0,-0.39514506032589758,-0.69513916875529369,0,-0.31617909692746554,0.38733806766974627,0
10.2475,1,0.20214348012992392,-0.17557671568495575,0,-0.22388673821459951,-0.19968657554184027,0
10.25,0,-0.39593434437656994,-0.6941698760052607,0,-0.31524814361041437,0.38809613235664708,0
10.25,1,0.20158312757839006,-0.17607521754377151,0,-0.22439530301248009,-0.19911491151075789,0
10.2525,0,-0.3967212988678262,-0.69319869096780729,0,-0.31431544939460321,0.38885189760610556,0
10.2525,1,0.20102150547424427,-0.17657228866291716,0,-0.2249023803041553,-0.19854198380575527,0
10.255,0,-0.39750591945441455,-0.6922256193960552,0,-0.31338101987606332,0.38960535979557437,0
10.255,1,0.20045861754015179,-0.17706792588822187,0,-0.22540796696983104,-0.19796779643802487,0
10.2575,0,-0.39828820180508012,-0.69125066705216609,0,-0.31244486065640742,0.39035651531567744,0
10.2575,1,0.19989446750656298,-0.17756212607555233,0,-0.2259120599012131,-0.19739235342634323,0
10.26,0,-0.39906814160257914,-0.69027383970730871,0,-0.31150697734280125,0.39110536057020756,0
10.26,1,0.19932905911168455,-0.17805488609083156,0,-0.22641465600152483,-0.19681565879703491,0
10.2625,0,-0.39984573454369254,-0.68929514314162577,0,-0.31056737554793545,0.3918518919761243,0
10.2625,1,0.19876239610145074,-0.17854620281005779,0,-0.22691575218552471,-0.1962377165839361,0
10.265,0,-0.40062097633923999,-0.68831458314420113,0,-0.30962606088999745,0.39259610596355154,0
10.265,1,0.19819448222949443,-0.17903607311932315,0,-0.22741534537952371,-0.1956585308283583,0
10.2675,0,-0.40139386271409327,-0.687332165513027,0,-0.30868303899264332,0.39333799897577509,0
10.2675,1,0.19762532125711826,-0.17952449391483241,0,-0.22791343252140259,-0.195078105579052,0
10.27,0,-0.40216438940719029,-0.68634789605497071,0,-0.30773831548497005,0.39407756746924028,0
10.27,1,0.19705491695326571,-0.18001146210292143,0,-0.22841001056062901,-0.19449644489217027,0
10.2725,0,-0.40293255217154839,-0.68536178058574226,0,-0.30679189600148749,0.39481480791354961,0
10.2725,1,0.19648327309449209,-0.18049697460007569,0,-0.2289050764582746,-0.19391355283123238,0
10.275,0,-0.40369834677427785,-0.68437382492986099,0,-0.30584378618209046,0.39554971679146012,0
10.275,1,0.19591039346493547,-0.1809810283329486,0,-0.22939862718703175,-0.19332943346708722,0
10.2775,0,-0.40446176899659553,-0.68338403492062305,0,-0.30489399167203135,0.39628229059888087,0
10.2775,1,0.19533628185628765,-0.18146362023837981,0,-0.22989065973123049,-0.19274409087787697,0
10.28,0,-0.40522281463383791,-0.68239241640006831,0,-0.3039425181218921,0.3970125258448704,0
10.28,1,0.19476094206776504,-0.18194474726341339,0,-0.23038117108685499,-0.19215752914900042,0
10.2825,0,-0.40598147949547475,-0.68139897521894766,0,-0.30298937118755692,0.39774041905163404,0
10.2825,1,0.19418437790607951,-0.18242440636531598,0,-0.23087015826156018,-0.1915697523730765,0
10.285,0,-0.40673775940512191,-0.68040371723668991,0,-0.30203455653018468,0.39846596675452128,0
10.285,1,0.19360659318540921,-0.18290259451159471,0,-0.23135761827468801,-0.19098076464990774,0
10.2875,0,-0.40749165020055489,-0.67940664832136921,0,-0.30107807981618145,0.39918916550202316,0
10.2875,1,0.19302759172736925,-0.18337930868001515,0,-0.23184354815728372,-0.1903905700864435,0
10.29,0,-0.40824314773372156,-0.67840777434967192,0,-0.30011994671717329,0.39991001185576941,0
10.29,1,0.1924473773609825,-0.18385454585861913,0,-0.23232794495211201,-0.18979917279674349,0
10.2925,0,-0.4089922478707555,-0.67740710120686409,0,-0.29916016290997893,0.40062850239052566,0
10.2925,1,0.19186595392265027,-0.18432830304574249,0,-0.23281080571367294,-0.18920657690194101,0
10.295,0,-0.40973894649198872,-0.67640463478675816,0,-0.29819873407658265,0.40134463369419071,0
10.295,1,0.1912833252561229,-0.18480057725003268,0,-0.23329212750821779,-0.18861278653020622,0
10.2975,0,-0.41048323949196458,-0.67540038099168065,0,-0.29723566590410705,0.40205840236779361,0
10.2975,1,0.19069949521247043,-0.18527136549046633,0,-0.23377190741376483,-0.18801780581670943,0
10.3,0,-0.41122512277945067,-0.67439434573243906,0,-0.29627096408478615,0.40276980502549087,0
10.3,1,0.19011446765005308,-0.18574066479636669,0,-0.23425014252011483,-0.1874216389035844,0
10.3025,0,-0.41196459227745158,-0.67338653492828904,0,-0.2953046343159384,0.40347883829456344,0
10.3025,1,0.18952824643449184,-0.18620847220742104,0,-0.23472682992886662,-0.18682428993989142,0
10.305,0,-0.41270164392322145,-0.6723769545069016,0,-0.29433668229993987,0.40418549881541377,0
10.305,1,0.18894083543863896,-0.18667478477369787,0,-0.23520196675343233,-0.18622576308158062,0
10.3075,0,-0.41343627366827662,-0.6713656104043304,0,-0.29336711374419744,0.40488978324156277,0
10.3075,1,0.18835223854254834,-0.18713959955566417,0,-0.23567555011905267,-0.18562606249145508,0
10.31,0,-0.41416847747840829,-0.67035250856497886,0,-0.29239593436112205,0.40559168823964697,0
10.31,1,0.18776245963344601,-0.18760291362420239,0,-0.2361475771628119,-0.18502519233913389,0
10.3125,0,-0.41489825133369485,-0.66933765494156749,0,-0.29142314986810208,0.40629121048941519,0
10.3125,1,0.18717150260570042,-0.18806472406062757,0,-0.23661804503365289,-0.18442315680101537,0
10.315,0,-0.41562559122851434,-0.66832105549510112,0,-0.29044876598747682,0.40698834668372569,0
10.315,1,0.18657937136079286,-0.18852502795670414,0,-0.23708695089239185,-0.1838199600602401,0
10.3175,0,-0.41635049317155681,-0.66730271619483583,0,-0.28947278844651003,0.40768309352854287,0
10.3175,1,0.18598606980728771,-0.18898382241466277,0,-0.23755429191173305,-0.18321560630665393,0
10.32,0,-0.41707295318583665,-0.66628264301824647,0,-0.28849522297736346,0.40837544774293416,0
10.32,1,0.1853916018608027,-0.18944110454721705,0,-0.23802006527628336,-0.18261009973677111,0
10.3225,0,-0.41779296730870469,-0.665260841950994,0,-0.28751607531707057,0.40906540605906683,0
10.3225,1,0.18479597144397913,-0.18989687147758019,0,-0.23848426818256671,-0.18200344455373718,0
10.325,0,-0.41851053159186041,-0.66423731898689242,0,-0.28653535120751022,0.40975296522220478,0
10.325,1,0.18419918248645212,-0.19035112033948148,0,-0.2389468978390383,-0.18139564496729207,0
10.3275,0,-0.41922564210136404,-0.66321208012787625,0,-0.2855530563953807,0.41043812199070534,0
10.3275,1,0.18360123892482069,-0.19080384827718277,0,-0.23940795146609889,-0.18078670519373299,0
10.33,0,-0.4199382949176485,-0.66218513138396784,0,-0.28456919663217339,0.41112087313601581,0
10.33,1,0.18300214470261794,-0.19125505244549479,0,-0.23986742629610872,-0.18017662945587737,0
10.3325,0,-0.42064848613553141,-0.66115647877324446,0,-0.28358377767414689,0.41180121544267034,0
10.3325,1,0.18240190377028107,-0.19170473000979341,0,-0.24032531957340147,-0.17956542198302583,0
10.335,0,-0.42135621186422695,-0.66012612832180573,0,-0.28259680528230102,0.41247914570828642,0
10.335,1,0.18180052008512143,-0.19215287814603585,0,-0.24078162855429808,-0.17895308701092505,0
10.3375,0,-0.42206146822735774,-0.65909408606374087,0,-0.28160828522235104,0.41315466074356166,0
10.3375,1,0.18119799761129465,-0.19259949404077667,0,-0.24123635050712031,-0.17833962878173062,0
10.34,0,-0.42276425136296658,-0.65806035804109608,0,-0.28061822326470176,0.41382775737227023,0
10.34,1,0.18059434031977051,-0.19304457489118379,0,-0.24168948271220431,-0.17772505154396995,0
10.3425,0,-0.42346455742352801,-0.65702495030384167,0,-0.27962662518442188,0.4144984324312595,0
10.3425,1,0.17998955218830287,-0.19348811790505438,0,-0.24214102246191405,-0.17710935955250506,0
10.345,0,-0.42416238257596006,-0.65598786890983951,0,-0.27863349676121835,0.41516668277044666,0
10.345,1,0.17938363720139966,-0.19393012030083062,0,-0.24259096706065447,-0.17649255706849548,0
10.3475,0,-0.42485772300163582,-0.65494911992481042,0,-0.27763884377941084,0.41583250525281507,0
10.3475,1,0.17877659935029275,-0.19437057930761545,0,-0.24303931382488475,-0.17587464835936092,0
10.35,0,-0.42555057489639497,-0.65390870942230139,0,-0.27664267202790621,0.41649589675441084,0
10.35,1,0.17816844263290774,-0.19480949216518809,0,-0.2434860600831312,-0.17525563769874419,0
10.3525,0,-0.42624093447055506,-0.65286664348365298,0,-0.27564498730017317,0.4171568541643394,0
10.3525,1,0.17755917105383381,-0.1952468561240196,0,-0.2439312031760002,-0.17463552936647392,0
10.355,0,-0.42692879794892302,-0.65182292819796661,0,-0.27464579539421685,0.41781537438476163,0
10.355,1,0.17694878862429358,-0.19568266844528834,0,-0.24437474045619093,-0.17401432764852723,0
10.3575,0,-0.42761416157080651,-0.65077756966207201,0,-0.27364510211255361,0.41847145433089061,0
10.3575,1,0.1763372993621127,-0.19611692640089523,0,-0.24481666928850793,-0.17339203683699261,0
10.36,0,-0.42829702159002492,-0.64973057398049461,0,-0.27264291326218587,0.41912509093098776,0
10.36,1,0.17572470729168974,-0.19654962727347902,0,-0.2452569870498737,-0.17276866123003251,0
10.3625,0,-0.42897737427492089,-0.64868194726542294,0,-0.27163923465457701,0.41977628112635929,0
10.3625,1,0.17511101644396571,-0.19698076835643136,0,-0.245695691129341,-0.17214420513184614,0
10.365,0,-0.42965521590837114,-0.64763169563667577,0,-0.27063407210562623,0.42042502187135256,0
10.365,1,0.1744962308563939,-0.19741034695391196,0,-0.24613277892810503,-0.17151867285263209,0
10.3675,0,-0.4303305427877977,-0.6465798252216699,0,-0.26962743143564377,0.42107131013335236,0
10.3675,1,0.17388035457290937,-0.19783836038086344,0,-0.24656824785951564,-0.170892068708551,0
10.37,0,-0.43100335122517891,-0.64552634215538729,0,-0.26861931846932591,0.42171514289277717,0
10.37,1,0.17326339164389862,-0.19826480596302623,0,-0.24700209534908921,-0.17026439702168833,0
10.3725,0,-0.43167363754706023,-0.64447125258034244,0,-0.2676097390357301,0.42235651714307548,0
10.3725,1,0.17264534612616911,-0.19868968103695336,0,-0.24743431883452049,-0.16963566212001685,0
10.375,0,-0.43234139809456523,-0.64341456264655017,0,-0.2665986989682505,0.42299542989072203,0
10.375,1,0.17202622208291884,-0.19911298295002508,0,-0.24786491576569447,-0.16900586833735937,0
10.3775,0,-0.43300662922340627,-0.6423562785114928,0,-0.26558620410459299,0.42363187815521397,0
10.3775,1,0.17140602358370585,-0.19953470906046347,0,-0.24829388360469776,-0.16837502001335136,0
10.38,0,-0.43366932730389546,-0.64129640634008744,0,-0.26457226028675079,0.42426585896906716,0
10.38,1,0.1707847547044177,-0.19995485673734692,0,-0.24872121982583015,-0.16774312149340354,0
10.3825,0,-0.43432948872095511,-0.64023495230465388,0,-0.26355687336097994,0.4248973693778122,0
10.3825,1,0.1701624195272409,-0.2003734233606245,0,-0.24914692191561599,-0.16711017712866447,0
10.385,0,-0.43498710987412859,-0.63917192258488165,0,-0.26254004917777474,0.42552640643999079,0
10.385,1,0.16953902214063035,-0.20079040632113029,0,-0.2495709873728153,-0.16647619127598318,0
10.3875,0,-0.43564218717759062,-0.63810732336779774,0,-0.26152179359184352,0.42615296722715168,0
10.3875,1,0.16891456663927878,-0.20120580302059762,0,-0.24999341370843489,-0.16584116829787168,0
10.39,0,-0.43629471706015804,-0.63704116084773399,0,-0.26050211246208432,0.42677704882384687,0
10.39,1,0.16828905712408607,-0.20161961087167304,0,-0.25041419844573931,-0.16520511256246759,0
10.3925,0,-0.43694469596530011,-0.63597344122629462,0,-0.25948101165156062,0.42739864832762781,0
10.3925,1,0.16766249770212857,-0.20203182729793051,0,-0.25083333912026162,-0.16456802844349666,0
10.395,0,-0.43759212035114892,-0.63490417071232375,0,-0.25845849702747731,0.42801776284904125,0
10.395,1,0.16703489248662848,-0.20244244973388517,0,-0.25125083327981418,-0.16392992032023537,0
10.3975,0,-0.4382369866905097,-0.63383335552187292,0,-0.25743457446115642,0.42863438951162552,0
10.3975,1,0.16640624559692307,-0.2028514756250073,0,-0.25166667848449908,-0.16329079257747345,0
10.4,0,-0.43887929147087118,-0.63276100187816853,0,-0.25640924982801333,0.4292485254519065,0
10.4,1,0.16577656115843406,-0.20325890242773598,0,-0.25208087230671877,-0.16265064960547634,0
10.4025,0,-0.4395190311944156,-0.63168711601157945,0,-0.25538252900753283,0.42986016781939362,0
10.4025,1,0.16514584330263668,-0.20366472760949275,0,-0.25249341233118616,-0.16200949579994783,0
10.405,0,-0.44015620237802905,-0.63061170415958445,0,-0.25435441788324509,0.43046931377657588,0
10.405,1,0.16451409616702903,-0.20406894864869518,0,-0.25290429615493487,-0.16136733556199254,0
10.4075,0,-0.44079080155331146,-0.62953477256674006,0,-0.25332492234270199,0.43107596049891789,0
10.4075,1,0.16388132389510121,-0.20447156303477027,0,-0.25331352138732938,-0.16072417329807839,0
10.41,0,-0.44142282526658666,-0.62845632748464786,0,-0.2522940482774535,0.43168010517485578,0
10.41,1,0.16324753063630446,-0.20487256826816785,0,-0.25372108565007478,-0.16008001341999917,0
10.4125,0,-0.44205227007891224,-0.62737637517192202,0,-0.25126180158302397,0.43228174500579325,0
10.4125,1,0.16261272054602033,-0.20527196186037389,0,-0.25412698657722682,-0.159434860344837,0
10.415,0,-0.44267913256608965,-0.62629492189415714,0,-0.25022818815888848,0.43288087720609753,0
10.415,1,0.16197689778552979,-0.2056697413339236,0,-0.25453122181520127,-0.1587887184949249,0
10.4175,0,-0.44330340931867385,-0.6252119739238956,0,-0.24919321390844951,0.43347749900309507,0
10.4175,1,0.16134006652198229,-0.20606590422241453,0,-0.25493378902278374,-0.15814159229780914,0
10.42,0,-0.44392509694198318,-0.62412753754059536,0,-0.24815688473901337,0.43407160763706787,0
10.42,1,0.16070223092836489,-0.20646044807051955,0,-0.25533468587113889,-0.1574934861862119,0
10.4225,0,-0.44454419205610918,-0.62304161903059752,0,-0.24711920656176697,0.434663200361249,0
10.4225,1,0.16006339518347118,-0.20685337043399982,0,-0.2557339100438199,-0.15684440459799362,0
10.425,0,-0.44516069129592606,-0.62195422468709372,0,-0.24608018529175449,0.43525227444181874,0
10.425,1,0.15942356347187042,-0.20724466887971746,0,-0.25613145923677749,-0.15619435197611556,0
10.4275,0,-0.44577459131110059,-0.62086536081009402,0,-0.24503982684785414,0.4358388271579004,0
10.4275,1,0.15878273998387649,-0.20763434098564837,0,-0.25652733115836907,-0.15554333276860227,0
10.43,0,-0.44638588876610136,-0.61977503370639475,0,-0.24399813715275509,0.4364228558015561,0
10.43,1,0.15814092891551682,-0.20802238434089476,0,-0.25692152352936753,-0.15489135142850405,0
10.4325,0,-0.44699458034020845,-0.61868324968954558,0,-0.24295512213293438,0.43700435767778273,0
10.4325,1,0.15749813446850139,-0.20840879654569772,0,-0.2573140340829701,-0.15423841241385944,0
10.435,0,-0.44760066272752291,-0.6175900150798177,0,-0.24191078771863389,0.43758333010450773,0
10.435,1,0.15685436085019167,-0.20879357521144962,0,-0.25770486056480707,-0.15358452018765767,0
10.4375,0,-0.448204132636976,-0.6164953362041713,0,-0.24086513984383748,0.43815977041258491,0
10.4375,1,0.15620961227356947,-0.20917671796070644,0,-0.25809400073295019,-0.15292967921780121,0
10.44,0,-0.4488049867923386,-0.61539921939622333,0,-0.23981818444624806,0.43873367594579044,0
10.44,1,0.15556389295720588,-0.20955822242720004,0,-0.25848145235792119,-0.15227389397706817,0
10.4425,0,-0.44940322193223048,-0.61430167099621502,0,-0.23876992746726483,0.43930504406081838,0
10.4425,1,0.15491720712523011,-0.20993808625585023,0,-0.25886721322269995,-0.15161716894307478,0
10.445,0,-0.44999883481012953,-0.61320269735097988,0,-0.23772037485196063,0.43987387212727674,0
10.445,1,0.1542695590072983,-0.21031630710277688,0,-0.25925128112273277,-0.15095950859823792,0
10.4475,0,-0.45059182219438082,-0.61210230481391115,0,-0.2366695325490592,0.44044015752768312,0
10.4475,1,0.15362095283856245,-0.21069288263531186,0,-0.25963365386594028,-0.15030091742973758,0
10.45,0,-0.45118218086820577,-0.61100049974492976,0,-0.23561740651091265,0.44100389765746045,0
10.45,1,0.15297139285963912,-0.21106781053201087,0,-0.2600143292727255,-0.14964139992947931,0
10.4525,0,-0.45176990762971125,-0.60989728851045177,0,-0.23456400269347891,0.44156508992493299,0
10.4525,1,0.15232088331657823,-0.2114410884826653,0,-0.26039330517598147,-0.14898096059405669,0
10.455,0,-0.45235499929189849,-0.60879267748335641,0,-0.23350932705629934,0.4421237317513218,0
10.455,1,0.15166942846083187,-0.21181271418831377,0,-0.26077057942109894,-0.14831960392471391,0
10.4575,0,-0.45293745268267194,-0.60768667304295387,0,-0.23245338556247636,0.44267982057074079,0
10.4575,1,0.15101703254922302,-0.21218268536125379,0,-0.26114614986597401,-0.14765733442730816,0
10.46,0,-0.45351726464484837,-0.60657928157495267,0,-0.23139618417865107,0.44323335383019219,0
10.46,1,0.15036369984391429,-0.21255099972505326,0,-0.26152001438101535,-0.14699415661227219,0
10.4625,0,-0.4540944320361654,-0.605470509471428,0,-0.23033772887498111,0.44378432898956249,0
10.4625,1,0.14970943461237657,-0.21291765501456181,0,-0.26189217084915162,-0.14633007499457676,0
10.465,0,-0.4546689517292905,-0.604360363130789,0,-0.22927802562511843,0.44433274352161811,0
10.465,1,0.14905424112735782,-0.21328264897592214,0,-0.26226261716583854,-0.14566509409369316,0
10.4675,0,-0.45524082061182963,-0.603248848957747,0,-0.22821708040618721,0.44487859491200116,0
10.4675,1,0.14839812366685171,-0.2136459793665812,0,-0.262631351239066,-0.1449992184335557,0
10.47,0,-0.45581003558633582,-0.60213597336328295,0,-0.22715489919876183,0.445421880659225,0
10.47,1,0.14774108651406617,-0.21400764395530131,0,-0.2629983709893649,-0.1443324525425243,0
10.4725,0,-0.45637659357031785,-0.60102174276461562,0,-0.22609148798684486,0.44596259827467022,0
10.4725,1,0.1470831339573922,-0.21436764052217114,0,-0.263363674349814,-0.14366480095334688,0
10.475,0,-0.45694049149624871,-0.59990616358516902,0,-0.22502685275784526,0.44650074528258016,0
10.475,1,0.14642427029037236,-0.21472596685861672,0,-0.2637272592660464,-0.142996268203122,0
10.4775,0,-0.45750172631157421,-0.59878924225454067,0,-0.22396099950255643,0.44703631922005665,0
10.4775,1,0.14576449981166947,-0.21508262076741219,0,-0.26408912369625631,-0.14232685883326132,0
10.48,0,-0.45806029497872131,-0.59767098520846929,0,-0.22289393421513454,0.44756931763705582,0
10.48,1,0.14510382682503514,-0.21543760006269058,0,-0.2644492656112053,-0.14165657738945217,0
10.4825,0,-0.45861619447510654,-0.59655139888880249,0,-0.22182566289307676,0.44809973809638359,0
10.4825,1,0.14444225563927834,-0.21579090256995442,0,-0.26480768299422863,-0.1409854284216201,0
10.485,0,-0.45916942179314441,-0.59543048974346491,0,-0.22075619153719964,0.44862757817369153,0
10.485,1,0.14377979056823401,-0.21614252612608631,0,-0.26516437384124147,-0.14031341648389142,0
10.4875,0,-0.45971997394025543,-0.59430826422642591,0,-0.2196855261516176,0.44915283545747253,0
10.4875,1,0.14311643593073153,-0.21649246857935936,0,-0.26551933616074486,-0.13964054613455582,0
10.49,0,-0.4602678479388746,-0.5931847287976677,0,-0.21861367274372137,0.4496755075490565,0
10.49,1,0.14245219605056331,-0.2168407277894476,0,-0.26587256797383158,-0.13896682193602883,0
10.4925,0,-0.46081304082645946,-0.59205988992315317,0,-0.21754063732415657,0.4501955920626059,0
10.4925,1,0.14178707525645329,-0.21718730162743616,0,-0.26622406731419213,-0.1382922484548145,0
10.495,0,-0.46135554965549819,-0.59093375407479354,0,-0.21646642590680232,0.45071308662511161,0
10.495,1,0.14112107788202541,-0.21753218797583151,0,-0.26657383222812014,-0.13761683026146798,0
10.4975,0,-0.46189537149351761,-0.58980632773041664,0,-0.21539104450874996,0.45122798887638854,0
10.4975,1,0.14045420826577212,-0.21787538472857154,0,-0.26692186077451818,-0.13694057193055809,0
10.5,0,-0.46243250342309139,-0.58867761737373481,0,-0.21431449915028178,0.45174029646907127,0
10.5,1,0.13978647075102285,-0.21821688979103554,0,-0.26726815102490303,-0.13626347804062997,0
10.5025,0,-0.46296694254184778,-0.58754762949431272,0,-0.21323679585484986,0.45225000706860979,0
10.5025,1,0.13911786968591247,-0.21855670108005404,0,-0.26761270106341101,-0.13558555317416765,0
10.505,0,-0.46349868596247767,-0.58641637058753537,0,-0.21215794064905499,0.45275711835326521,0
10.505,1,0.13844840942334971,-0.21889481652391871,0,-0.26795550898680309,-0.1349068019175568,0
10.5075,0,-0.46402773081274229,-0.58528384715457615,0,-0.21107793956262552,0.4532616280141053,0
10.5075,1,0.13777809432098562,-0.21923123406239195,0,-0.26829657290447012,-0.13422722886104729,0
10.51,0,-0.46455407423548106,-0.58415006570236472,0,-0.20999679862839646,0.45376353375500028,0
10.51,1,0.13710692874118199,-0.21956595164671666,0,-0.26863589093843765,-0.13354683859871586,0
10.5125,0,-0.46507771338861942,-0.58301503274355515,0,-0.20891452388228854,0.45426283329261846,0
10.5125,1,0.13643491705097974,-0.2198989672396256,0,-0.26897346122337068,-0.1328656357284288,0
10.515,0,-0.46559864544517637,-0.58187875479649387,0,-0.20783112136328735,0.45475952435642192,0
10.515,1,0.1357620636220673,-0.2202302788153509,0,-0.26930928190657855,-0.13218362485180471,0
10.5175,0,-0.46611686759327225,-0.58074123838518754,0,-0.2067465971134225,0.45525360468866222,0
10.5175,1,0.13508837283074906,-0.22055988435963339,0,-0.26964335114801929,-0.13150081057417712,0
10.52,0,-0.46663237703613619,-0.57960249003927122,0,-0.20566095717774693,0.45574507204437603,0
10.52,1,0.13441384905791365,-0.22088778186973182,0,-0.26997566712030424,-0.13081719750455723,0
10.5225,0,-0.46714517099211378,-0.57846251629397649,0,-0.20457420760431624,0.45623392419138087,0
10.5225,1,0.1337384966890024,-0.22121396935443202,0,-0.27030622800870224,-0.13013279025559668,0
10.525,0,-0.4676552466946744,-0.57732132369009947,0,-0.20348635444416807,0.45672015891027073,0
10.525,1,0.13306232011397759,-0.22153844483405596,0,-0.27063503201114403,-0.12944759344355028,0
10.5275,0,-0.46816260139241872,-0.57617891877396865,0,-0.20239740375130152,0.45720377399441181,0
10.5275,1,0.13238532372729087,-0.22186120634047071,0,-0.27096207733822614,-0.12876161168823877,0
10.53,0,-0.46866723234908619,-0.57503530809741321,0,-0.20130736158265669,0.45768476724993817,0
10.53,1,0.13170751192785157,-0.22218225191709728,0,-0.27128736221321492,-0.12807484961301163,0
10.5325,0,-0.46916913684356215,-0.57389049821773108,0,-0.2002162339980943,0.45816313649574747,0
10.5325,1,0.13102888911899499,-0.22250157961891945,0,-0.27161088487205048,-0.12738731184470983,0
10.535,0,-0.46966831216988525,-0.57274449569765706,0,-0.19912402706037519,0.45863887956349658,0
10.535,1,0.13034945970845074,-0.22281918751249238,0,-0.27193264356335028,-0.12669900301362866,0
10.5375,0,-0.47016475563725463,-0.57159730710533074,0,-0.19803074683514021,0.45911199429759747,0
10.5375,1,0.12966922810831105,-0.22313507367595126,0,-0.27225263654841286,-0.12600992775348063,0
10.54,0,-0.47065846457003718,-0.57044893901426474,0,-0.1969363993908898,0.45958247855521267,0
10.54,1,0.128988198734999,-0.2234492361990198,0,-0.27257086210122122,-0.12532009070135824,0
10.5425,0,-0.47114943630777451,-0.56929939800331286,0,-0.19584099079896392,0.46005033020625113,0
10.5425,1,0.12830637600923692,-0.22376167318301862,0,-0.27288731850844622,-0.12462949649769692,0
10.545,0,-0.4716376682051901,-0.56814869065663831,0,-0.19474452713352186,0.46051554713336396,0
10.545,1,0.12762376435601455,-0.22407238274087354,0,-0.27320200406944983,-0.12393814978623784,0
10.5475,0,-0.47212315763219642,-0.56699682356368164,0,-0.19364701447152222,0.46097812723193998,0
10.5475,1,0.12694036820455737,-0.22438136299712383,0,-0.27351491709628839,-0.1232460552139909,0
10.55,0,-0.47260590197390168,-0.56584380331912909,0,-0.19254845889270286,0.46143806841010171,0
10.55,1,0.12625619198829485,-0.22468861208793031,0,-0.27382605591371545,-0.12255321743119761,0
10.5525,0,-0.47308589863061701,-0.56468963652288062,0,-0.19144886647956103,0.46189536858870084,0
10.5525,1,0.12557124014482873,-0.22499412816108344,0,-0.27413541885918463,-0.12185964109129407,0
10.555,0,-0.47356314501786312,-0.56353432978001805,0,-0.19034824331733341,0.46235002570131412,0
10.555,1,0.12488551711590119,-0.22529790937601116,0,-0.27444300428285262,-0.12116533085087391,0
10.5575,0,-0.47403763856637726,-0.56237788970077363,0,-0.18924659549397635,0.46280203769423905,0
10.5575,1,0.12419902734736316,-0.22559995390378682,0,-0.27474881054758166,-0.12047029136965132,0
10.56,0,-0.4745093767221199,-0.56122032290049773,0,-0.18814392910014599,0.46325140252648972,0
10.56,1,0.12351177528914251,-0.22590025992713691,0,-0.27505283602894209,-0.11977452731042401,0
10.5625,0,-0.47497835694628154,-0.56006163599962733,0,-0.18704025022917872,0.46369811816979245,0
10.5625,1,0.12282376539521231,-0.22619882564044874,0,-0.27535507911521478,-0.11907804333903631,0
10.565,0,-0.47544457671528934,-0.55890183562365436,0,-0.18593556497707137,0.46414218260858153,0
10.565,1,0.12213500212355904,-0.22649564924977797,0,-0.27565553820739358,-0.11838084412434216,0
10.5675,0,-0.47590803352081373,-0.55774092840309364,0,-0.18482987944246165,0.46458359383999526,0
10.5675,1,0.12144548993615081,-0.2267907289728561,0,-0.27595421171918721,-0.11768293433816825,0
10.57,0,-0.47636872486977505,-0.5565789209734513,0,-0.18372319972660872,0.46502234987387137,0
10.57,1,0.12075523329890556,-0.22708406303909789,0,-0.27625109807702164,-0.11698431865527707,0
10.5725,0,-0.47682664828435001,-0.55541581997519307,0,-0.18261553193337357,0.46545844873274306,0
10.5725,1,0.12006423668165923,-0.22737564968960866,0,-0.2765461957200418,-0.11628500175333009,0
10.575,0,-0.47728180130197823,-0.55425163205371231,0,-0.18150688216919969,0.46589188845183477,0
10.575,1,0.11937250455813404,-0.2276654871771914,0,-0.27683950310011352,-0.11558498831285087,0
10.5775,0,-0.47773418147536861,-0.55308636385929866,0,-0.18039725654309363,0.4663226670790579,0
10.5775,1,0.11868004140590661,-0.22795357376635395,0,-0.27713101868182533,-0.11488428301718825,0
10.58,0,-0.47818378637250575,-0.55192002204710611,0,-0.17928666116660577,0.46675078267500664,0
10.58,1,0.11798685170637623,-0.22823990773331604,0,-0.27742074094248992,-0.11418289055247957,0
10.5825,0,-0.47863061357665626,-0.55075261327712111,0,-0.17817510215381099,0.46717623331295399,0
10.5825,1,0.11729293994473293,-0.22852448736601616,0,-0.2777086683721457,-0.11348081560761383,0
10.585,0,-0.47907466068637511,-0.54958414421413138,0,-0.17706258562128949,0.46759901707884732,0
10.585,1,0.1165983106099258,-0.22880731096411841,0,-0.2779947994735581,-0.11277806287419501,0
10.5875,0,-0.47951592531551185,-0.54841462152769371,0,-0.17594911768810767,0.46801913207130441,0
10.5875,1,0.11590296819463108,-0.22908837683901928,0,-0.27827913276222088,-0.11207463704650532,0
10.59,0,-0.47995440509321674,-0.54724405189210257,0,-0.17483470447579902,0.46843657640160924,0
10.59,1,0.11520691719522036,-0.22936768331385424,0,-0.27856166676635735,-0.11137054282146851,0
10.5925,0,-0.48039009766394691,-0.5460724419863584,0,-0.1737193521083451,0.46885134819370783,0
10.5925,1,0.11451016211172876,-0.22964522872350435,0,-0.27884240002692123,-0.11066578489861316,0
10.595,0,-0.48082300068747252,-0.54489979849413606,0,-0.17260306671215656,0.4692634455842043,0
10.595,1,0.11381270744782311,-0.22992101141460267,0,-0.27912133109759762,-0.10996036798003611,0
10.5975,0,-0.48125311183888281,-0.54372612810375287,0,-0.17148585441605416,0.46967286672235659,0
10.5975,1,0.11311455771077011,-0.23019502974554068,0,-0.27939845854480388,-0.1092542967703658,0
10.6,0,-0.48168042880859196,-0.54255143750813728,0,-0.17036772135124997,0.47007960977007235,0
10.6,1,0.11241571741140449,-0.23046728208647455,0,-0.27967378094769024,-0.10854757597672567,0
10.6025,0,-0.48210494930234521,-0.54137573340479728,0,-0.16924867365132851,0.47048367290190501,0
10.6025,1,0.11171619106409721,-0.23073776681933134,0,-0.2799472968981403,-0.10784021030869761,0
10.605,0,-0.48252667104122465,-0.54019902249578855,0,-0.16812871745222802,0.47088505430504962,0
10.605,1,0.11101598318672357,-0.23100648233781507,0,-0.28021900500077163,-0.10713220447828546,0
10.6075,0,-0.48294559176165519,-0.53902131148768306,0,-0.16700785889222167,0.47128375217933882,0
10.6075,1,0.11031509830063144,-0.23127342704741277,0,-0.28048890387293596,-0.10642356319987847,0
10.61,0,-0.48336170921541033,-0.53784260709153731,0,-0.165886104111899,0.47167976473723872,0
10.61,1,0.10961354093060936,-0.23153859936540039,0,-0.2807569921447195,-0.10571429119021487,0
10.6125,0,-0.4837750211696179,-0.53666291602286098,0,-0.16476345925414723,0.47207309020384502,0
10.6125,1,0.10891131560485479,-0.23180199772084858,0,-0.28102326845894304,-0.10500439316834537,0
10.615,0,-0.48418552540676574,-0.53548224500158503,0,-0.16363993046413275,0.47246372681687898,0
10.615,1,0.10820842685494216,-0.23206362055462851,0,-0.28128773147116193,-0.10429387385559678,0
10.6175,0,-0.48459321972470748,-0.53430060075203056,0,-0.16251552388928259,0.47285167282668322,0
10.6175,1,0.10750487921579112,-0.23232346631941742,0,-0.28155037984966591,-0.10358273797553567,0
10.62,0,-0.48499810193666815,-0.53311799000287696,0,-0.16139024567926599,0.47323692649621796,0
10.62,1,0.10680067722563469,-0.23258153347970426,0,-0.28181121227547901,-0.10287099025393194,0
10.6225,0,-0.48540016987124968,-0.53193441948713038,0,-0.16026410198597596,0.47361948610105703,0
10.6225,1,0.10609582542598739,-0.23283782051179508,0,-0.28207022744235904,-0.10215863541872255,0
10.625,0,-0.48579942137243654,-0.53074989594209232,0,-0.15913709896351097,0.47399934992938375,0
10.625,1,0.10539032836161344,-0.23309232590381845,0,-0.28232742405679739,-0.10144567819997524,0
10.6275,0,-0.4861958542996011,-0.52956442610932808,0,-0.15800924276815664,0.47437651628198713,0
10.6275,1,0.10468419058049491,-0.23334504815573073,0,-0.28258280083801823,-0.10073212332985226,0
10.63,0,-0.48658946652750928,-0.52837801673463525,0,-0.15688053955836748,0.47475098347225797,0
10.63,1,0.10397741663379992,-0.23359598577932125,0,-0.28283635651797789,-0.10001797554257413,0
10.6325,0,-0.48698025594632566,-0.52719067456801216,0,-0.15575099549474866,0.47512274982618485,0
10.6325,1,0.10327001107585074,-0.23384513729821746,0,-0.28308808984136413,-0.099303239574383487,0
10.635,0,-0.48736822046161915,-0.5260024063636265,0,-0.15462061674003794,0.47549181368235033,0
10.635,1,0.10256197846409204,-0.23409250124788983,0,-0.28333799956559524,-0.098587920163508896,0
10.6375,0,-0.48775335799436803,-0.52481321887978361,0,-0.15348940945908743,0.47585817339192699,0
10.6375,1,0.10185332335905903,-0.23433807617565688,0,-0.28358608446081901,-0.097872022050128779,0
10.64,0,-0.48813566648096546,-0.52362311887889534,0,-0.1523573798188457,0.47622182731867368,0
10.64,1,0.10114405032434562,-0.23458186064068998,0,-0.28383234330991153,-0.097155549976335256,0
10.6425,0,-0.48851514387322442,-0.52243211312744831,0,-0.15122453398833968,0.47658277383893155,0
10.6425,1,0.10043416392657263,-0.23482385321401802,0,-0.28407677490847616,-0.096438508686098157,0
10.645,0,-0.48889178813838319,-0.52124020839597263,0,-0.15009087813865668,0.47694101134162031,0
10.645,1,0.099723668735355986,-0.23506405247853218,0,-0.28431937806484198,-0.095720902925228959,0
10.6475,0,-0.48926559725911017,-0.52004741145901034,0,-0.14895641844292656,0.47729653822823442,0
10.6475,1,0.09901256932327486,-0.23530245702899039,0,-0.28456015160006248,-0.095002737441344826,0
10.65,0,-0.48963656923350923,-0.51885372909508398,0,-0.14782116107630383,0.47764935291283933,0
10.65,1,0.09830087026583989,-0.23553906547202186,0,-0.28479909434791395,-0.094284016983832653,0
10.6525,0,-0.49000470207512453,-0.51765916808666534,0,-0.14668511221594982,0.47799945382206754,0
10.6525,1,0.097588576141461381,-0.23577387642613143,0,-0.28503620515489381,-0.093564746303813173,0
10.655,0,-0.49036999381294571,-0.51646373522014388,0,-0.14554827804101492,0.47834683939511513,0
10.655,1,0.096875691531417493,-0.23600688852170382,0,-0.28527148288021881,-0.09284493015410504,0
10.6575,0,-0.49073244249141273,-0.51526743728579527,0,-0.1444106647326209,0.47869150808373778,0
10.6575,1,0.096162221019822441,-0.23623810040100793,0,-0.28550492639582326,-0.092124573289189035,0
10.66,0,-0.49109204617042079,-0.51407028107775032,0,-0.14327227847384316,0.4790334583522472,0
10.66,1,0.095448169193594723,-0.23646751071820088,0,-0.28573653458635684,-0.091403680465172235,0
10.6625,0,-0.49144880292532522,-0.51287227339396313,0,-0.14213312544969317,0.47937268867750737,0
10.6625,1,0.094733540642425298,-0.23669511813933203,0,-0.28596630634918269,-0.090682256439752265,0
10.665,0,-0.49180271084694621,-0.51167342103618008,0,-0.14099321184710087,0.47970919754893082,0
10.665,1,0.094018339958745853,-0.23692092134234694,0,-0.28619424059437509,-0.089960305972181562,0
10.6675,0,-0.49215376804157374,-0.51047373080990832,0,-0.13985254385489709,0.48004298346847513,0
10.6675,1,0.093302571737696988,-0.2371449190170912,0,-0.28642033624471719,-0.08923783382323168,0
10.67,0,-0.49250197263097212,-0.50927320952438437,0,-0.13871112766379615,0.48037404495063912,0
10.67,1,0.092586240577096468,-0.23736710986531417,0,-0.28664459223569855,-0.088514844755157654,0
10.6725,0,-0.49284732275238485,-0.508071863992543,0,-0.13756896946637828,0.48070238052245934,0
10.6725,1,0.091869351077407457,-0.23758749260067269,0,-0.28686700751551264,-0.087791343531662389,0
10.675,0,-0.49318981655853916,-0.5068697010309855,0,-0.13642607545707236,0.48102798872350644,0
10.675,1,0.09115190784170675,-0.2378060659487346,0,-0.28708758104505416,-0.087067334917861075,0
10.6775,0,-0.49352945221765065,-0.50566672745994878,0,-0.13528245183213847,0.48135086810588157,0
10.6775,1,0.090433915475653034,-0.23802282864698224,0,-0.28730631179791638,-0.086342823680245651,0
10.68,0,-0.49386622791342788,-0.50446295010327369,0,-0.13413810478965058,0.48167101723421285,0
10.68,1,0.089715378587455152,-0.23823777944481586,0,-0.28752319876038818,-0.085617814586649327,0
10.6825,0,-0.49420014184507677,-0.50325837578837385,0,-0.1329930405294793,0.48198843468565189,0
10.6825,1,0.088996301787840348,-0.23845091710355693,0,-0.28773824093145112,-0.084892312406211132,0
10.685,0,-0.49453119222730518,-0.50205301134620439,0,-0.13184726525327467,0.48230311904987022,0
10.685,1,0.088276689690022558,-0.23866224039645137,0,-0.28795143732277639,-0.084166321909340494,0
10.6875,0,-0.49485937729032736,-0.50084686361123076,0,-0.13070078516444894,0.48261506892905576,0
10.6875,1,0.087556546909670685,-0.23887174810867265,0,-0.28816278695872177,-0.083439847867681841,0
10.69,0,-0.49518469527986814,-0.49963993942139706,0,-0.12955360646815942,0.4829242829379094,0
10.69,1,0.086835878064876873,-0.23907943903732484,0,-0.2883722888763281,-0.082712895054079319,0
10.6925,0,-0.49550714445716743,-0.49843224561809513,0,-0.12840573537129138,0.48323075970364154,0
10.6925,1,0.086114687776124813,-0.23928531199144562,0,-0.28857994212531607,-0.081985468242541479,0
10.695,0,-0.49582672309898457,-0.49722378904613312,0,-0.12725717808244105,0.48353449786596875,0
10.695,1,0.08539298066625807,-0.23948936579200905,0,-0.28878574576808275,-0.081257572208206036,0
10.6975,0,-0.49614342949760248,-0.49601457655370429,0,-0.12610794081189852,0.48383549607711024,0
10.6975,1,0.084670761360448349,-0.23969159927192843,0,-0.28898969887969794,-0.080529211727304637,0
10.7,0,-0.4964572619608319,-0.49480461499235567,0,-0.1249580297716308,0.48413375300178452,0
10.7,1,0.08394803448616385,-0.23989201127605897,0,-0.28919180054790045,-0.079800391577127733,0
10.7025,0,-0.49676821881201549,-0.49359391121695695,0,-0.12380745117526487,0.48442926731720604,0
10.7025,1,0.083224804673137601,-0.24009060066120036,0,-0.28939204987309436,-0.07907111653598943,0
10.705,0,-0.49707629839003215,-0.4923824720856691,0,-0.1226562112380708,0.48472203771308192,0
10.705,1,0.0825010765533358,-0.24028736629609934,0,-0.2895904459683451,-0.078341391383192446,0
10.7075,0,-0.4973814990493009,-0.49117030445991322,0,-0.12150431617694488,0.48501206289160859,0
10.7075,1,0.081776854760926151,-0.24048230706145207,0,-0.28978698795937552,-0.077611220898993055,0
10.71,0,-0.49768381915978505,-0.48995741520433939,0,-0.1203517722103928,0.48529934156746846,0
10.71,1,0.081052143932246232,-0.24067542184990653,0,-0.28998167498456162,-0.076880609864566088,0
10.7125,0,-0.4979832571069962,-0.48874381118679527,0,-0.11919858555851286,0.48558387246782669,0
10.7125,1,0.080326948705771867,-0.24086670956606471,0,-0.29017450619492852,-0.076149563061970016,0
10.715,0,-0.49827981129199805,-0.48752949927829509,0,-0.11804476244297928,0.48586565433232803,0
10.715,1,0.07960127372208553,-0.24105616912648481,0,-0.29036548075414598,-0.075418085274112021,0
10.7175,0,-0.49857348013141056,-0.4863144863529883,0,-0.11689030908702544,0.48614468591309351,0
10.7175,1,0.07887512362384469,-0.24124379945968333,0,-0.29055459783852416,-0.074686181284713146,0
10.72,0,-0.49886426205741363,-0.48509877928812856,0,-0.11573523171542724,0.48642096597471723,0
10.72,1,0.078148503055750274,-0.24142959950613707,0,-0.29074185663700902,-0.073953855878273494,0
10.7225,0,-0.49915215551775105,-0.48388238496404234,0,-0.11457953655448649,0.48669449329426334,0
10.7225,1,0.077421416664515047,-0.24161356821828495,0,-0.29092725635117767,-0.073221113840037447,0
10.725,0,-0.49943715897573415,-0.48266531026409792,0,-0.11342322983201431,0.48696526666126272,0
10.725,1,0.076693869098832038,-0.24179570456052993,0,-0.29111079619523361,-0.072487959955958983,0
10.7275,0,-0.49971927091024582,-0.48144756207467421,0,-0.11226631777731455,0.48723328487770995,0
10.7275,1,0.075965865009342992,-0.2419760075092407,0,-0.29129247539600217,-0.071754399012666933,0
10.73,0,-0.49999848981574391,-0.4802291472851295,0,-0.11110880662116733,0.48749854675806026,0
10.73,1,0.075237409048606832,-0.24215447605275331,0,-0.29147229319292528,-0.07102043579743042,0
10.7325,0,-0.50027481420226516,-0.47901007278777041,0,-0.10995070259581254,0.48776105112922641,0
10.7325,1,0.074508505871068109,-0.24233110919137274,0,-0.29165024883805668,-0.070286075098124248,0
10.735,0,-0.50054824259542863,-0.47779034547782068,0,-0.10879201193493337,0.48802079683057559,0
10.735,1,0.073779160133025462,-0.24250590593737439,0,-0.29182634159605658,-0.069551321703194363,0
10.7375,0,-0.50081877353643933,-0.47656997225339004,0,-0.10763274087363997,0.48827778271392658,0
10.7375,1,0.073049376492600154,-0.2426788653150054,0,-0.29200057074418667,-0.068816180401623364,0
10.74,0,-0.50108640558209194,-0.47534896001544319,0,-0.10647289564845301,0.4885320076435466,0
10.74,1,0.072319159609704545,-0.24284998636048605,0,-0.29217293557230467,-0.068080655982896088,0
10.7425,0,-0.5013511373047741,-0.47412731566776856,0,-0.10531248249728738,0.4887834704961484,0
10.7425,1,0.071588514146010584,-0.24301926812201088,0,-0.2923434353828589,-0.067344753236965177,0
10.745,0,-0.50161296729246996,-0.47290504611694728,0,-0.10415150765943589,0.48903217016088735,0
10.745,1,0.070857444764918412,-0.24318670965974987,0,-0.29251206949088288,-0.066608476954216789,0
10.7475,0,-0.50187189414876365,-0.47168215827232196,0,-0.102989977375553,0.48927810553935858,0
10.7475,1,0.070125956131524822,-0.24335231004584942,0,-0.29267883722398957,-0.065871831925436261,0
10.75,0,-0.50212791649284261,-0.47045865904596579,0,-0.1018278978876386,0.48952127554559388,0
10.75,1,0.069394052912591875,-0.24351606836443343,0,-0.29284373792236584,-0.065134822941773862,0
10.7525,0,-0.50238103295950098,-0.46923455535265124,0,-0.10066527543902179,0.48976167910605917,0
10.7525,1,0.068661739776515462,-0.24367798371160404,0,-0.29300677093876643,-0.06439745479471061,0
10.755,0,-0.50263124219914268,-0.4680098541098191,0,-0.099502116274344729,0.48999931515965139,0
10.755,1,0.067929021393293876,-0.24383805519544247,0,-0.29316793563850818,-0.063659732276024131,0
10.7575,0,-0.502878542877785,-0.46678456223754744,0,-0.098338426639546478,0.49023418265769586,0
10.7575,1,0.067195902434496413,-0.2439962819360097,0,-0.29332723139946404,-0.062921660177754538,0
10.76,0,-0.50312293367706173,-0.4655586866585204,0,-0.097174212781846944,0.49046628056394348,0
10.76,1,0.066462387573232015,-0.24415266306534711,0,-0.29348465761205694,-0.062183243292170391,0
10.7625,0,-0.50336441329422621,-0.46433223429799725,0,-0.096009480949730788,0.49069560785456789,0
10.7625,1,0.065728481484117876,-0.244307197727477,0,-0.29364021367925358,-0.061444486411734708,0
10.765,0,-0.50360298044215457,-0.46310521208378136,0,-0.094844237392931394,0.49092216351816287,0
10.765,1,0.064994188843248105,-0.24445988507840299,0,-0.29379389901655811,-0.060705394329071009,0
10.7675,0,-0.50383863384934879,-0.461877626946189,0,-0.093678488362414838,0.49114594655573968,0
10.7675,1,0.064259514328162404,-0.2446107242861105,0,-0.29394571305200584,-0.059965971836929408,0
10.77,0,-0.50407137225993981,-0.4606494858180184,0,-0.092512240110363977,0.49136695598072422,0
10.77,1,0.063524462617814706,-0.24475971453056686,0,-0.2940956552261566,-0.05922622372815279,0
10.7725,0,-0.50430119443369048,-0.45942079563451882,0,-0.091345498890162441,0.49158519081895452,0
10.7725,1,0.062789038392541893,-0.24490685500372161,0,-0.29424372499208828,-0.058486154795643001,0
10.775,0,-0.50452809914599861,-0.45819156333335925,0,-0.090178270956378745,0.49180065010867824,0
10.775,1,0.062053246334032544,-0.24505214490950658,0,-0.29438992181539009,-0.057745769832327098,0
10.7775,0,-0.50475208518790005,-0.45696179585459773,0,-0.089010562564750442,0.49201333290054983,0
10.7775,1,0.061317091125295611,-0.24519558346383588,0,-0.29453424517415588,-0.057005073631123677,0
10.78,0,-0.50497315136607124,-0.45573150014065,0,-0.087842379972168205,0.4922232382576282,0
10.78,1,0.060580577450629197,-0.24533716989460591,0,-0.2946766945589771,-0.056264070984909209,0
10.7825,0,-0.50519129650283223,-0.45450068313625874,0,-0.08667372943666006,0.4924303652553742,0
10.7825,1,0.059843709995589307,-0.24547690344169515,0,-0.29481726947293607,-0.055522766686484475,0
10.785,0,-0.50540651943614978,-0.45326935178846245,0,-0.085504617217375567,0.49263471298164796,0
10.785,1,0.05910649344695864,-0.24561478335696393,0,-0.29495596943159869,-0.054781165528541023,0
10.7875,0,-0.50561881901963968,-0.45203751304656453,0,-0.084335049574570067,0.49283628053670664,0
10.7875,1,0.058368932492715381,-0.24575080890425413,0,-0.29509279396300747,-0.054039272303627678,0
10.79,0,-0.50582819412256985,-0.45080517386210217,0,-0.083165032769588906,0.49303506703320182,0
10.79,1,0.057631031822002028,-0.2458849793593888,0,-0.29522774260767415,-0.053297091804117132,0
10.7925,0,-0.50603464362986295,-0.44957234118881545,0,-0.081994573064851778,0.49323107159617724,0
10.7925,1,0.056892796125094222,-0.24601729401017167,0,-0.29536081491857252,-0.052554628822172551,0
10.795,0,-0.50623816644209885,-0.44833902198261638,0,-0.080823676723837029,0.49342429336306631,0
10.795,1,0.056154230093369596,-0.24614775215638651,0,-0.29549201046113088,-0.051811888149714262,0
10.7975,0,-0.50643876147551747,-0.44710522320155793,0,-0.079652350011065964,0.49361473148368989,0
10.7975,1,0.05541533841927665,-0.24627635310979665,0,-0.2956213288132245,-0.051068874578386492,0
10.8,0,-0.50663642766202144,-0.445870951805803,0,-0.078480599192087261,0.49380238512025393,0
10.8,1,0.054676125796303661,-0.24640309619414402,0,-0.29574876956516816,-0.050325592899524152,0
10.8025,0,-0.50683116394917838,-0.44463621475759352,0,-0.07730843053346137,0.49398725344734717,0
10.8025,1,0.053936596918947567,-0.24652798074514859,0,-0.29587433231970822,-0.049582047904119665,0
10.805,0,-0.50702296930022361,-0.44340101902121942,0,-0.07613585030274489,0.49416933565193888,0
10.805,1,0.053196756482682912,-0.24665100611050722,0,-0.29599801669201509,-0.048838244382789886,0
10.8075,0,-0.50721184269406261,-0.4421653715629878,0,-0.074962864768475065,0.49434863093337672,0
10.8075,1,0.052456609183930802,-0.24677217164989287,0,-0.2961198223096751,-0.048094187125743031,0
10.81,0,-0.50739778312527339,-0.44092927935119186,0,-0.073789480200154259,0.49452513850338453,0
10.81,1,0.051716159720027854,-0.24689147673495349,0,-0.29623974881268272,-0.047349880922745703,0
10.8125,0,-0.50758078960410891,-0.43969274935608005,0,-0.072615702868234419,0.49469885758606003,0
10.8125,1,0.050975412789195214,-0.24700892074931077,0,-0.2963577958534323,-0.046605330563089943,0
10.815,0,-0.50776086115649932,-0.43845578854982514,0,-0.071441539044101623,0.49486978741787291,0
10.815,1,0.050234373090507538,-0.24712450308855907,0,-0.29647396309671015,-0.045860540835560355,0
10.8175,0,-0.50793799682405449,-0.43721840390649325,0,-0.070266995000060617,0.4950379272476626,0
10.8175,1,0.049493045323862041,-0.24723822316026403,0,-0.29658825021968604,-0.045115516528401275,0
10.82,0,-0.50811219566406618,-0.43598060240201286,0,-0.069092077009319422,0.49520327633663624,0
10.82,1,0.048751434189947554,-0.24735008038396114,0,-0.29670065691190511,-0.044370262429284005,0
10.8225,0,-0.50828345674951025,-0.43474239101414414,0,-0.067916791345973865,0.49536583395836664,0
10.8225,1,0.048009544390213571,-0.24746007419115434,0,-0.29681118287527924,-0.0436247833252741,0
10.825,0,-0.50845177916904893,-0.43350377672244766,0,-0.066741144284992254,0.49552559939879037,0
10.825,1,0.047267380626839377,-0.24756820402531443,0,-0.29691982782407866,-0.042879084002798711,0
10.8275,0,-0.50861716202703289,-0.43226476650825391,0,-0.065565142102199991,0.49568257195620563,0
10.8275,1,0.046524947602703128,-0.24767446934187745,0,-0.29702659148492327,-0.04213316924761399,0
10.83,0,-0.50877960444350345,-0.43102536735463204,0,-0.064388791074264234,0.49583675094127039,0
10.83,1,0.045782250021351008,-0.24777886960824294,0,-0.29713147359677411,-0.041387043844772549,0
10.8325,0,-0.50893910555419464,-0.42978558624635921,0,-0.063212097478678606,0.49598813567700051,0
10.8325,1,0.045039292586966387,-0.24788140430377215,0,-0.29723447391092434,-0.040640712578590969,0
10.835,0,-0.50909566451053512,-0.4285454301698895,0,-0.062035067593747856,0.49613672549876792,0
10.835,1,0.044296080004338996,-0.24798207291978616,0,-0.29733559219099054,-0.039894180232617371,0
10.8375,0,-0.50924928047965057,-0.42730490611332317,0,-0.060857707698572627,0.49628251975429855,0
10.8375,1,0.043552616978834127,-0.24808087495956394,0,-0.29743482821290379,-0.039147451589599071,0
10.84,0,-0.50939995264436511,-0.4260640210663757,0,-0.059680024073034195,0.49642551780367083,0
10.84,1,0.042808908216361873,-0.24817780993834024,0,-0.29753218176490048,-0.038400531431450238,0
10.8425,0,-0.50954768020320362,-0.42482278202034696,0,-0.058502022997779221,0.49656571901931368,0
10.8425,1,0.042064958423346357,-0.24827287738330359,0,-0.29762765264751334,-0.037653424539219674,0
10.845,0,-0.50969246237039356,-0.4235811959680903,0,-0.057323710754204546,0.49670312278600481,0
10.845,1,0.041320772306695015,-0.24836607683359394,0,-0.29772124067356215,-0.036906135693058589,0
10.8475,0,-0.50983429837586691,-0.42233926990398168,0,-0.056145093624442012,0.4968377285008691,0
10.8475,1,0.040576354573767882,-0.24845740784030049,0,-0.29781294566814437,-0.036158669672188497,0
10.85,0,-0.50997318746526166,-0.4210970108238889,0,-0.054966177891343268,0.49696953557337686,0
10.85,1,0.039831709932346922,-0.24854686996645931,0,-0.29790276746862598,-0.035411031254869128,0
10.8525,0,-0.51010912889992388,-0.41985442572514048,0,-0.053786969838464621,0.49709854342534215,0
10.8525,1,0.039086843090605353,-0.24863446278705084,0,-0.29799070592463178,-0.0346632252183664,0
10.855,0,-0.51024212195690954,-0.41861152160649517,0,-0.052607475750051917,0.49722475149092121,0
10.855,1,0.038341758757077016,-0.24872018588899744,0,-0.29807676089803592,-0.033915256338920494,0
10.8575,0,-0.51037216592898593,-0.41736830546811077,0,-0.051427701911025393,0.49734815921661091,0
10.8575,1,0.037596461640625779,-0.24880403887116073,0,-0.29816093226295237,-0.033167129391713922,0
10.86,0,-0.51049926012463342,-0.41612478431151345,0,-0.050247654606964599,0.49746876606124713,0
10.86,1,0.036850956450414932,-0.24888602134433893,0,-0.29824321990572505,-0.032418849150839722,0
10.8625,0,-0.51062340386804728,-0.4148809651395669,0,-0.049067340124093313,0.49758657149600327,0
10.8625,1,0.03610524789587663,-0.24896613293126407,0,-0.29832362372491811,-0.03167042038926967,0
10.865,0,-0.51074459649913895,-0.41363685495644142,0,-0.047886764749264454,0.49770157500438877,0
10.865,1,0.035359340686681347,-0.2490443732665992,0,-0.29840214363130596,-0.030921847878822559,0
10.8675,0,-0.51086283737353799,-0.41239246076758312,0,-0.046705934769945064,0.49781377608224769,0
10.8675,1,0.034613239532707382,-0.2491207419969354,0,-0.29847877954786345,-0.030173136390132551,0
10.87,0,-0.51097812586259317,-0.41114778957968312,0,-0.045524856474201243,0.49792317423775728,0
10.87,1,0.03386694914401036,-0.24919523878078884,0,-0.29855353140975566,-0.029424290692617584,0
10.8725,0,-0.51109046135337433,-0.40990284840064661,0,-0.044343536150683149,0.49802976899142654,0
10.8725,1,0.033120474230792757,-0.24926786328859768,0,-0.29862639916432782,-0.028675315554447838,0
10.875,0,-0.5111998432486734,-0.40865764423956219,0,-0.04316198008860999,0.49813355987609492,0
10.875,1,0.03237381950337348,-0.24933861520271888,0,-0.2986973827710952,-0.027926215742514263,0
10.8775,0,-0.51130627096700632,-0.4074121841066709,0,-0.041980194577755037,0.4982345464369311,0
10.8775,1,0.031626989672157442,-0.24940749421742503,0,-0.29876648220173263,-0.027176996022397169,0
10.88,0,-0.51140974394261407,-0.40616647501333547,0,-0.040798185908430651,0.49833272823143149,0
10.88,1,0.030879989447605196,-0.24947450003890095,0,-0.29883369744006422,-0.026427661158334885,0
10.8825,0,-0.51151026162546398,-0.40492052397200939,0,-0.039615960371473323,0.49842810482941918,0
10.8825,1,0.030132823540202549,-0.24953963238524035,0,-0.29889902848205291,-0.025678215913192456,0
10.885,0,-0.51160782348125111,-0.40367433799620633,0,-0.038433524258228727,0.49852067581304266,0
10.885,1,0.029385496660430246,-0.24960289098644237,0,-0.2989624753357899,-0.024928665048430439,0
10.8875,0,-0.51170242899139962,-0.40242792410046907,0,-0.037250883860536786,0.49861044077677458,0
10.8875,1,0.028638013518733654,-0.24966427558440799,0,-0.29902403802148397,-0.024179013324073732,0
10.89,0,-0.51179407765306373,-0.40118128930033886,0,-0.036068045470716757,0.4986973993274107,0
10.89,1,0.027890378825492484,-0.24972378593293643,0,-0.29908371657145089,-0.02342926549868047,0
10.8925,0,-0.5118827689791291,-0.39993444061232453,0,-0.03488501538155233,0.49878155108406874,0
10.8925,1,0.027142597290990542,-0.24978142179772142,0,-0.29914151103010256,-0.022679426329310998,0
10.895,0,-0.51196850249821391,-0.39868738505387169,0,-0.033701799886276716,0.49886289567818731,0
10.895,1,0.026394673625385494,-0.24983718295634744,0,-0.29919742145393624,-0.021929500571496889,0
10.8975,0,-0.51205127775466996,-0.39744012964333203,0,-0.032518405278557788,0.49894143275352482,0
10.8975,1,0.02564661253867867,-0.24989106919828583,0,-0.29925144791152342,-0.021179492979210048,0
10.9,0,-0.51213109430858372,-0.39619268139993241,0,-0.031334837852483186,0.49901716196615847,0
10.9,1,0.024898418740684894,-0.24994308032489088,0,-0.29930359048349903,-0.020429408304831843,0
10.9025,0,-0.51220795173577749,-0.39494504734374408,0,-0.030151103902545478,0.49909008298448343,0
10.9025,1,0.024150096941002331,-0.24999321614939582,0,-0.29935384926255015,-0.01967925129912234,0
10.905,0,-0.5122818496278102,-0.39369723449565197,0,-0.028967209723627298,0.4991601954892117,0
10.905,1,0.023401651848982387,-0.25004147649690872,0,-0.29940222435340502,-0.018929026711189574,0
10.9075,0,-0.51235278759197844,-0.39244924987732377,0,-0.027783161610986516,0.49922749917337134,0
10.9075,1,0.022653088173699605,-0.25008786120440829,0,-0.29944871587282162,-0.018178739288458895,0
10.91,0,-0.51242076525131752,-0.39120110051117918,0,-0.026598965860241398,0.49929199374230543,0
10.91,1,0.021904410623921608,-0.25013237012073969,0,-0.2994933239495764,-0.017428393776642379,0
10.9125,0,-0.51248578224460206,-0.38995279342035921,0,-0.025414628767355799,0.49935367891367149,0
10.9125,1,0.021155623908079072,-0.25017500310661012,0,-0.29953604872445289,-0.016677994919708294,0
10.915,0,-0.51254783822634709,-0.38870433562869533,0,-0.024230156628624346,0.49941255441744048,0
10.915,1,0.020406732734235718,-0.25021576003458457,0,-0.29957689035023016,-0.01592754745985064,0
10.9175,0,-0.5126069328668087,-0.38745573416067863,0,-0.023045555740657635,0.49946861999589609,0
10.9175,1,0.019657741810058339,-0.25025464078908122,0,-0.29961584899167143,-0.015177056137458754,0
10.92,0,-0.51266306585198496,-0.38620699604142922,0,-0.021860832400367444,0.49952187540363402,0
10.92,1,0.018908655842786861,-0.25029164526636688,0,-0.29965292482551215,-0.014426525691086965,0
10.9225,0,-0.51271623688361656,-0.3849581282966652,0,-0.020675992904951944,0.49957232040756122,0
10.9225,1,0.018159479539204409,-0.2503267733745525,0,-0.29968811804044854,-0.013675960857424336,0
10.925,0,-0.51276644567918761,-0.38370913795267214,0,-0.019491043551880919,0.4996199547868953,0
10.925,1,0.017410217605607441,-0.25036002503358834,0,-0.29972142883712571,-0.012925366371264452,0
10.9275,0,-0.51281369197192606,-0.38246003203627205,0,-0.018305990638881005,0.49966477833316392,0
10.9275,1,0.016660874747775879,-0.25039140017525924,0,-0.29975285742812574,-0.012174746965475287,0
10.93,0,-0.51285797551080459,-0.38121081757479286,0,-0.01712084046392091,0.49970679085020409,0
10.93,1,0.015911455670943278,-0.2504208987431798,0,-0.29978240403795581,-0.011424107370969126,0
10.9325,0,-0.51289929606054097,-0.37996150159603742,0,-0.01593559932519668,0.49974599215416171,0
10.9325,1,0.015161965079767038,-0.25044852069278933,0,-0.29981006890303624,-0.01067345231667256,0
10.935,0,-0.5129376534015988,-0.37871209112825288,0,-0.014750273521116929,0.49978238207349096,0
10.935,1,0.014412407678298633,-0.25047426599134703,0,-0.29983585227168824,-0.0099227865294965415,0
10.9375,0,-0.51297304733018811,-0.37746259320009984,0,-0.013564869350288097,0.49981596044895393,0
10.9375,1,0.013662788169953871,-0.2504981346179268,0,-0.29985975440412194,-0.0091721147343065117,0
10.94,0,-0.51300547765826532,-0.37621301484062164,0,-0.012379393111499718,0.49984672713362005,0
10.94,1,0.012913111257483189,-0.25052012656341205,0,-0.29988177557242401,-0.0084214416538925876,0
10.9425,0,-0.51303494421353435,-0.37496336307921352,0,-0.011193851103709677,0.49987468199286572,0
10.9425,1,0.012163381642941977,-0.25054024183049056,0,-0.2999019160605455,-0.0076707720089398169,0
10.945,0,-0.51306144683944654,-0.37371364494559195,0,-0.010008249626029484,0.49989982490437396,0
10.945,1,0.011413604027660933,-0.25055848043364926,0,-0.29992017616428923,-0.0069201105179985036,0
10.9475,0,-0.5130849853952012,-0.37246386746976379,0,-0.0088225949777095414,0.49992215575813398,0
10.9475,1,0.010663783112216449,-0.25057484239916855,0,-0.29993655619129767,-0.0061694618974545978,0
10.95,0,-0.51310555975574601,-0.37121403768199557,0,-0.0076368934581244278,0.49994167445644089,0
10.95,1,0.0099139235964010274,-0.25058932776511722,0,-0.29995105646104009,-0.0054188308615001467,0
10.9525,0,-0.51312316981177708,-0.36996416261278264,0,-0.0064511513667581746,0.49995838091389549,0
10.9525,1,0.0091640301791937277,-0.25060193658134672,0,-0.29996367730480022,-0.0046682221221038232,0
10.955,0,-0.51313781546973947,-0.36871424929281854,0,-0.0052653750031895485,0.49997227505740399,0
10.955,1,0.0084141075587306473,-0.25061266890948558,0,-0.29997441906566341,-0.0039176403889815111,0
10.9575,0,-0.5131494966518273,-0.36746430475296404,0,-0.0040795706670773389,0.49998335682617773,0
10.9575,1,0.0076641604322754383,-0.25062152482293376,0,-0.299983282098504,-0.0031670903695669647,0
10.96,0,-0.51315821329598388,-0.36621433602421666,0,-0.0028937446581456449,0.49999162617173309,0
10.96,1,0.0069141934961898426,-0.25062850440685697,0,-0.29999026676997248,-0.0024165767689825319,0
10.9625,0,-0.51316396535590181,-0.36496435013767964,0,-0.0017079032761691659,0.49999708305789137,0
10.9625,1,0.0061642114459042737,-0.25063360775818072,0,-0.29999537345848259,-0.001666104290009946,0
10.965,0,-0.5131667528010232,-0.36371435412453129,0,-0.00052205282095849114,0.49999972746077853,0
10.965,1,0.0054142189758884223,-0.25063683498558453,0,-0.29999860255419847,-0.00091567763306118501,0
10.9675,0,-0.51316657561653978,-0.36246435501599428,0,0.00066380040765460775,0.49999955936882534,0
10.9675,1,0.0046642207796218976,-0.25063818620949607,0,-0.29999995445902156,-0.00016530149614939877,0
10.97,0,-0.51316343380339291,-0.3612143598433048,0,0.0018496501098318845,0.49999657878276715,0
10.97,1,0.0039142215495648986,-0.25063766156208483,0,-0.29999942958657744,0.00058501942514009554,0
10.9725,0,-0.51315732737827346,-0.3599643756376818,0,0.0030354899857433252,0.49999078571564409,0
10.9725,1,0.003164225977128923,-0.25063526118725632,0,-0.29999702836220293,0.0013352804376787512,0
10.975,0,-0.51314825637362182,-0.35871440943029625,0,0.0042213137355818567,0.49998218019280094,0
10.975,1,0.0024142387526475038,-0.2506309852406457,0,-0.29999275122293256,0.0020854768508236608,0
10.9775,0,-0.51313622083762789,-0.35746446825224037,0,0.0054071150595780548,0.49997076225188725,0
10.9775,1,0.001664264565346981,-0.2506248338896116,0,-0.29998659861748556,0.0028356039764463555,0
10.98,0,-0.51312122083423095,-0.35621455913449696,0,0.0065928876580148513,0.4999565319428575,0
10.98,1,0.00091430810331730866,-0.25061680731322983,0,-0.2999785710062523,0.0035856571289615393,0
10.9825,0,-0.51310325644311938,-0.3549646891079084,0,0.0077786252312422484,0.49993948932797116,0
10.9825,1,0.00016437405348289206,-0.25060690570228694,0,-0.29996866886128098,0.0043356316253557502,0
10.985,0,-0.51308232775973073,-0.35371486520314621,0,0.0089643214796920299,0.49991963448179294,0
10.985,1,-0.00058553289842653926,-0.25059512925927374,0,-0.29995689266626407,0.0050855227852159568,0
10.9875,0,-0.51305843489525127,-0.35246509445067997,0,0.010149970103892472,0.49989696749119295,0
10.9875,1,-0.0013354080679050255,-0.25058147819837878,0,-0.29994324291652485,0.0058353259307580832,0
10.99,0,-0.5130315779766158,-0.3512153838807468,0,0.011335564804483066,0.49987148845534696,0
10.99,1,-0.0020852467716994364,-0.25056595274548177,0,-0.2999277201190037,0.0065850363868554668,0
10.9925,0,-0.51300175714650742,-0.34996574052332047,0,0.012521099282229234,0.4998431974857368,0
10.9925,1,-0.0028350443278384965,-0.25054855313814689,0,-0.29991032479224439,0.0073346494810672446,0
10.995,0,-0.51296897256335705,-0.34871617140808059,0,0.013706567238037056,0.49981209470615046,0
10.995,1,-0.0035847960556617776,-0.250529279625616,0,-0.2998910574663804,0.0080841605436666741,0
10.9975,0,-0.51293322440134326,-0.34746668356438204,0,0.014891962372967997,0.49977818025268256,0
10.9975,1,-0.0043344972758486543,-0.25050813246880183,0,-0.29986991868312107,0.0088335649076693827,0
11,0,-0.51289451285039178,-0.34621728402122404,0,0.016077278388253631,0.49974145427373479,0
11,1,-0.005084143310447228,-0.25048511194028117,0,-0.29984690899573774,0.0095828579088615452,0
11.0025,0,-0.51285283811617488,-0.34496797980721933,0,0.017262508985310388,0.49970191693001625,0
11.0025,1,-0.0058337294829032124,-0.25046021832428783,0,-0.29982202896904975,0.010332034885827995,0
11.005,0,-0.5128082004201111,-0.3437187779505636,0,0.018447647865754285,0.49965956839454395,0
11.005,1,-0.0065832511180887879,-0.25043345191670557,0,-0.2997952791794104,0.011081091179980266,0
11.0075,0,-0.51276059999936463,-0.34246968547900464,0,0.01963268873141568,0.49961440885264324,0
11.0075,1,-0.0073327035423314171,-0.25040481302506112,0,-0.29976666021469306,0.011830022135584565,0
11.01,0,-0.51271003710684493,-0.34122070941981142,0,0.020817625284354019,0.49956643850194843,0
11.01,1,-0.0080820820834426287,-0.2503743019685169,0,-0.29973617267427677,0.012578823099789669,0
11.0125,0,-0.51265651201120588,-0.33997185679974345,0,0.022002451226872593,0.49951565755240335,0
11.0125,1,-0.0088313820707467648,-0.25034191907786385,0,-0.29970381716903222,0.013327489422654756,0
11.015,0,-0.51260002499684532,-0.33872313464502013,0,0.023187160261533304,0.49946206622626182,0
11.015,1,-0.0095805988351096889,-0.25030766469551408,0,-0.29966959432130741,0.01407601645717717,0
11.0175,0,-0.51254057636390449,-0.33747454998128967,0,0.024371746091171438,0.49940566475808845,0
11.0175,1,-0.010329727708967465,-0.25027153917549344,0,-0.29963350476491329,0.014824399559320108,0
11.02,0,-0.51247816642826693,-0.33622610983359863,0,0.025556202418910441,0.49934645339475919,0
11.02,1,-0.011078764026354992,-0.25023354288343425,0,-0.29959554914510944,0.01557263408804024,0
11.0225,0,-0.51241279552155805,-0.33497782122636083,0,0.026740522948176706,0.49928443239546211,0
11.0225,1,-0.011827703122934616,-0.25019367619656757,0,-0.2995557281185896,0.016320715405315264,0
11.025,0,-0.51234446399114442,-0.3337296911833269,0,0.027924701382714367,0.49921960203169802,0
11.025,1,-0.012576540336024686,-0.25015193950371573,0,-0.29951404235346718,0.017068638876171376,0
11.0275,0,-0.5122731722001328,-0.33248172672755316,0,0.029108731426600098,0.49915196258728139,0
11.0275,1,-0.013325271004628096,-0.25010833320528464,0,-0.29947049252926056,0.017816399868710687,0
11.03,0,-0.51219892052736926,-0.33123393488137115,0,0.030292606784257929,0.49908151435834108,0
11.03,1,-0.014073890469460769,-0.25006285771325609,0,-0.29942507933687851,0.018563993754138555,0
11.0325,0,-0.51212170936743839,-0.32998632266635658,0,0.031476321160474066,0.49900825765332119,0
11.0325,1,-0.014822394072980125,-0.25001551345117995,0,-0.29937780347860565,0.01931141590679086,0
11.035,0,-0.5120415391306623,-0.32873889710329868,0,0.032659868260411715,0.4989321927929819,0
11.035,1,-0.01557077715941349,-0.24996630085416627,0,-0.29932866566808747,0.020058661704161186,0
11.0375,0,-0.51195841024309974,-0.32749166521216944,0,0.03384324178962593,0.4988533201104004,0
11.0375,1,-0.016319035074786496,-0.24991522036887739,0,-0.29927766663031563,0.020805726526927963,0
11.04,0,-0.51187232314654507,-0.32624463401209269,0,0.035026435454078464,0.4987716399509719,0
11.04,1,-0.017067163166951407,-0.24986227245352,0,-0.29922480710161309,0.021552605758981505,0
11.0425,0,-0.51178327829852732,-0.32499781052131349,0,0.036209442960152625,0.49868715267241059,0
11.0425,1,-0.017815156785615446,-0.24980745757783696,0,-0.29917008782961912,0.022299294787451004,0
11.045,0,-0.51169127617230881,-0.32375120175716704,0,0.037392258014668139,0.49859985864475048,0
11.045,1,-0.018563011282369063,-0.24975077622309924,0,-0.29911350957327426,0.023045789002731437,0
11.0475,0,-0.51159631725688437,-0.3225048147360482,0,0.038574874324896057,0.49850975825034677,0
11.0475,1,-0.019310722010714161,-0.24969222888209769,0,-0.29905507310280544,0.023792083798510402,0
11.05,0,-0.51149840205698005,-0.32125865647338042,0,0.039757285598573625,0.49841685188387658,0
11.05,1,-0.020058284326092305,-0.24963181605913481,0,-0.29899477919971074,0.024538174571794892,0
11.0525,0,-0.51139753109305197,-0.32001273398358515,0,0.040939485543919213,0.49832113995234029,0
11.0525,1,-0.020805693585912874,-0.24956953827001641,0,-0.29893262865674419,0.02528405672293799,0
11.055,0,-0.51129370490128501,-0.31876705428005092,0,0.042121467869647232,0.49822262287506269,0
11.055,1,-0.021552945149581181,-0.24950539604204316,0,-0.29886862227790068,0.026029725655665494,0
11.0575,0,-0.51118692403359167,-0.31752162437510245,0,0.043303226284983051,0.49812130108369407,0
11.0575,1,-0.022300034378526557,-0.24943938991400222,0,-0.29880276087840052,0.02677517677710247,0
11.06,0,-0.51107718905761079,-0.31627645127997006,0,0.04448475449967796,0.49801717502221149,0
11.06,1,-0.023046956636230402,-0.24937152043615859,0,-0.29873504528467421,0.02752040549779973,0
11.0625,0,-0.51096450055670617,-0.31503154200475864,0,0.045666046224024127,0.49791024514691995,0
11.0625,1,-0.023793707288254178,-0.24930178817024665,0,-0.29866547633434709,0.028265407231760249,0
11.065,0,-0.51084885912996503,-0.31378690355841693,0,0.046847095168869583,0.49780051192645386,0
11.065,1,-0.024540281702267391,-0.24923019368946137,0,-0.2985940548762237,0.029010177396465497,0
11.0675,0,-0.5107302653921969,-0.31254254294870665,0,0.048027895045633186,0.4976879758417781,0
11.0675,1,-0.02528667524807551,-0.24915673757844967,0,-0.29852078177027247,0.029754711412901706,0
11.07,0,-0.51060871997393198,-0.31129846718217169,0,0.049208439566319651,0.49757263738618962,0
11.07,1,-0.026032883297647864,-0.24908142043330156,0,-0.29844565788760996,0.030499004705586065,0
11.0725,0,-0.51048422352141964,-0.31005468326410729,0,0.050388722443534553,0.49745449706531863,0
11.0725,1,-0.026778901225145483,-0.24900424286154133,0,-0.2983686841104855,0.031243052702592838,0
11.075,0,-0.51035677669662716,-0.3088111981985292,0,0.051568737390499386,0.4973335553971302,0
11.075,1,-0.027524724406948923,-0.24892520548211861,0,-0.29828986133226532,0.031986850835579415,0
11.0775,0,-0.51022638017723765,-0.3075680189881429,0,0.052748478121066582,0.49720981291192556,0
11.0775,1,-0.028270348221686024,-0.24884430892539935,0,-0.29820919045741684,0.032730394539812288,0
11.08,0,-0.51009303465664912,-0.30632515263431254,0,0.053927938349734611,0.49708327015234366,0
11.08,1,-0.029015768050259662,-0.24876155383315685,0,-0.29812667240149293,0.033473679254192958,0
11.0825,0,-0.50995674084397236,-0.30508260613703042,0,0.055107111791663041,0.49695392767336272,0
11.0825,1,-0.029760979275875423,-0.24867694085856251,0,-0.29804230809111615,0.034216700421283761,0
11.085,0,-0.50981749946402943,-0.30384038649488582,0,0.056285992162687669,0.49682178604230165,0
11.085,1,-0.030505977284069272,-0.24859047066617673,0,-0.2979560984639627,0.034959453487333633,0
11.0875,0,-0.50967531125735188,-0.30259850070503441,0,0.057464573179335607,0.49668684583882172,0
11.0875,1,-0.03125075746273516,-0.24850214393193967,0,-0.2978680444687466,0.035701933902303785,0
11.09,0,-0.50953017698017922,-0.30135695576316723,0,0.058642848558840451,0.49654910765492832,0
11.09,1,-0.031995315202152597,-0.24841196134316193,0,-0.29777814706520367,0.03644413711989334,0
11.0925,0,-0.50938209740445672,-0.30011575866347984,0,0.05982081201915742,0.4964085720949723,0
11.0925,1,-0.032739645895014192,-0.2483199235985151,0,-0.29768640722407552,0.037186058597564846,0
11.095,0,-0.50923107331783402,-0.29887491639864155,0,0.060998457278978541,0.49626523977565196,0
11.095,1,-0.033483744936453154,-0.24822603140802244,0,-0.29759282592709335,0.037927693796569774,0
11.0975,0,-0.50907710552366314,-0.29763443595976447,0,0.062175778057747842,0.49611911132601449,0
11.0975,1,-0.03422760772407072,-0.24813028549304925,0,-0.29749740416696191,0.038669038181973876,0
11.1,0,-0.50892019484099638,-0.29639432433637264,0,0.063352768075676552,0.49597018738745802,0
11.1,1,-0.0349712296579636,-0.24803268658629343,0,-0.29740014294734324,0.039410087222682549,0
11.1025,0,-0.50876034210458454,-0.29515458851637116,0,0.064529421053758376,0.49581846861373313,0
11.1025,1,-0.03571460614075133,-0.24793323543177576,0,-0.29730104328284046,0.040150836391466056,0
11.105,0,-0.50859754816487512,-0.29391523548601534,0,0.065705730713784702,0.49566395567094479,0
11.105,1,-0.03645773257760361,-0.24783193278483021,0,-0.29720010619898141,0.040891281164984715,0
11.1075,0,-0.50843181388800995,-0.29267627222987969,0,0.066881690778359884,0.49550664923755416,0
11.1075,1,-0.037200604376267592,-0.2477287794120942,0,-0.29709733273220235,0.041631417023813996,0
11.11,0,-0.50826314015582341,-0.29143770573082728,0,0.068057294970916588,0.4953465500043806,0
11.11,1,-0.037943216947095133,-0.24762377609149885,0,-0.29699272392983156,0.04237123945246956,0
11.1125,0,-0.50809152786584011,-0.29019954296997857,0,0.069232537015731052,0.4951836586746034,0
11.1125,1,-0.038685565703070017,-0.24751692361225897,0,-0.2968862808500729,0.043110743939432213,0
11.115,0,-0.50791697793127299,-0.28896179092668062,0,0.070407410637938442,0.49501797596376379,0
11.115,1,-0.039427646059835092,-0.24740822277486321,0,-0.29677800456198927,0.043849925977172778,0
11.1175,0,-0.50773949128102114,-0.28772445657847623,0,0.071581909563548249,0.4948495025997669,0
11.1175,1,-0.040169453435719434,-0.24729767439106404,0,-0.29666789614548605,0.044588781062176931,0
11.12,0,-0.50755906885966739,-0.28648754690107292,0,0.072756027519459615,0.49467823932288385,0
11.12,1,-0.040910983251765412,-0.2471852792838676,0,-0.29655595669129459,0.045327304694969914,0
11.1225,0,-0.50737571162747619,-0.28525106886831214,0,0.073929758233476778,0.49450418688575365,0
11.1225,1,-0.041652230931755727,-0.24707103828752372,0,-0.29644218730095551,0.046065492380141217,0
11.125,0,-0.5071894205603914,-0.28401502945213819,0,0.075103095434324516,0.49432734605338541,0
11.125,1,-0.042393191902240425,-0.24695495224751557,0,-0.29632658908680198,0.046803339626369157,0
11.1275,0,-0.50700019665003393,-0.28277943562256752,0,0.076276032851663567,0.49414771760316029,0
11.1275,1,-0.043133861592563855,-0.24683702202054955,0,-0.29620916317194301,0.047540841946445409,0
11.13,0,-0.50680804090369924,-0.28154429434765754,0,0.077448564216106117,0.49396530232483371,0
11.13,1,-0.043874235434891592,-0.24671724847454488,0,-0.29608991069024665,0.048277994857299437,0
11.1325,0,-0.50661295434435505,-0.28030961259347581,0,0.078620683259231328,0.4937801010205376,0
11.1325,1,-0.044614308864237305,-0.24659563248862323,0,-0.29596883278632319,0.049014793880022875,0
11.135,0,-0.50641493801063897,-0.27907539732406916,0,0.079792383713600853,0.49359211450478235,0
11.135,1,-0.045354077318489595,-0.24647217495309834,0,-0.29584593061550829,0.049751234539893816,0
11.1375,0,-0.50621399295685598,-0.27784165550143264,0,0.080963659312774355,0.49340134360445931,0
11.1375,1,-0.046093536238438787,-0.24634687676946548,0,-0.29572120534384599,0.050487312366401048,0
11.14,0,-0.50601012025297587,-0.27660839408547849,0,0.082134503791325142,0.49320778915884278,0
11.14,1,-0.046832681067803687,-0.24621973885039089,0,-0.29559465814807173,0.051223022893268182,0
11.1425,0,-0.50580332098463066,-0.27537562003400545,0,0.083304910884855754,0.49301145201959251,0
11.1425,1,-0.047571507253258274,-0.24609076211970121,0,-0.29546629021559551,0.05195836165847776,0
11.145,0,-0.50559359625311207,-0.27414334030266752,0,0.084474874330013563,0.49281233305075589,0
11.145,1,-0.048310010244458378,-0.24595994751237274,0,-0.29533610274448452,0.052693324204295226,0
11.1475,0,-0.50538094717536897,-0.27291156184494308,0,0.085644387864506469,0.49261043312877034,0
11.1475,1,-0.049048185494068294,-0.24582729597452074,0,-0.29520409694344629,0.053427906077292885,0
11.15,0,-0.50516537488400448,-0.27168029161210405,0,0.086813445227118591,0.49240575314246565,0
11.15,1,-0.049786028457787367,-0.24569280846338867,0,-0.29507027403181152,0.054162102828373734,0
11.1525,0,-0.50494688052727343,-0.27044953655318466,0,0.087982040157725927,0.49219829399306642,0
11.1525,1,-0.050523534594376529,-0.2455564859473372,0,-0.29493463523951668,0.054895910012795264,0
11.155,0,-0.50472546526907969,-0.26921930361495056,0,0.089150166397312158,0.49198805659419448,0
11.155,1,-0.051260699365684781,-0.24541832940583347,0,-0.29479718180708703,0.055629323190193154,0
11.1575,0,-0.50450113028897303,-0.26798959974186798,0,0.090317817687984372,0.49177504187187132,0
11.1575,1,-0.051997518236675665,-0.24527833982943997,0,-0.29465791498561911,0.056362337924604919,0
11.16,0,-0.50427387678214686,-0.26676043187607251,0,0.091484987772988899,0.49155925076452062,0
11.16,1,-0.052733986675453641,-0.24513651821980359,0,-0.29451683603676354,0.057094949784493462,0
11.1625,0,-0.50404370595943471,-0.26553180695733813,0,0.092651670396727087,0.49134068422297072,0
11.1625,1,-0.053470100153290477,-0.2449928655896445,0,-0.29437394623270768,0.057827154342770561,0
11.165,0,-0.50381061904730784,-0.26430373192304635,0,0.093817859304771212,0.4911193432104573,0
11.165,1,-0.054205854144651559,-0.24484738296274502,0,-0.29422924685615814,0.058558947176820281,0
11.1675,0,-0.50357461728787201,-0.26307621370815498,0,0.094983548243880334,0.49089522870262575,0
11.1675,1,-0.054941244127222164,-0.24470007137393834,0,-0.29408273920032335,0.059290323868522329,0
11.17,0,-0.50333570193886468,-0.26184925924516728,0,0.096148730962016218,0.49066834168753398,0
11.17,1,-0.055676265581933684,-0.24455093186909735,0,-0.29393442456889607,0.060021280004275299,0
11.1725,0,-0.50309387427365171,-0.26062287546410079,0,0.097313401208359282,0.49043868316565492,0
11.1725,1,-0.05641091399298985,-0.24439996550512322,0,-0.2937843042760358,0.06075181117501989,0
11.175,0,-0.50284913558122457,-0.25939706929245637,0,0.098477552733324564,0.49020625414987928,0
11.175,1,-0.057145184847892834,-0.24424717334993412,0,-0.29363237964635136,0.061481912976261995,0
11.1775,0,-0.50260148716619724,-0.25817184765518714,0,0.099641179288577741,0.48997105566551813,0
11.1775,1,-0.057879073637469379,-0.24409255648245368,0,-0.29347865201488305,0.062211581008095762,0
11.18,0,-0.50235093034880274,-0.25694721747466737,0,0.10080427462705116,0.48973308875030569,0
11.18,1,-0.05861257585589684,-0.24393611599259951,0,-0.29332312272708511,0.062940810875226572,0
11.1825,0,-0.50209746646489017,-0.25572318567066149,0,0.10196683250295992,0.48949235445440215,0
11.1825,1,-0.059345687000729209,-0.24377785298127175,0,-0.29316579313880808,0.063669598186993914,0
11.185,0,-0.50184109686592171,-0.25449975916029299,0,0.10312884667181797,0.48924885384039624,0
11.185,1,-0.060078402572923073,-0.24361776856034126,0,-0.29300666461628094,0.064397938557394244,0
11.1875,0,-0.50158182291896891,-0.25327694485801339,0,0.10429031089045425,0.48900258798330826,0
11.1875,1,-0.060810718076863543,-0.24345586385263815,0,-0.29284573853609341,0.065125827605103687,0
11.19,0,-0.50131964600670953,-0.25205474967557101,0,0.10545121891702884,0.48875355797059278,0
11.19,1,-0.061542629020390135,-0.24329213999193988,0,-0.29268301628517807,0.065853260953500761,0
11.1925,0,-0.50105456752742439,-0.25083318052198011,0,0.10661156451104919,0.48850176490214153,0
11.1925,1,-0.062274130914822597,-0.24312659812295964,0,-0.29251849926079254,0.066580234230688942,0
11.195,0,-0.50078658889499383,-0.24961224430348958,0,0.10777134143338635,0.48824720989028625,0
11.195,1,-0.063005219274986715,-0.24295923940133438,0,-0.29235218887050157,0.067306743069519198,0
11.1975,0,-0.50051571153889429,-0.24839194792355196,0,0.1089305434462912,0.48798989405980164,0
11.1975,1,-0.063735889619240038,-0.24279006499361297,0,-0.2921840865321591,0.068032783107612474,0
11.2,0,-0.50024193690419472,-0.24717229828279233,0,0.11008916431341081,0.48772981854790837,0
11.2,1,-0.0644661374694976,-0.24261907607724423,0,-0.29201419367389037,0.068758349987382034,0
11.2025,0,-0.4999652664515532,-0.2459533022789771,0,0.11124719779980477,0.48746698450427584,0
11.2025,1,-0.065195958351257549,-0.24244627384056494,0,-0.29184251173407377,0.06948343935605579,0
11.205,0,-0.49968570165721349,-0.24473496680698298,0,0.11240463767196152,0.48720139309102539,0
11.205,1,-0.065925347793626798,-0.24227165948278775,0,-0.29166904216132289,0.070208046865698523,0
11.2075,0,-0.49940324401300129,-0.24351729875876579,0,0.11356147769781479,0.4869330454827332,0
11.2075,1,-0.066654301329346535,-0.2420952342139891,0,-0.29149378641446838,0.070932168173234042,0
11.21,0,-0.49911789502632059,-0.24230030502332933,0,0.11471771164676006,0.48666194286643333,0
11.21,1,-0.067382814494817797,-0.24191699925509697,0,-0.29131674596253987,0.071655798940467294,0
11.2125,0,-0.49882965622015008,-0.24108399248669427,0,0.11587333328967105,0.48638808644162085,0
11.2125,1,-0.068110882830126909,-0.24173695583787874,0,-0.29113792228474777,0.072378934834106345,0
11.215,0,-0.49853852913303937,-0.23986836803186692,0,0.11702833639891616,0.48611147742025484,0
11.215,1,-0.068838501879070924,-0.24155510520492887,0,-0.29095731687046517,0.073101571525784337,0
11.2175,0,-0.49824451531910524,-0.23865343853880816,0,0.11818271474837512,0.48583211702676166,0
11.2175,1,-0.069565667189183014,-0.24137144860965654,0,-0.2907749312192095,0.073823704692081327,0
11.22,0,-0.49794761634802798,-0.23743921088440217,0,0.11933646211345553,0.48555000649803787,0
11.22,1,-0.070292374311757805,-0.24118598731627325,0,-0.29059076684062424,0.074545330014546121,0
11.2225,0,-0.49764783380504729,-0.23622569194242532,0,0.12048957227110949,0.48526514708345364,0
11.2225,1,-0.071018618801876668,-0.24099872259978042,0,-0.29040482525446082,0.075266443179717937,0
11.225,0,-0.49734516929095857,-0.23501288858351493,0,0.12164203899985029,0.48497754004485583,0
11.225,1,-0.07174439621843294,-0.24080965574595684,0,-0.29021710799056005,0.075987039879148094,0
11.2275,0,-0.49703962442210903,-0.23380080767513814,0,0.12279385607976911,0.48468718665657107,0
11.2275,1,-0.072469702124157181,-0.24061878805134612,0,-0.29002761658883386,0.07670711580942155,0
11.23,0,-0.49673120083039363,-0.23258945608156067,0,0.12394501729255177,0.4843940882054093,0
11.23,1,-0.073194532085642278,-0.24042612082324413,0,-0.28983635259924695,0.077426666672178429,0
11.2325,0,-0.49641990016325105,-0.23137884066381559,0,0.12509551642149544,0.48409824599066681,0
11.2325,1,-0.073918881673368589,-0.24023165537968624,0,-0.28964331758179823,0.078145688174135419,0
11.235,0,-0.49610572408365977,-0.23016896827967209,0,0.12624534725152559,0.4837996613241296,0
11.235,1,-0.07464274646172897,-0.24003539304943469,0,-0.28944851310650244,0.078864176027107116,0
11.2375,0,-0.49578867427013384,-0.22895984578360434,0,0.12739450356921275,0.48349833553007671,0
11.2375,1,-0.075366122029053809,-0.23983733517196579,0,-0.28925194075337157,0.079582125948027313,0
11.24,0,-0.49546875241671884,-0.22775148002676016,0,0.12854297916278951,0.48319426994528347,0
11.24,1,-0.076089003957636014,-0.23963748309745703,0,-0.28905360211239639,0.080299533658970218,0
11.2425,0,-0.49514596023298763,-0.22654387785692978,0,0.12969076782216729,0.48288746591902498,0
11.2425,1,-0.07681138783375592,-0.23943583818677436,0,-0.2888534987835279,0.081016394887171536,0
11.245,0,-0.49482029944403622,-0.22533704611851466,0,0.13083786333895356,0.48257792481307943,0
11.245,1,-0.077533269247706149,-0.23923240181145908,0,-0.28865163237665858,0.081732705365049563,0
11.2475,0,-0.49449177179047943,-0.22413099165249614,0,0.13198425950646864,0.4822656480017315,0
11.2475,1,-0.078254643793816483,-0.23902717535371498,0,-0.28844800451160402,0.082448460830226153,0
11.25,0,-0.49416037902844662,-0.22292572129640426,0,0.13312995011976292,0.48195063687177581,0
11.25,1,-0.078975507070478596,-0.23882016020639527,0,-0.28824261681808389,0.083163657025547635,0
11.2525,0,-0.49382612292957739,-0.22172124188428638,0,0.13427492897563389,0.48163289282252031,0
11.2525,1,-0.079695854680170833,-0.23861135777298945,0,-0.28803547093570364,0.083878289699105615,0
11.255,0,-0.49348900528101702,-0.22051756024667599,0,0.13541918987264331,0.48131241726578988,0
11.255,1,-0.080415682229482879,-0.23840076946761024,0,-0.28782656851393545,0.084592354604257791,0
11.2575,0,-0.49314902788541232,-0.21931468321056133,0,0.13656272661113442,0.48098921162592972,0
11.2575,1,-0.08113498532914043,-0.23818839671498035,0,-0.28761591121209962,0.085305847499648604,0
11.26,0,-0.49280619256090685,-0.21811261759935416,0,0.13770553299324914,0.48066327733980885,0
11.26,1,-0.08185375959402974,-0.23797424095041925,0,-0.28740350069934578,0.086018764149229848,0
11.2625,0,-0.4924605011411366,-0.21691137023285836,0,0.13884760282294539,0.48033461585682374,0
11.2625,1,-0.082572000643222218,-0.23775830361982986,0,-0.28718933865463403,0.086731100322281221,0
11.265,0,-0.4921119554752254,-0.21571094792723872,0,0.13998892990601433,0.48000322863890177,0
11.265,1,-0.083289704099998904,-0.23754058617968521,0,-0.28697342676671611,0.087442851793430809,0
11.2675,0,-0.49176055742778024,-0.21451135749498945,0,0.14112950805009786,0.47966911716050487,0
11.2675,1,-0.084006865591874952,-0.23732109009701507,0,-0.28675576673411651,0.08815401434267546,0
11.27,0,-0.49140630887888676,-0.21331260574490302,0,0.14226933106470588,0.47933228290863311,0
11.27,1,-0.084723480750623983,-0.23709981684939249,0,-0.28653636026511359,0.088864583755401128,0
11.2725,0,-0.49104921172410432,-0.21211469948203868,0,0.14340839276123385,0.47899272738282828,0
11.2725,1,-0.085439545212302528,-0.23687676792492024,0,-0.28631520907772062,0.089574555822403076,0
11.275,0,-0.49068926787446154,-0.21091764550769118,0,0.1445466869529802,0.47865045209517759,0
11.275,1,-0.086155054617274268,-0.23665194482221735,0,-0.28609231489966674,0.090283926339906104,0
11.2775,0,-0.49032647925645134,-0.20972145061935932,0,0.145684207455164,0.47830545857031725,0
11.2775,1,-0.086870004610234322,-0.23642534905040549,0,-0.28586767946837816,0.090992691109584634,0
11.28,0,-0.4899608478120262,-0.20852612161071463,0,0.14682094808494242,0.47795774834543625,0
11.28,1,-0.087584390840233492,-0.23619698212909529,0,-0.28564130453095887,0.091700845938582728,0
11.2825,0,-0.48959237549859325,-0.20733166527156999,0,0.14795690266142841,0.47760732297027997,0
11.2825,1,-0.08829820896070241,-0.23596684558837264,0,-0.28541319184417185,0.092408386639534046,0
11.285,0,-0.4892210642890093,-0.2061380883878482,0,0.1490920650057084,0.47725418400715391,0
11.285,1,-0.089011454629475656,-0.235734940968785,0,-0.28518334317441985,0.093115309030581753,0
11.2875,0,-0.48884691617157611,-0.2049453977415506,0,0.15022642894086,0.47689833303092749,0
11.2875,1,-0.08972412350881584,-0.23550126982132752,0,-0.28495176029772629,0.093821608935398315,0
11.29,0,-0.48846993315003506,-0.20375360011072563,0,0.15135998829196978,0.47653977162903777,0
11.29,1,-0.090436211265437647,-0.23526583370742926,0,-0.2847184449997161,0.094527282183205233,0
11.2925,0,-0.48809011724356244,-0.20256270226943746,0,0.15249273688615111,0.47617850140149315,0
11.2925,1,-0.091147713570531794,-0.23502863419893927,0,-0.28448339907559667,0.095232324608792704,0
11.295,0,-0.48770747048676405,-0.20137271098773449,0,0.15362466855256199,0.4758145239608772,0
11.295,1,-0.091858626099788968,-0.23478967287811262,0,-0.28424662433013864,0.095936732052539234,0
11.2975,0,-0.48732199492967032,-0.20018363303161796,0,0.15475577712242297,0.47544784093235259,0
11.2975,1,-0.092568944533423708,-0.2345489513375964,0,-0.28400812257765651,0.096640500360431147,0
11.3,0,-0.48693369263773101,-0.19899547516301044,0,0.15588605642903516,0.47507845395366477,0
11.3,1,-0.093278664556198265,-0.23430647118041575,0,-0.28376789564198968,0.097343625384082061,0
11.3025,0,-0.48654256569180998,-0.19780824413972442,0,0.15701550030779818,0.47470636467514582,0
11.3025,1,-0.093987781857446356,-0.23406223401995971,0,-0.28352594535648301,0.098046102980752198,0
11.305,0,-0.48614861618817995,-0.19662194671543085,0,0.15814410259622827,0.47433157475971838,0
11.305,1,-0.094696292131096926,-0.23381624147996705,0,-0.28328227356396751,0.098747929013367763,0
11.3075,0,-0.48575184623851719,-0.19543658963962757,0,0.15927185713397635,0.47395408588289956,0
11.3075,1,-0.095404191075697808,-0.23356849519451217,0,-0.28303688211674116,0.099449099350540124,0
11.31,0,-0.48535225796989617,-0.19425217965760794,0,0.16039875776284623,0.47357389973280462,0
11.31,1,-0.096111474394439428,-0.23331899680799076,0,-0.28278977287654949,0.10014960986658498,0
11.3125,0,-0.48494985352478409,-0.19306872351042925,0,0.16152479832681277,0.47319101801015112,0
11.3125,1,-0.096818137795178325,-0.2330677479751056,0,-0.28254094771456623,0.1008494564415415,0
11.315,0,-0.48454463506103551,-0.19188622793488125,0,0.16264997267204012,0.47280544242826278,0
11.315,1,-0.097524176990460745,-0.2328147503608522,0,-0.28229040851137388,0.10154863496119124,0
11.3175,0,-0.48413660475188686,-0.19070469966345457,0,0.16377427464690014,0.47241717471307332,0
11.3175,1,-0.098229587697546139,-0.23256000564050436,0,-0.28203815715694441,0.10224714131707717,0
11.32,0,-0.48372576478595075,-0.18952414542430931,0,0.16489769810199065,0.47202621660313049,0
11.32,1,-0.098934365638430596,-0.23230351549959985,0,-0.28178419555061968,0.10294497140652253,0
11.3225,0,-0.48331211736721058,-0.1883445719412434,0,0.16602023689015385,0.47163256984960011,0
11.3225,1,-0.099638506539870234,-0.23204528163392588,0,-0.28152852560109215,0.10364212113264959,0
11.325,0,-0.48289566471501477,-0.18716598593366107,0,0.16714188486649481,0.47123623621626992,0
11.325,1,-0.10034200613340458,-0.23178530574950457,0,-0.2812711492263853,0.1043385864043984,0
11.3275,0,-0.48247640906407113,-0.18598839411654131,0,0.16826263588839999,0.47083721747955365,0
11.3275,1,-0.10104486015537985,-0.23152358956257837,0,-0.28101206835383408,0.10503436313654547,0
11.33,0,-0.48205435266444119,-0.18481180320040624,0,0.16938248381555573,0.47043551542849499,0
11.33,1,-0.10174706434697223,-0.23126013479959553,0,-0.28075128492006551,0.10572944724972232,0
11.3325,0,-0.4816294977815343,-0.18363621989128967,0,0.170501422509967,0.47003113186477175,0
11.3325,1,-0.10244861445421104,-0.23099494319719535,0,-0.2804888008709791,0.10642383467043398,0
11.335,0,-0.48120184669610189,-0.18246165089070532,0,0.17161944583597591,0.46962406860269978,0
11.335,1,-0.10314950622800192,-0.23072801650219346,0,-0.28022461816172717,0.10711752133107749,0
11.3375,0,-0.48077140170423155,-0.18128810289561539,0,0.17273654766028051,0.46921432746923702,0
11.3375,1,-0.10384973542414995,-0.23045935647156715,0,-0.27995873875669541,0.10781050316996021,0
11.34,0,-0.48033816511734123,-0.18011558259839885,0,0.17385272185195363,0.46880191030398755,0
11.34,1,-0.10454929780338268,-0.23018896487244056,0,-0.27969116462948324,0.10850277613131816,0
11.3425,0,-0.47990213926217323,-0.17894409668681988,0,0.17496796228246156,0.46838681895920581,0
11.3425,1,-0.10524818913137314,-0.22991684348206975,0,-0.27942189776288406,0.10919433616533421,0
11.345,0,-0.47946332648078804,-0.17777365184399613,0,0.17608226282568301,0.4679690552998006,0
11.345,1,-0.10594640517876283,-0.2296429940878279,0,-0.27915094014886577,0.10988517922815624,0
11.3475,0,-0.47902172913055852,-0.17660425474836719,0,0.17719561735792805,0.46754862120333912,0
11.3475,1,-0.1066439417211846,-0.22936741848719031,0,-0.27887829378855095,0.11057530128191527,0
11.35,0,-0.47857734958416365,-0.17543591207366296,0,0.1783080197579571,0.46712551856005119,0
11.35,1,-0.10734079453928554,-0.22909011848771949,0,-0.27860396069219723,0.11126469829474341,0
11.3525,0,-0.47813019022958247,-0.17426863048887187,0,0.17941946390699992,0.46669974927283336,0
11.3525,1,-0.10803695941874976,-0.22881109590705007,0,-0.27832794287917767,0.11195336624079183,0
11.355,0,-0.47768025347008775,-0.17310241665820925,0,0.18052994368877476,0.46627131525725296,0
11.355,1,-0.10873243215032118,-0.22853035257287377,0,-0.27805024237796083,0.11264130110024866,0
11.3575,0,-0.47722754172423987,-0.17193727724108573,0,0.18163945298950748,0.46584021844155243,0
11.3575,1,-0.10942720852982624,-0.22824789032292425,0,-0.27777086122609124,0.11332849885935671,0
11.36,0,-0.47677205742588052,-0.17077321889207547,0,0.18274798569795078,0.46540646076665326,0
11.36,1,-0.11012128435819656,-0.22796371100496202,0,-0.27748980147016938,0.1140149555104313,0
11.3625,0,-0.47631380302412635,-0.16961024826088444,0,0.18385553570540344,0.46497004418616034,0
11.3625,1,-0.11081465544149156,-0.22767781647675914,0,-0.27720706516583216,0.11470066705187784,0
11.365,0,-0.47585278098336242,-0.1684483719923188,0,0.18496209690572968,0.46453097066636606,0
11.365,1,-0.11150731759092102,-0.22739020860608403,0,-0.27692265437773289,0.11538562948820946,0
11.3675,0,-0.47538899378323601,-0.16728759672625301,0,0.18606766319537846,0.46408924218625452,0
11.3675,1,-0.11219926662286758,-0.2271008892706862,0,-0.27663657117952156,0.1160698388300645,0
11.37,0,-0.47492244391865002,-0.16612792909759833,0,0.18717222847340295,0.46364486073750572,0
11.37,1,-0.11289049835890927,-0.22680986035828082,0,-0.27634881765382507,0.11675329109422398,0
11.3725,0,-0.47445313389975641,-0.16496937573627082,0,0.18827578664148009,0.46319782832449968,0
11.3725,1,-0.11358100862584183,-0.22651712376653352,0,-0.27605939589222717,0.11743598230362898,0
11.375,0,-0.47398106625194963,-0.16381194326715981,0,0.18937833160393,0.46274814696432093,0
11.375,1,-0.11427079325570118,-0.22622268140304475,0,-0.27576830799524871,0.11811790848739789,0
11.3775,0,-0.47350624351586007,-0.16265563831009597,0,0.19047985726773564,0.46229581868676239,0
11.3775,1,-0.11495984808578565,-0.22592653518533445,0,-0.27547555607232782,0.11879906568084375,0
11.38,0,-0.47302866824734718,-0.16150046747981961,0,0.19158035754256253,0.46184084553432986,0
11.38,1,-0.1156481689586783,-0.22562868704082653,0,-0.27518114224179985,0.11947944992549131,0
11.3825,0,-0.47254834301749299,-0.16034643738594889,0,0.1926798263407784,0.46138322956224614,0
11.3825,1,-0.11633575172226915,-0.22532913890683329,0,-0.27488506863087747,0.12015905726909419,0
11.385,0,-0.47206527041259516,-0.15919355463294801,0,0.19377825757747297,0.46092297283845529,0
11.385,1,-0.11702259222977729,-0.22502789273053986,0,-0.27458733737563079,0.1208378837656519,0
11.3875,0,-0.47157945303416021,-0.15804182582009541,0,0.19487564517047776,0.46046007744362694,0
11.3875,1,-0.11770868633977304,-0.22472495046898852,0,-0.27428795062096734,0.12151592547542676,0
11.39,0,-0.47109089349889666,-0.15689125754145192,0,0.19597198304038607,0.45999454547116048,0
11.39,1,-0.11839402991620002,-0.22442031408906304,0,-0.27398691052061214,0.12219317846496085,0
11.3925,0,-0.47059959443870797,-0.15574185638582899,0,0.19706726511057288,0.45952637902718935,0
11.3925,1,-0.11907861882839714,-0.22411398556747297,0,-0.27368421923708763,0.12286963880709274,0
11.395,0,-0.47010555850068575,-0.15459362893675677,0,0.19816148530721481,0.45905558023058535,0
11.395,1,-0.11976244895112062,-0.2238059668907379,0,-0.27337987894169385,0.12354530258097435,0
11.3975,0,-0.46960878834710257,-0.15344658177245232,0,0.19925463755931028,0.45858215121296292,0
11.3975,1,-0.12044551616456585,-0.22349626005517156,0,-0.2730738918144881,0.12422016587208752,0
11.4,0,-0.46910928665540508,-0.15230072146578777,0,0.20034671579869956,0.45810609411868336,0
11.4,1,-0.12112781635438929,-0.22318486706686613,0,-0.27276626004426524,0.12489422477226068,0
11.4025,0,-0.46860705611820658,-0.15115605458425835,0,0.20143771396008506,0.45762741110485922,0
11.4025,1,-0.1218093454117303,-0.2228717899416762,0,-0.27245698582853733,0.12556747537968541,0
11.405,0,-0.46810209944328018,-0.15001258768995057,0,0.20252762598105145,0.45714610434135844,0
11.405,1,-0.12249009923323287,-0.22255703070520291,0,-0.27214607137351388,0.12623991379893282,0
11.4075,0,-0.46759441935355128,-0.14887032733951036,0,0.2036164458020861,0.45666217601080888,0
11.4075,1,-0.12317007372106736,-0.22224059139277805,0,-0.27183351889408147,0.12691153614097003,0
11.41,0,-0.46708401858709042,-0.1477292800841111,0,0.20470416736659935,0.45617562830860237,0
11.41,1,-0.12384926478295219,-0.22192247404944787,0,-0.27151933061378392,0.12758233852317652,0
11.4125,0,-0.46657089989710598,-0.14658945246942173,0,0.20579078462094502,0.45568646344289915,0
11.4125,1,-0.12452766833217542,-0.2216026807299572,0,-0.27120350876480187,0.1282523170693603,0
11.415,0,-0.46605506605193675,-0.14545085103557481,0,0.20687629151444084,0.45519468363463222,0
11.415,1,-0.12520528028761635,-0.22128121349873328,0,-0.27088605558793305,0.12892146790977421,0
11.4175,0,-0.46553651983504446,-0.14431348231713464,0,0.20796068199938902,0.45470029111751159,0
11.4175,1,-0.12588209657376698,-0.22095807442986964,0,-0.27056697333257179,0.12958978718113201,0
11.42,0,-0.46501526404500637,-0.14317735284306521,0,0.20904395003109696,0.45420328813802863,0
11.42,1,-0.12655811312075355,-0.22063326560710994,0,-0.27024626425668907,0.13025727102662438,0
11.4225,0,-0.4644913014955076,-0.14204246913669835,0,0.21012608956789777,0.45370367695546027,0
11.4225,1,-0.12723332586435793,-0.22030678912383175,0,-0.2699239306268123,0.130923915595935,0
11.425,0,-0.46396463501533375,-0.14090883771570167,0,0.21120709457117112,0.45320145984187343,0
11.425,1,-0.12790773074603895,-0.21997864708303028,0,-0.26959997471800523,0.1315897170452564,0
11.4275,0,-0.46343526744836305,-0.13977646509204666,0,0.21228695900536407,0.45269663908212937,0
11.4275,1,-0.12858132371295378,-0.21964884159730208,0,-0.26927439881384757,0.13225467153730591,0
11.43,0,-0.46290320165355886,-0.13864535777197665,0,0.2133656768380118,0.45218921697388798,0
11.43,1,-0.1292541007179791,-0.21931737478882876,0,-0.26894720520641502,0.13291877524134132,0
11.4325,0,-0.46236844050496162,-0.13751552225597477,0,0.2144432420397587,0.45167919582761201,0
11.4325,1,-0.12992605771973245,-0.21898424878936062,0,-0.26861839619625888,0.13358202433317667,0
11.435,0,-0.46183098689168145,-0.13638696503873204,0,0.21551964858437928,0.45116657796657156,0
11.435,1,-0.13059719068259326,-0.21864946574020017,0,-0.26828797409238603,0.13424441499519793,0
11.4375,0,-0.46129084371788998,-0.13525969260911527,0,0.2165948904487992,0.45065136572684822,0
11.4375,1,-0.13126749557672404,-0.2183130277921857,0,-0.26795594121223848,0.13490594341637852,0
11.44,0,-0.46074801390281256,-0.13413371145013503,0,0.21766896161311652,0.45013356145733951,0
11.44,1,-0.13193696837809143,-0.21797493710567487,0,-0.26762229988167324,0.13556660579229485,0
11.4425,0,-0.46020250038072036,-0.13300902803891365,0,0.21874185606062271,0.44961316751976321,0
11.4425,1,-0.1326056050684872,-0.21763519585052807,0,-0.26728705243494216,0.1362263983251418,0
11.445,0,-0.45965430610092228,-0.13188564884665313,0,0.21981356777782404,0.4490901862886616,0
11.445,1,-0.13327340163554921,-0.21729380620609196,0,-0.2669502012146715,0.13688531722374803,0
11.4475,0,-0.45910343402775694,-0.13076358033860305,0,0.22088409075446283,0.44856462015140586,0
11.4475,1,-0.13394035407278235,-0.21695077036118279,0,-0.26661174857184172,0.13754335870359133,0
11.45,0,-0.45854988714058442,-0.12964282897402854,0,0.22195341898353885,0.44803647150820036,0
11.45,1,-0.13460645837957935,-0.21660609051406979,0,-0.26627169686576724,0.1382005189868139,0
11.4525,0,-0.45799366843377831,-0.12852340120617817,0,0.22302154646133077,0.44750574277208693,0
11.4525,1,-0.13527171056124165,-0.21625976887245849,0,-0.26593004846407609,0.13885679430223752,0
11.455,0,-0.45743478091671735,-0.12740530348225187,0,0.22408846718741765,0.44697243636894929,0
11.455,1,-0.1359361066290001,-0.21591180765347395,0,-0.26558680574268967,0.13951218088537859,0
11.4575,0,-0.45687322761377719,-0.1262885422433688,0,0.22515417516470054,0.44643655473751714,0
11.4575,1,-0.13659964260003571,-0.21556220908364415,0,-0.26524197108580239,0.14016667497846325,0
11.46,0,-0.45630901156432202,-0.1251731239245352,0,0.22621866439942409,0.44589810032937072,0
11.46,1,-0.13726231449750029,-0.21521097539888301,0,-0.26489554688586137,0.14082027283044232,0
11.4625,0,-0.45574213582269624,-0.12405905495461231,0,0.22728192890119828,0.44535707560894489,0
11.4625,1,-0.13792411835053706,-0.21485810884447371,0,-0.2645475355435461,0.14147297069700626,0
11.465,0,-0.45517260345821597,-0.12294634175628422,0,0.22834396268302021,0.44481348305353363,0
11.465,1,-0.13858505019430117,-0.21450361167505169,0,-0.26419793946774817,0.14212476484059999,0
11.4675,0,-0.45460041755516056,-0.12183499074602568,0,0.2294047597612959,0.44426732515329426,0
11.4675,1,-0.13924510606998031,-0.2141474861545879,0,-0.26384676107555083,0.14277565153043761,0
11.47,0,-0.4540255812127641,-0.12072500833406999,0,0.23046431415586227,0.4437186044112516,0
11.47,1,-0.139904282024815,-0.21378973455637171,0,-0.26349400279220875,0.14342562704251727,0
11.4725,0,-0.45344809754520676,-0.1196164009243768,0,0.231522619890009,0.44316732334330244,0
11.4725,1,-0.14056257411211917,-0.21343035916299402,0,-0.26313966705112746,0.1440746876596356,0
11.475,0,-0.45286796968160614,-0.11850917491459989,0,0.23257967099050064,0.44261348447821974,0
11.475,1,-0.14121997839130038,-0.21306936226633022,0,-0.26278375629384321,0.14472282967140251,0
11.4775,0,-0.45228520076600853,-0.11740333669605504,0,0.23363546148759876,0.44205709035765683,0
11.4775,1,-0.14187649092788018,-0.21270674616752314,0,-0.26242627297000248,0.14537004937425557,0
11.48,0,-0.45169979395738019,-0.11629889265368779,0,0.23468998541508401,0.44149814353615174,0
11.48,1,-0.14253210779351436,-0.21234251317696598,0,-0.26206721953734163,0.14601634307147451,0
11.4825,0,-0.4511117524295985,-0.11519584916604118,0,0.23574323681027853,0.44093664658113157,0
11.4825,1,-0.14318682506601313,-0.21197666561428513,0,-0.2617065984616665,0.14666170707319556,0
11.485,0,-0.45052107937144309,-0.11409421260522362,0,0.23679520971406809,0.44037260207291656,0
11.485,1,-0.14384063882936124,-0.2116092058083231,0,-0.26134441221683197,0.14730613769642587,0
11.4875,0,-0.44992777798658684,-0.11299398933687657,0,0.23784589817092455,0.43980601260472441,0
11.4875,1,-0.14449354517373819,-0.21124013609712125,0,-0.26098066328472164,0.14794963126505761,0
11.49,0,-0.44933185149358701,-0.11189518572014233,0,0.23889529622892836,0.43923688078267448,0
11.49,1,-0.14514554019553813,-0.21086945882790259,0,-0.26061535415522741,0.14859218410988234,0
11.4925,0,-0.44873330312587612,-0.11079780810763175,0,0.23994339793979097,0.43866520922579205,0
11.4925,1,-0.14579661999738996,-0.21049717635705448,0,-0.26024848732622896,0.149233792568605,0
11.495,0,-0.44813213613175279,-0.10970186284539199,0,0.2409901973588775,0.43809100056601263,0
11.495,1,-0.14644678068817721,-0.2101232910501114,0,-0.25988006530357349,0.14987445298585803,0
11.4975,0,-0.44752835377437267,-0.10860735627287424,0,0.24203568854522936,0.43751425744818595,0
11.4975,1,-0.147096018383058,-0.20974780528173756,0,-0.25951009060105518,0.15051416171321533,0
11.5,0,-0.44692195933173917,-0.1075142947229014,0,0.24307986556158695,0.43693498253008034,0
11.5,1,-0.14774432920348482,-0.20937072143570953,0,-0.25913856574039473,0.15115291510920623,0
11.5025,0,-0.44631295609669419,-0.10642268452163582,0,0.24412272247441255,0.43635317848238686,0
11.5025,1,-0.14839170927722434,-0.20899204190489887,0,-0.25876549325121917,0.15179070953932933,0
11.505,0,-0.44570134737690881,-0.10533253198854693,0,0.24516425335391306,0.43576884798872345,0
11.505,1,-0.14903815473837717,-0.20861176909125462,0,-0.25839087567104102,0.15242754137606632,0
11.5075,0,-0.44508713649487386,-0.10424384343637898,0,0.24620445227406301,0.4351819937456391,0
11.5075,1,-0.14968366172739753,-0.20822990540578593,0,-0.25801471554523819,0.15306340699889573,0
11.51,0,-0.4444703267878905,-0.10315662517111865,0,0.24724331331262756,0.4345926184626181,0
11.51,1,-0.15032822639111287,-0.20784645326854442,0,-0.25763701542703338,0.15369830279430652,0
11.5125,0,-0.44385092160806072,-0.10207088349196278,0,0.24828083055118555,0.43400072486208402,0
11.5125,1,-0.15097184488274351,-0.20746141510860677,0,-0.25725777787747367,0.1543322251558118,0
11.515,0,-0.44322892432227778,-0.10098662469128591,0,0.24931699807515265,0.43340631567940402,0
11.515,1,-0.15161451336192211,-0.20707479336405704,0,-0.25687700546540998,0.15496517048396233,0
11.5175,0,-0.44260433831221657,-0.09990385505460804,0,0.25035180997380457,0.43280939366289278,0
11.5175,1,-0.15225622799471322,-0.20668659048196913,0,-0.25649470076747666,0.15559713518636001,0
11.52,0,-0.44197716697432393,-0.098822580860562156,0,0.25138526034030045,0.43220996157381686,0
11.52,1,-0.15289698495363266,-0.20629680891838909,0,-0.25611086636807107,0.15622811567767125,0
11.5225,0,-0.4413474137198089,-0.097742808380861884,0,0.25241734327170601,0.43160802218639849,0
11.5225,1,-0.15353678041766691,-0.20590545113831746,0,-0.25572550485933304,0.1568581083796404,0
11.525,0,-0.44071508197463299,-0.096664543880269113,0,0.25344805286901712,0.43100357828781982,0
11.525,1,-0.15417561057229248,-0.20551251961569153,0,-0.25533861884112447,0.157487109721103,0
11.5275,0,-0.44008017517950027,-0.095587793616561556,0,0.25447738323718327,0.43039663267822703,0
11.5275,1,-0.15481347160949516,-0.20511801683336764,0,-0.25495021092100878,0.15811511613799903,0
11.53,0,-0.43944269678984738,-0.094512563840500358,0,0.25550532848513124,0.42978718817073425,0
11.53,1,-0.1554503597277892,-0.20472194528310342,0,-0.25456028371423045,0.15874212407338606,0
11.5325,0,-0.43880265027583371,-0.093438860795797649,0,0.25653188272578853,0.42917524759142767,0
11.5325,1,-0.15608627113223661,-0.20432430746553987,0,-0.25416883984369454,0.15936812997745239,0
11.535,0,-0.43816003912233131,-0.092366690719084155,0,0.25755704007610725,0.42856081377936955,0
11.535,1,-0.15672120203446616,-0.20392510589018364,0,-0.25377588193994621,0.15999313030753004,0
11.5375,0,-0.43751486682891483,-0.091296059839876695,0,0.25858079465708783,0.42794388958660218,0
11.5375,1,-0.15735514865269254,-0.20352434307538911,0,-0.25338141264115027,0.16061712152810773,0
11.54,0,-0.43686713690985124,-0.090226974380545749,0,0.25960314059380296,0.42732447787815192,0
11.54,1,-0.15798810721173531,-0.20312202154834041,0,-0.25298543459307066,0.16124010011084386,0
11.5425,0,-0.43621685289408973,-0.089159440556283012,0,0.26062407201542137,0.42670258153203316,0
11.5425,1,-0.15862007394303795,-0.20271814384503364,0,-0.25258795044904997,0.1618620625345793,0
11.545,0,-0.43556401832525143,-0.088093464575068905,0,0.261643583055232,0.42607820343925229,0
11.545,1,-0.15925104508468677,-0.20231271251025873,0,-0.25218896286998888,0.16248300528535023,0
11.5475,0,-0.43490863676161906,-0.087029052637640075,0,0.26266166785066797,0.42545134650381156,0
11.5475,1,-0.15988101688142967,-0.20190573009758153,0,-0.25178847452432573,0.16310292485640085,0
11.55,0,-0.43425071177612656,-0.085966210937456919,0,0.26367832054333085,0.42482201364271299,0
11.55,1,-0.16050998558469509,-0.20149719916932579,0,-0.25138648808801611,0.16372181774819602,0
11.5525,0,-0.43359024695634862,-0.084904945660671069,0,0.26469353527901468,0.42419020778596239,0
11.5525,1,-0.16113794745261076,-0.20108712229655501,0,-0.25098300624451214,0.16433968046843392,0
11.555,0,-0.43292724590449017,-0.083845262986092906,0,0.26570730620773048,0.4235559318765732,0
11.555,1,-0.16176489875002231,-0.20067550205905441,0,-0.25057803168474219,0.16495650953205854,0
11.5575,0,-0.43226171223737586,-0.082787169085158971,0,0.26671962748373046,0.42291918887057017,0
11.5575,1,-0.1623908357485121,-0.20026234104531274,0,-0.25017156710709026,0.16557230146127225,0
11.56,0,-0.43159364958643931,-0.08173067012189951,0,0.26773049326553261,0.42227998173699349,0
11.56,1,-0.16301575472641769,-0.1998476418525042,0,-0.24976361521737556,0.1661870527855481,0
11.5625,0,-0.43092306159771249,-0.080675772252905883,0,0.26873989771594509,0.42163831345790237,0
11.5625,1,-0.16363965196885044,-0.1994314070864702,0,-0.24935417872883189,0.16680076004164232,0
11.565,0,-0.43024995193181492,-0.079622481627298028,0,0.26974783500209087,0.42099418702837893,0
11.565,1,-0.16426252376771408,-0.19901363936170113,0,-0.24894326036208733,0.16741341977360652,0
11.5675,0,-0.42957432426394304,-0.078570804386691895,0,0.27075429929543249,0.42034760545653199,0
11.5675,1,-0.16488436642172311,-0.19859434130131812,0,-0.24853086284514353,0.16802502853279994,0
11.57,0,-0.42889618228385901,-0.077520746665166854,0,0.27175928477179662,0.41969857176350084,0
11.57,1,-0.16550517623642122,-0.19817351553705473,0,-0.2481169889133554,0.1686355828779017,0
11.5725,0,-0.42821552969588,-0.076472314589233148,0,0.27276278561139899,0.41904708898345888,0
11.5725,1,-0.16612494952419968,-0.1977511647092387,0,-0.24770164130941047,0.16924507937492286,0
11.575,0,-0.42753237021886714,-0.075425514277799297,0,0.27376479599886933,0.41839316016361738,0
11.575,1,-0.16674368260431557,-0.19732729146677352,0,-0.24728482278330843,0.16985351459721851,0
11.5775,0,-0.42684670758621446,-0.074380351842139494,0,0.2747653101232761,0.41773678836422923,0
11.5775,1,-0.16736137180291014,-0.19690189846712014,0,-0.24686653609234074,0.1704608851254997,0
11.58,0,-0.42615854554583765,-0.073336833385860972,0,0.27576432217815189,0.41707797665859248,0
11.58,1,-0.1679780134530269,-0.19647498837627847,0,-0.24644678400106995,0.1710671875478455,0
11.5825,0,-0.42546788786016304,-0.072294965004871412,0,0.27676182636151814,0.41641672813305403,0
11.5825,1,-0.16859360389462988,-0.19604656386876901,0,-0.24602556928130936,0.17167241845971479,0
11.585,0,-0.42477473830611623,-0.071254752787346332,0,0.27775781687591067,0.41575304588701334,0
11.585,1,-0.16920813947462165,-0.19561662762761442,0,-0.24560289471210245,0.17227657446395808,0
11.5875,0,-0.42407910067511084,-0.070216202813696407,0,0.27875228792840478,0.41508693303292588,0
11.5875,1,-0.1698216165468614,-0.19518518234432095,0,-0.24517876307970241,0.17287965217082935,0
11.59,0,-0.42338097877303704,-0.06917932115653487,0,0.27974523373064053,0.4144183926963067,0
11.59,1,-0.17043403147218297,-0.19475223071885991,0,-0.2447531771775516,0.17348164819799763,0
11.5925,0,-0.42268037642025019,-0.068144113880644813,0,0.28073664849884833,0.41374742801573411,0
11.5925,1,-0.17104538061841273,-0.19431777545964921,0,-0.24432613980626119,0.17408255917055876,0
11.595,0,-0.42197729745155926,-0.067110587042946576,0,0.28172652645387425,0.41307404214285298,0
11.595,1,-0.17165566036038754,-0.19388181928353471,0,-0.24389765377359054,0.17468238172104689,0
11.5975,0,-0.4212717457162154,-0.066078746692465037,0,0.28271486182120575,0.41239823824237842,0
11.5975,1,-0.17226486707997257,-0.19344436491577158,0,-0.24346772189442675,0.17528111248944608,0
11.6,0,-0.42056372507790013,-0.065048598870296945,0,0.28370164883099719,0.41172001949209919,0
11.6,1,-0.17287299716607907,-0.19300541509000577,0,-0.24303634699076423,0.1758787481232017,0
11.6025,0,-0.41985323941471375,-0.06402014960957822,0,0.28468688171809564,0.41103938908288096,0
11.6025,1,-0.17348004701468211,-0.19256497254825522,0,-0.24260353189168418,0.17647528527723183,0
11.605,0,-0.41914029261916352,-0.062993404935451275,0,0.28567055472206665,0.41035635021866995,0
11.605,1,-0.17408601302883839,-0.19212304004089126,0,-0.24216927943333411,0.17707072061393869,0
11.6075,0,-0.41842488859815191,-0.061968370865032318,0,0.28665266208722007,0.40967090611649615,0
11.6075,1,-0.17469089161870369,-0.19167962032661981,0,-0.24173359245890733,0.17766505080321984,0
11.61,0,-0.4177070312729646,-0.060945053407378602,0,0.28763319806263604,0.40898306000647677,0
11.61,1,-0.17529467920155059,-0.19123471617246268,0,-0.2412964738186226,0.1782582725224795,0
11.6125,0,-0.41698672457925856,-0.059923458563455732,0,0.28861215690219105,0.40829281513181942,0
11.6125,1,-0.175897372201786,-0.19078833035373879,0,-0.24085792636970355,0.17885038245663962,0
11.615,0,-0.4162639724670501,-0.058903592326104925,0,0.289589532864584,0.40760017474882543,0
11.615,1,-0.17649896705096857,-0.1903404656540453,0,-0.24041795297635821,0.17944137729815107,0
11.6175,0,-0.41553877890070268,-0.057885460680010277,0,0.29056532021336234,0.40690514212689327,0
11.6175,1,-0.17709946018782621,-0.18989112486523885,0,-0.23997655650975866,0.18003125374700471,0
11.62,0,-0.41481114785891476,-0.05686906960166601,0,0.29153951321694843,0.40620772054852156,0
11.62,1,-0.17769884805827343,-0.18944031078741666,0,-0.23953373984802045,0.18062000851074236,0
11.6225,0,-0.41408108333470772,-0.055854425059343717,0,0.2925121061486658,0.4055079133093123,0
11.6225,1,-0.17829712711542869,-0.18898802622889765,0,-0.23908950587618225,0.18120763830446773,0
11.625,0,-0.41334858933541341,-0.054841533013059607,0,0.29348309328676547,0.40480572371797408,0
11.625,1,-0.17889429381963165,-0.18853427400620351,0,-0.2386438574861853,0.18179413985085732,0
11.6275,0,-0.4126136698826619,-0.053830399414541735,0,0.29445246891445265,0.40410115509632527,0
11.6275,1,-0.17949034463846045,-0.18807905694403973,0,-0.23819679757685303,0.18237950988017129,0
11.63,0,-0.41187632901236892,-0.052821030207197209,0,0.29542022731991319,0.40339421077929694,0
11.63,1,-0.18008527604674884,-0.18762237787527669,0,-0.23774832905387058,0.18296374513026417,0
11.6325,0,-0.4111365707747236,-0.05181343132607942,0,0.29638636279634012,0.40268489411493608,0
11.6325,1,-0.18067908452660339,-0.18716423964093062,0,-0.23729845482976444,0.18354684234659563,0
11.635,0,-0.4103943992341757,-0.050807608697855243,0,0.2973508696419605,0.40197320846440854,0
11.635,1,-0.18127176656742044,-0.18670464509014459,0,-0.23684717782388193,0.1841287982822411,0
11.6375,0,-0.40964981846942317,-0.049803568240772228,0,0.29831374216006223,0.40125915720200195,0
11.6375,1,-0.18186331866590327,-0.18624359708016941,0,-0.2363945009623708,0.18470960969790243,0
11.64,0,-0.40890283257339932,-0.048801315864625813,0,0.29927497465902086,0.40054274371512888,0
11.64,1,-0.18245373732607895,-0.18578109847634464,0,-0.23594042717815886,0.18528927336191833,0
11.6425,0,-0.40815344565326012,-0.047800857470726488,0,0.30023456145232652,0.39982397140432957,0
11.6425,1,-0.1830430190593153,-0.18531715215207939,0,-0.23548495941093345,0.18586778605027501,0
11.645,0,-0.40740166183037146,-0.046802198951866984,0,0.30119249685861099,0.39910284368327492,0
11.645,1,-0.18363116038433788,-0.18485176098883327,0,-0.23502810060712115,0.18644514454661651,0
11.6475,0,-0.40664748524029609,-0.045805346192289431,0,0.30214877520167477,0.39837936397876933,0
11.6475,1,-0.18421815782724663,-0.18438492787609717,0,-0.2345698537198673,0.18702134564225509,0
11.65,0,-0.40589092003278088,-0.044810305067652531,0,0.30310339081051441,0.3976535357307534,0
11.65,1,-0.18480400792153273,-0.18391665571137414,0,-0.2341102217090156,0.1875963861361816,0
11.6525,0,-0.40513197037174353,-0.043817081444998705,0,0.3040563380193495,0.3969253623923068,0
11.6525,1,-0.18538870720809536,-0.18344694740016007,0,-0.23364920754108778,0.18817026283507571,0
11.655,0,-0.40437064043525978,-0.042825681182721259,0,0.30500761116765024,0.39619484742965105,0
11.655,1,-0.18597225223525829,-0.18297580585592457,0,-0.23318681418926313,0.18874297255331615,0
11.6575,0,-0.40360693441555001,-0.041836110130531505,0,0.30595720460016479,0.39546199432215212,0
11.6575,1,-0.18655463955878657,-0.18250323400009169,0,-0.23272304463335816,0.18931451211299088,0
11.66,0,-0.40284085651896612,-0.040848374129425914,0,0.30690511266694681,0.39472680656232312,0
11.66,1,-0.18713586574190302,-0.18202923476202057,0,-0.23225790185980622,0.18988487834390713,0
11.6625,0,-0.40207241096597818,-0.039862479011653226,0,0.30785132972338286,0.39398928765582697,0
11.6625,1,-0.18771592735530482,-0.18155381107898619,0,-0.23179138886163711,0.19045406808360152,0
11.665,0,-0.40130160199116116,-0.038878430600681593,0,0.30879585013022032,0.39324944112147886,0
11.665,1,-0.18829482097717992,-0.18107696589615999,0,-0.23132350863845674,0.19102207817735004,0
11.6675,0,-0.40052843384318138,-0.037896234711165683,0,0.30973866825359486,0.39250727049124895,0
11.6675,1,-0.18887254319322352,-0.18059870216659057,0,-0.23085426419642674,0.19158890547817795,0
11.67,0,-0.39975291078478303,-0.036915897148913794,0,0.31067977846505851,0.39176277931026465,0
11.67,1,-0.18944909059665435,-0.18011902285118425,0,-0.23038365854824416,0.19215454684686972,0
11.6725,0,-0.39897503709277471,-0.035937423710854947,0,0.31161917514160725,0.39101597113681336,0
11.6725,1,-0.19002445978823107,-0.17963793091868568,0,-0.22991169471312106,0.19271899915197885,0
11.675,0,-0.39819481705801557,-0.034960820185006,0,0.31255685266570932,0.39026684954234458,0
11.675,1,-0.19059864737626842,-0.17915542934565842,0,-0.22943837571676423,0.19328225926983764,0
11.6775,0,-0.39741225498540178,-0.033986092350438729,0,0.31349280542533292,0.38951541811147256,0
11.6775,1,-0.19117164997665356,-0.17867152111646542,0,-0.22896370459135484,0.19384432408456689,0
11.68,0,-0.39662735519385267,-0.033013245977246912,0,0.31442702781397464,0.38876168044197845,0
11.68,1,-0.19174346421286217,-0.1781862092232496,0,-0.22848768437552808,0.19440519048808566,0
11.6825,0,-0.39584012201629687,-0.032042286826513423,0,0.31535951423068742,0.38800564014481259,0
11.6825,1,-0.19231408671597452,-0.17769949666591434,0,-0.22801031811435291,0.19496485538012076,0
11.685,0,-0.39505055979965836,-0.031073220650277285,0,0.31629025908010905,0.38724730084409681,0
11.685,1,-0.1928835141246916,-0.17721138645210391,0,-0.2275316088593117,0.19552331566821643,0
11.6875,0,-0.39425867290484262,-0.030106053191500757,0,0.31721925677249035,0.38648666617712668,0
11.6875,1,-0.1934517430853511,-0.17672188159718397,0,-0.22705155966827995,0.19608056826774378,0
11.69,0,-0.39346446570672233,-0.029140790184036383,0,0.31814650172372377,0.38572373979437352,0
11.69,1,-0.19401877025194333,-0.17623098512422189,0,-0.22657017360550599,0.1966366101019103,0
11.6925,0,-0.39266794259412346,-0.028177437352594058,0,0.31907198835537171,0.3849585253594866,0
11.6925,1,-0.19458459228612721,-0.1757387000639673,0,-0.22608745374159073,0.19719143810176923,0
11.695,0,-0.39186910796981089,-0.02721600041270808,0,0.31999571109469527,0.38419102654929521,0
11.695,1,-0.19514920585724602,-0.17524502945483231,0,-0.22560340315346733,0.19774504920622893,0
11.6975,0,-0.39106796625047419,-0.026256485070704199,0,0.320917664374683,0.38342124705381059,0
11.6975,1,-0.19571260764234333,-0.17474997634287195,0,-0.22511802492438093,0.19829744036206221,0
11.7,0,-0.39026452186671323,-0.025298897023666649,0,0.32183784263407939,0.38264919057622804,0
11.7,1,-0.19627479432617864,-0.17425354378176447,0,-0.22463132214386847,0.1988486085239155,0
11.7025,0,-0.38945877926302386,-0.024343241959405203,0,0.32275624031741401,0.38187486083292865,0
11.7025,1,-0.19683576260124316,-0.17375573483279166,0,-0.22414329790773832,0.19939855065431816,0
11.705,0,-0.38865074289778329,-0.023389525556422191,0,0.3236728518750302,0.38109826155348137,0
11.705,1,-0.1973955091677754,-0.17325655256481914,0,-0.22365395531805013,0.19994726372369154,0
11.7075,0,-0.38784041724323559,-0.022437753483879531,0,0.3245876717631142,0.38031939648064467,0
11.7075,1,-0.19795403073377682,-0.17275600005427658,0,-0.22316329748309455,0.20049474471035808,0
11.71,0,-0.38702780678547705,-0.021487931401565765,0,0.32550069444372409,0.37953826937036839,0
11.71,1,-0.19851132401502741,-0.17225408038513795,0,-0.22267132751737301,0.20104099060055045,0
11.7125,0,-0.38621291602444136,-0.020540064959863061,0,0.32641191438481915,0.37875488399179547,0
11.7125,1,-0.1990673857351011,-0.17175079664890175,0,-0.22217804854157755,0.20158599838842037,0
11.715,0,-0.385395749473885,-0.019594159799714236,0,0.32732132606028885,0.37796924412726363,0
11.715,1,-0.1996222126253813,-0.17124615194457116,0,-0.22168346368257053,0.20212976507604771,0
11.7175,0,-0.38457631166137218,-0.018650221552589774,0,0.32822892394998238,0.37718135357230692,0
11.7175,1,-0.20017580142507621,-0.1707401493786343,0,-0.22118757607336448,0.20267228767344933,0
11.72,0,-0.38375460712826004,-0.017708255840454819,0,0.32913470253973792,0.3763912161356574,0
11.72,1,-0.2007281488812343,-0.17023279206504424,0,-0.22069038885310191,0.20321356319858788,0
11.7225,0,-0.38293064042968361,-0.01676826827573619,0,0.3300386563214121,0.37559883563924656,0
11.7225,1,-0.20127925174875946,-0.16972408312519929,0,-0.2201919051670351,0.20375358867738064,0
11.725,0,-0.38210441613454071,-0.015830264461289375,0,0.33094077979290959,0.3748042159182069,0
11.725,1,-0.2018291067904264,-0.16921402568792293,0,-0.21969212816650599,0.20429236114370822,0
11.7275,0,-0.38127593882547683,-0.014894249990365524,0,0.33184106745821274,0.37400736082087321,0
11.7275,1,-0.2023777107768957,-0.16870262288944401,0,-0.21919106100892594,0.20482987763942326,0
11.73,0,-0.38044521309886981,-0.013960230446578452,0,0.33273951382741124,0.37320827420878405,0
11.73,1,-0.20292506048672906,-0.16818987787337678,0,-0.21868870685775563,0.20536613521435912,0
11.7325,0,-0.3796122435648146,-0.013028211403871618,0,0.33363611341673199,0.37240695995668299,0
11.7325,1,-0.20347115270640437,-0.16767579379070091,0,-0.2181850688824849,0.20590113092633835,0
11.735,0,-0.37877703484710795,-0.012098198426485114,0,0.33453086074856891,0.37160342195251989,0
11.735,1,-0.20401598423033074,-0.16716037379974152,0,-0.21768015025861262,0.20643486184118137,0
11.7375,0,-0.37793959158323287,-0.011170197068922649,0,0.33542375035151284,0.37079766409745213,0
11.7375,1,-0.20455955186086353,-0.16664362106614916,0,-0.21717395416762658,0.20696732503271484,0
11.74,0,-0.37709991842434298,-0.010244212875918526,0,0.33631477676038168,0.36998969030584566,0
11.74,1,-0.2051018524083193,-0.1661255387628798,0,-0.21666648379698339,0.20749851758278018,0
11.7425,0,-0.37625802003524722,-0.0093202513824046235,0,0.33720393451625036,0.36917950450527626,0
11.7425,1,-0.20564288269099062,-0.16560613007017477,0,-0.21615774234008833,0.2080284365812419,0
11.745,0,-0.37541390109439382,-0.0083983181134773648,0,0.33809121816648119,0.36836711063653033,0
11.745,1,-0.20618263953516108,-0.16508539817554072,0,-0.21564773299627529,0.208557079125996,0
11.7475,0,-0.37456756629385479,-0.0074784185843646944,0,0.338976622264754,0.36755251265360606,0
11.7475,1,-0.20672111977511992,-0.16456334627372951,0,-0.2151364589707867,0.20908444232297824,0
11.75,0,-0.37371902033930998,-0.006560558300393044,0,0.33986014137109649,0.36673571452371428,0
11.75,1,-0.20725832025317684,-0.16403997756671806,0,-0.21462392347475343,0.20961052328617233,0
11.7525,0,-0.3728682679500312,-0.0056447427569543017,0,0.34074177005191469,0.36591672022727939,0
11.7525,1,-0.20779423781967674,-0.16351529526368833,0,-0.21411012972517474,0.21013531913761821,0
11.755,0,-0.37201531385886627,-0.0047309774394727775,0,0.34162150288002346,0.36509553375793996,0
11.755,1,-0.20832886933301434,-0.16298930258100702,0,-0.21359508094489826,0.21065882700742014,0
11.7575,0,-0.37116016281222292,-0.0038192678233721655,0,0.34249933443467706,0.36427215912254973,0
11.7575,1,-0.20886221165964872,-0.16246200274220554,0,-0.21307878036259997,0.21118104403375482,0
11.76,0,-0.37030281957005257,-0.0029096193740425057,0,0.34337525930159979,0.36344660034117815,0
11.76,1,-0.20939426167411793,-0.16193339897795975,0,-0.21256123121276405,0.21170196736287944,0
11.7625,0,-0.36944328890583428,-0.0020020375468071442,0,0.34424927207301675,0.36261886144711097,0
11.7625,1,-0.20992501625905347,-0.16140349452606972,0,-0.212042436735663,0.21222159414913969,0
11.765,0,-0.36858157560655841,-0.0010965277868896918,0,0.34512136734768467,0.36178894648685095,0
11.765,1,-0.21045447230519471,-0.16087229263143957,0,-0.21152240017733759,0.2127399215549777,0
11.7675,0,-0.36771768447271014,-0.00019309552938098036,0,0.34599153973092273,0.36095685952011813,0
11.7675,1,-0.21098262671140336,-0.16033979654605718,0,-0.21100112478957683,0.21325694675093995,0
11.77,0,-0.36685162031825319,0.00070825380079398055,0,0.34685978383464372,0.36012260461985057,0
11.77,1,-0.21150947638467771,-0.15980600952897389,0,-0.21047861382989805,0.21377266691568514,0
11.7725,0,-0.36598338797061314,0.0016075147889090492,0,0.34772609427738488,0.35928618587220446,0
11.7725,1,-0.21203501824016699,-0.1592709348462843,0,-0.20995487056152687,0.214287079235992,0
11.775,0,-0.36511299227066096,0.0025046820304699979,0,0.34859046568433916,0.35844760737655451,0
11.775,1,-0.21255924920118563,-0.15873457577110583,0,-0.20942989825337732,0.214800180906767,0
11.7775,0,-0.36424043807269629,0.0033997501312475588,0,0.34945289268738638,0.35760687324549428,0
11.7775,1,-0.2130821661992274,-0.15819693558355857,0,-0.20890370018003182,0.21531196913105222,0
11.78,0,-0.36336573024443064,0.0042927137073104724,0,0.35031336992512457,0.35676398760483635,0
11.78,1,-0.21360376617397958,-0.15765801757074471,0,-0.20837627962172126,0.21582244112003285,0
11.7825,0,-0.36248887366697063,0.0051835673850585337,0,0.35117189204290128,0.35591895459361234,0
11.7825,1,-0.21412404607333713,-0.15711782502672836,0,-0.20784763986430507,0.21633159409304492,0
11.785,0,-0.36160987323480093,0.0060723058012556409,0,0.35202845369284508,0.35507177836407305,0
11.785,1,-0.21464300285341656,-0.15657636125251506,0,-0.2073177841992514,0.21683942527758285,0
11.7875,0,-0.36072873385576748,0.0069589236030628424,0,0.3528830495338971,0.35422246308168842,0
11.7875,1,-0.21516063347857015,-0.15603362955603145,0,-0.20678671592361708,0.21734593190930696,0
11.79,0,-0.35984546045106031,0.0078434154480713867,0,0.35373567423184255,0.3533710129251475,0
11.79,1,-0.21567693492139969,-0.15548963325210474,0,-0.20625443834002782,0.21785111123205103,0
11.7925,0,-0.35896005795519631,0.0087257760043357689,0,0.35458632245934241,0.35251743208635827,0
11.7925,1,-0.21619190416277054,-0.1549443756624424,0,-0.2057209547566583,0.21835496049782968,0
11.795,0,-0.3580725313160022,0.0096059999504067763,0,0.35543498889596536,0.35166172477044744,0
11.795,1,-0.21670553819182536,-0.15439786011561155,0,-0.20518626848721236,0.21885747696684574,0
11.7975,0,-0.35718288549459698,0.010484081975364535,0,0.35628166822821949,0.35080389519576016,0
11.7975,1,-0.21721783400599801,-0.15385008994701863,0,-0.20465038285090306,0.2193586579074977,0
11.8,0,-0.35629112546537473,0.01136001677885156,0,0.35712635514958418,0.34994394759385966,0
11.8,1,-0.21772878861102718,-0.15330106849888878,0,-0.20411330117243295,0.21985850059638695,0
11.8025,0,-0.35539725621598706,0.012233799071105793,0,0.35796904436054217,0.34908188620952696,0
11.8025,1,-0.2182383990209702,-0.15275079912024539,0,-0.20357502678197417,0.22035700231832503,0
11.805,0,-0.35450128274732562,0.013105423572993652,0,0.3588097305686116,0.34821771530076018,0
11.805,1,-0.2187466622582166,-0.15219928516688955,0,-0.20303556301514863,0.22085416036634087,0
11.8075,0,-0.35360321007350437,0.013974885016043071,0,0.35964840848837826,0.34735143913877414,0
11.8075,1,-0.21925357535350179,-0.15164653000137951,0,-0.20249491321300825,0.22134997204168799,0
11.81,0,-0.35270304322184198,0.014842178142476539,0,0.36048507284152764,0.34648306200799978,0
11.81,1,-0.21975913534592056,-0.15109253699301009,0,-0.20195308072201518,0.22184443465385156,0
11.8125,0,-0.35180078723284397,0.015707297705244143,0,0.36131971835687743,0.34561258820608326,0
11.8125,1,-0.22026333928294062,-0.1505373095177921,0,-0.20141006889402197,0.22233754552055557,0
11.815,0,-0.35089644716018487,0.016570238468056605,0,0.36215233977040978,0.34474002204388537,0
11.815,1,-0.22076618422041597,-0.14998085095843169,0,-0.20086588108625189,0.22282930196776973,0
11.8175,0,-0.34999002807069024,0.017430995205418312,0,0.36298293182530383,0.34386536784548066,0
11.8175,1,-0.22126766722260038,-0.14942316470430983,0,-0.20032052066127909,0.22331970132971665,0
11.82,0,-0.34908153504431866,0.018289562702660359,0,0.36381148927196827,0.34298862994815649,0
11.82,1,-0.22176778536216074,-0.14886425415146159,0,-0.19977399098700896,0.22380874094887862,0
11.8225,0,-0.34817097317414358,0.019145935755973571,0,0.36463800686807385,0.34210981270241203,0
11.8225,1,-0.22226653572019031,-0.1483041227025555,0,-0.19922629543665829,0.22429641817600462,0
11.825,0,-0.34725834756633528,0.020000109172441532,0,0.36546247937858622,0.3412289204719573,0
11.825,1,-0.22276391538622206,-0.14774277376687284,0,-0.19867743738873569,0.22478273037011717,0
11.8275,0,-0.34634366334014227,0.02085207777007362,0,0.36628490157579863,0.34034595763371195,0
11.8275,1,-0.22325992145824175,-0.14718021076028703,0,-0.19812742022702182,0.22526767489851912,0
11.83,0,-0.3454269256278733,0.021701836377838013,0,0.36710526823936473,0.33946092857780408,0
11.83,1,-0.22375455104270123,-0.14661643710524289,0,-0.19757624734054968,0.22575124913680042,0
11.8325,0,-0.34450813957487869,0.02254937983569473,0,0.36792357415633165,0.33857383770756899,0
11.8325,1,-0.22424780125453139,-0.14605145623073584,0,-0.19702392212358505,0.22623345046884488,0
11.835,0,-0.34358731033953183,0.023394702994628626,0,0.3687398141211729,0.33768468943954771,0
11.835,1,-0.22473966921715538,-0.14548527157229124,0,-0.19647044797560673,0.22671427628683688,0
11.8375,0,-0.34266444309321059,0.024237800716682419,0,0.36955398293582148,0.33679348820348576,0
11.8375,1,-0.22523015206250149,-0.1449178865719436,0,-0.19591582830128693,0.22719372399126797,0
11.84,0,-0.3417395430202787,0.025078667874989691,0,0.37036607540970301,0.33590023844233147,0
11.84,1,-0.22571924693101619,-0.14434930467821583,0,-0.19536006651047166,0.22767179099094353,0
11.8425,0,-0.34081261531806684,0.025917299353807897,0,0.37117608635976901,0.3350049446122344,0
11.8425,1,-0.22620695097167698,-0.14377952934609842,0,-0.19480316601816114,0.22814847470298927,0
11.845,0,-0.33988366519685398,0.026753690048551371,0,0.37198401061053027,0.33410761118254378,0
11.845,1,-0.22669326134200529,-0.14320856403702861,0,-0.19424513024449008,0.22862377255285782,0
11.8475,0,-0.33895269787984822,0.02758783486582431,0,0.37278984299409007,0.33320824263580673,0
11.8475,1,-0.22717817520807929,-0.14263641221886963,0,-0.19368596261470827,0.22909768197433517,0
11.85,0,-0.33801971860316787,0.028419728723453778,0,0.37359357835017781,0.33230684346776629,0
11.85,1,-0.22766168974454662,-0.14206307736588977,0,-0.19312566655916086,0.22957020040954706,0
11.8525,0,-0.33708473261582245,0.029249366550522685,0,0.37439521152618244,0.3314034181873598,0
11.8525,1,-0.22814380213463717,-0.14148856295874163,0,-0.19256424551326884,0.23004132530896554,0
11.855,0,-0.33614774517969326,0.030076743287402782,0,0.37519473737718623,0.3304979713167166,0
11.855,1,-0.22862450957017563,-0.14091287248444115,0,-0.19200170291750956,0.23051105413141512,0
11.8575,0,-0.33520876156951429,0.030901853885787624,0,0.37599215076599823,0.32959050739115625,0
11.8575,1,-0.22910380925159426,-0.14033600943634678,0,-0.19143804221739713,0.23097938434407922,0
11.86,0,-0.33426778707285282,0.03172469330872555,0,0.37678744656318836,0.3286810309591861,0
11.86,1,-0.22958169838794534,-0.13975797731413855,0,-0.1908732668634629,0.23144631342250641,0
11.8625,0,-0.33332482699008992,0.032545256530652655,0,0.37758061964712092,0.32776954658249929,0
11.8625,1,-0.23005817419691371,-0.13917877962379716,0,-0.19030738031123601,0.23191183885061661,0
11.865,0,-0.33237988663440104,0.033363538537425748,0,0.37837166490398871,0.32685605883597235,0
11.865,1,-0.2305332339048293,-0.13859841987758301,0,-0.18974038602122387,0.23237595812070735,0
11.8675,0,-0.33143297133173627,0.034179534326355294,0,0.37916057722784707,0.32594057230766282,0
11.8675,1,-0.23100687474667944,-0.13801690159401531,0,-0.18917228745889267,0.23283866873345987,0
11.87,0,-0.33048408642080063,0.034993238906238379,0,0.37994735152064774,0.32502309159880671,0
11.87,1,-0.23147909396612137,-0.13743422829785104,0,-0.18860308809464796,0.23329996819794521,0
11.8725,0,-0.32953323725303446,0.035804647297391655,0,0.38073198269227321,0.32410362132381598,0
11.8725,1,-0.23194988881549444,-0.13685040352006408,0,-0.18803279140381521,0.2337598540316303,0
11.875,0,-0.32858042919259339,0.036613754531684271,0,0.3815144656605709,0.32318216611027595,0
11.875,1,-0.23241925655583248,-0.13626543079782408,0,-0.18746140086662028,0.23421832376038404,0
11.8775,0,-0.32762566761632844,0.037420555652570797,0,0.38229479535138733,0.3222587305989425,0
11.8775,1,-0.23288719445687597,-0.1356793136744755,0,-0.18688891996817014,0.23467537491848323,0
11.88,0,-0.32666895791376593,0.038225045715124147,0,0.38307296669860269,0.32133331944373922,0
11.88,1,-0.23335369979708423,-0.13509205569951663,0,-0.1863153521984334,0.23513100504861856,0
11.8825,0,-0.32571030548708746,0.039027219786068511,0,0.38384897464416512,0.3204059373117546,0
11.8825,1,-0.23381876986364755,-0.13450366042857848,0,-0.18574070105222093,0.23558521170190047,0
11.885,0,-0.32474971575110961,0.039827072943812256,0,0.38462281413812532,0.31947658888323888,0
11.885,1,-0.23428240195249928,-0.13391413142340378,0,-0.18516497002916646,0.23603799243786508,0
11.8875,0,-0.32378719413326362,0.040624600278480805,0,0.38539448013867111,0.31854527885160122,0
11.8875,1,-0.23474459336832787,-0.13332347225182584,0,-0.18458816263370725,0.23648934482448,0
11.89,0,-0.32282274607357508,0.041419796891949565,0,0.3861639676121621,0.31761201192340621,0
11.89,1,-0.23520534142458882,-0.13273168648774755,0,-0.18401028237506481,0.23693926643815011,0
11.8925,0,-0.32185637702464343,0.042212657897876787,0,0.38693127153316448,0.31667679281837097,0
11.8925,1,-0.23566464344351667,-0.1321387777111202,0,-0.18343133276722542,0.23738775486372329,0
11.895,0,-0.32088809245162137,0.043003178421736454,0,0.38769638688448577,0.31573962626936147,0
11.895,1,-0.23612249675613686,-0.13154474950792244,0,-0.18285131732892099,0.23783480769449625,0
11.8975,0,-0.31991789783219426,0.043791353600851145,0,0.38845930865720973,0.31480051702238926,0
11.8975,1,-0.23657889870227752,-0.13094960547013904,0,-0.18227023958360961,0.23828042253222007,0
11.9,0,-0.31894579865655937,0.044577178584424892,0,0.38922003185073134,0.31385946983660795,0
11.9,1,-0.23703384663058136,-0.13035334919573988,0,-0.18168810305945637,0.23872459698710591,0
11.9025,0,-0.31797180042740497,0.045360648533576041,0,0.38997855147279176,0.31291648948430961,0
11.9025,1,-0.23748733789851731,-0.1297559842886587,0,-0.18110491128931405,0.23916732867783061,0
11.905,0,-0.31699590865988958,0.046141758621370078,0,0.39073486253951356,0.31197158075092091,0
11.905,1,-0.23793936987239234,-0.12915751435877199,0,-0.18052066781070389,0.23960861523154225,0
11.9075,0,-0.3160181288816209,0.046920504032852479,0,0.39148896007543588,0.31102474843499944,0
11.9075,1,-0.23838993992736296,-0.12855794302187773,0,-0.1799353761657963,0.24004845428386568,0
11.91,0,-0.31503846663263468,0.047696879965081519,0,0.39224083911354951,0.31007599734822988,0
11.91,1,-0.23883904544744694,-0.12795727389967426,0,-0.17934903990139173,0.24048684347890795,0
11.9125,0,-0.31405692746537356,0.04847088162716108,0,0.39299049469533248,0.30912533231541983,0
11.9125,1,-0.23928668382553481,-0.12735551061973904,0,-0.17876166256890133,0.24092378046926383,0
11.915,0,-0.3130735169446659,0.049242504240273474,0,0.39373792187078527,0.30817275817449585,0
11.915,1,-0.23973285246340134,-0.12675265681550743,0,-0.17817324772432788,0.24135926291602122,0
11.9175,0,-0.31208824064770435,0.05001174303771222,0,0.39448311569846628,0.30721827977649929,0
11.9175,1,-0.24017754877171707,-0.12614871612625145,0,-0.17758379892824655,0.24179328848876649,0
11.92,0,-0.31110110416402437,0.050778593264914823,0,0.39522607124552744,0.3062619019855819,0
11.92,1,-0.24062077017005962,-0.12554369219705849,0,-0.17699331974578575,0.24222585486558987,0
11.9225,0,-0.31011211309548276,0.05154305017949555,0,0.39596678358774984,0.30530362967900165,0
11.9225,1,-0.24106251408692511,-0.12493758867881014,0,-0.17640181374660799,0.24265695973309065,0
11.925,0,-0.3091212730562361,0.052305109051278199,0,0.39670524780957939,0.30434346774711812,0
11.925,1,-0.24150277795973948,-0.1243304092281608,0,-0.17580928450489075,0.24308660078638258,0
11.9275,0,-0.30812858967271894,0.053064765162328831,0,0.39744145900416245,0.30338142109338795,0
11.9275,1,-0.24194155923486974,-0.12372215750751644,0,-0.17521573559930731,0.24351477572909902,0
11.93,0,-0.30713406858362202,0.053822013806988513,0,0.39817541227338182,0.30241749463436024,0
11.93,1,-0.24237885536763512,-0.12311283718501333,0,-0.17462117061300775,0.2439414822733981,0
11.9325,0,-0.30613771543987045,0.054576850291906051,0,0.39890710272789265,0.30145169329967181,0
11.9325,1,-0.24281466382231839,-0.12250245193449662,0,-0.17402559313359978,0.24436671813996796,0
11.935,0,-0.30513953590460163,0.055329269936070694,0,0.39963652548715817,0.30048402203204228,0
11.935,1,-0.24324898207217679,-0.12189100543549912,0,-0.17342900675312967,0.24479048105803186,0
11.9375,0,-0.30413953565314333,0.056079268070844832,0,0.40036367567948594,0.29951448578726919,0
11.9375,1,-0.24368180759945329,-0.12127850137321988,0,-0.17283141506806327,0.2452127687653532,0
11.94,0,-0.30313772037299141,0.056826840039996697,0,0.40108854844206399,0.29854308953422282,0
11.94,1,-0.24411313789538747,-0.12066494343850288,0,-0.17223282167926693,0.24563357900824062,0
11.9425,0,-0.30213409576378758,0.05757198119973303,0,0.40181113892099674,0.29756983825484123,0
11.9425,1,-0.24454297046022652,-0.12005033532781564,0,-0.17163323019198842,0.24605290954155301,0
11.945,0,-0.30112866753729717,0.058314686918731734,0,0.40253144227134147,0.2965947369441248,0
11.945,1,-0.24497130280323631,-0.11943468074322783,0,-0.171032644215838,0.24647075812870445,0
11.9475,0,-0.30012144141738656,0.059054952578174551,0,0.40324945365714454,0.2956177906101311,0
11.9475,1,-0.24539813244271208,-0.11881798339238986,0,-0.17043106736476937,0.24688712254166922,0
11.95,0,-0.2991124231400008,0.059792773571779673,0,0.40396516825147788,0.29463900427396922,0
11.95,1,-0.24582345690598936,-0.11820024698851155,0,-0.16982850325706075,0.2473020005609867,0
11.9525,0,-0.29810161845314087,0.060528145305834377,0,0.40467858123647521,0.29365838296979441,0
11.9525,1,-0.24624727372945482,-0.1175814752503406,0,-0.16922495551529587,0.24771538997576611,0
11.955,0,-0.29708903311684104,0.061261063199227625,0,0.40538968780336876,0.29267593174480222,0
11.955,1,-0.24666958045855686,-0.11696167190214128,0,-0.16862042776634506,0.2481272885836916,0
11.9575,0,-0.29607467290314615,0.06199152268348266,0,0.40609848315252572,0.29169165565922295,0
11.9575,1,-0.24709037464781647,-0.11634084067367288,0,-0.16801492364134626,0.24853769419102678,0
11.96,0,-0.29505854359608863,0.062719519202789578,0,0.40680496249348508,0.29070555978631557,0
11.96,1,-0.24750965386083776,-0.11571898530016833,0,-0.1674084467756862,0.24894660461261969,0
11.9625,0,-0.29404065099166554,0.06344504821403793,0,0.40750912104499415,0.28971764921236198,0
11.9625,1,-0.24792741567031859,-0.11509610952231267,0,-0.16680100080898139,0.24935401767190749,0
11.965,0,-0.29302100089781552,0.064168105186849206,0,0.40821095403504543,0.28872792903666067,0
11.965,1,-0.24834365765806113,-0.11447221708622163,0,-0.16619258938505932,0.24975993120092108,0
11.9675,0,-0.29199959913439555,0.064888685603609428,0,0.40891045670091342,0.28773640437152082,0
11.9675,1,-0.24875837741498238,-0.11384731174342011,0,-0.16558321615193958,0.25016434304028984,0
11.97,0,-0.29097645153315793,0.065606784959501646,0,0.40960762428919167,0.28674308034225576,0
11.97,1,-0.24917157254112457,-0.11322139725082069,0,-0.16497288476181496,0.25056725103924632,0
11.9725,0,-0.28995156393772664,0.06632239876253844,0,0.4103024520558296,0.28574796208717673,0
11.9725,1,-0.24958324064566562,-0.11259447737070209,0,-0.16436159887103266,0.25096865305563065,0
11.975,0,-0.28892494220357412,0.067035522533594391,0,0.41099493526616965,0.28475105475758639,0
11.975,1,-0.2499933793469295,-0.11196655587068768,0,-0.16374936214007543,0.25136854695589539,0
11.9775,0,-0.28789659219799768,0.067746151806438587,0,0.41168506919498438,0.28375236351777205,0
11.9775,1,-0.25040198627239652,-0.11133763652372393,0,-0.16313617823354282,0.2517669306151098,0
11.98,0,-0.28686651980009581,0.068454282127767052,0,0.41237284912651362,0.28275189354499919,0
11.98,1,-0.25080905905871359,-0.11070772310805883,0,-0.16252205082013235,0.25216380191696441,0
11.9825,0,-0.28583473090074452,0.06915990905723518,0,0.41305827035450177,0.28174965002950442,0
11.9825,1,-0.25121459535170454,-0.1100768194072204,0,-0.16190698357262073,0.25255915875377566,0
11.985,0,-0.28480123140257357,0.069863028167490168,0,0.41374132818223514,0.28074563817448867,0
11.985,1,-0.2516185928063801,-0.10944492920999507,0,-0.16129098016784513,0.25295299902649016,0
11.9875,0,-0.28376602721994254,0.070563635044203418,0,0.41442201792257916,0.27973986319611011,0
11.9875,1,-0.25202104908694828,-0.10881205631040609,0,-0.16067404428668441,0.25334532064468906,0
11.99,0,-0.28272912427891678,0.071261725286102903,0,0.41510033489801601,0.27873233032347694,0
11.99,1,-0.2524219618668242,-0.10817820450769199,0,-0.16005617961404045,0.25373612152659258,0
11.9925,0,-0.28169052851724341,0.071957294505005556,0,0.41577627444068205,0.2777230447986403,0
11.9925,1,-0.25282132882864028,-0.10754337760628492,0,-0.15943738983881936,0.25412539959906427,0
11.995,0,-0.28065024588432708,0.072650338325849592,0,0.41644983189240542,0.27671201187658662,0
11.995,1,-0.25321914766425618,-0.10690757941578907,0,-0.1588176786539128,0.25451315279761522,0
11.9975,0,-0.27960828234120566,0.073340852386726857,0,0.41712100260474361,0.27569923682523034,0
11.9975,1,-0.25361541607476878,-0.10627081375095904,0,-0.15819704975617938,0.25489937906640858,0
12,0,-0.27856464386052593,0.074028832338915149,0,0.41778978193902117,0.27468472492540624,0
12,1,-0.25401013177052206,-0.1056330844316782,0,-0.15757550684642588,0.25528407635826356,0
12.0025,0,-0.27751933642651921,0.074714273846910484,0,0.41845616526636759,0.27366848147086176,0
12.0025,1,-0.25440329247111682,-0.10499439528293704,0,-0.15695305362938872,0.25566724263465973,0
12.005,0,-0.27647236603497655,0.075397172588459377,0,0.41912014796775493,0.27265051176824912,0
12.005,1,-0.2547948959054207,-0.10435475013481153,0,-0.15632969381371525,0.25604887586574127,0
12.0075,0,-0.27542373869322428,0.076077524254591092,0,0.41978172543403586,0.2716308211371174,0
12.0075,1,-0.2551849398115778,-0.10371415282244145,0,-0.15570543111194515,0.256428974030321,0
12.01,0,-0.27437346042009925,0.076755324549649867,0,0.42044089306598154,0.27060941490990442,0
12.01,1,-0.25557342193701837,-0.10307260718600869,0,-0.15508026924049184,0.25680753511588461,0
12.0125,0,-0.2733215372459239,0.077430569191327153,0,0.42109764627431961,0.26958629843192866,0
12.0125,1,-0.25596034003846851,-0.10243011707071559,0,-0.15445421191962386,0.25718455711859461,0
12.015,0,-0.27226797521248131,0.078103253910693796,0,0.42175198047977236,0.26856147706138095,0
12.015,1,-0.25634569188195983,-0.10178668632676323,0,-0.15382726287344639,0.25756003804329458,0
12.0175,0,-0.27121278037299024,0.078773374452232162,0,0.42240389111309462,0.267534956169316,0
12.0175,1,-0.25672947524283901,-0.10114231880932972,0,-0.15319942582988258,0.25793397590351302,0
12.02,0,-0.27015595879207999,0.079440926573868365,0,0.42305337361511225,0.2665067411396439,0
12.02,1,-0.25711168790577721,-0.10049701837854849,0,-0.15257070452065513,0.25830636872146739,0
12.0225,0,-0.26909751654576514,0.080105906047004322,0,0.42370042343676018,0.26547683736912159,0
12.0225,1,-0.25749232766477959,-0.099850788899486578,0,-0.15194110268126768,0.25867721452806813,0
12.025,0,-0.26803745972142029,0.080768308656549909,0,0.42434503603912083,0.26444525026734395,0
12.025,1,-0.25787139232319489,-0.099203634242122835,0,-0.15131062405098633,0.25904651136292262,0
12.0275,0,-0.26697579441775454,0.081428130200955004,0,0.42498720689346237,0.26341198525673493,0
12.0275,1,-0.25824887969372468,-0.098555558281326255,0,-0.15067927237282119,0.25941425727433887,0
12.03,0,-0.2659125267447861,0.082085366492241602,0,0.42562693148127728,0.26237704777253862,0
12.03,1,-0.2586247875984326,-0.097906564896834164,0,-0.15004705139350785,0.25978045031932973,0
12.0325,0,-0.26484766282381661,0.082740013356035785,0,0.42626420529432074,0.26134044326281014,0
12.0325,1,-0.25899911386875385,-0.097256657973230479,0,-0.14941396486348893,0.2601450885636164,0
12.035,0,-0.26378120878740541,0.083392066631599801,0,0.42689902383464923,0.26030217718840637,0
12.035,1,-0.2593718563455043,-0.096605841399923911,0,-0.14878001653689568,0.26050817008163252,0
12.0375,0,-0.26271317077934375,0.08404152217186403,0,0.42753138261465901,0.25926225502297662,0
12.0375,1,-0.25974301287888985,-0.095954119071126207,0,-0.14814521017152954,0.26086969295652773,0
12.04,0,-0.26164355495462904,0.084688375843458938,0,0.42816127715712499,0.25822068225295297,0
12.04,1,-0.26011258132851534,-0.095301494885830326,0,-0.14750954952884368,0.26122965528017167,0
12.0425,0,-0.26057236747943857,0.085332623526747059,0,0.4287887029952393,0.25717746437754102,0
12.0425,1,-0.26048055956339378,-0.094647972747788661,0,-0.14687303837392468,0.26158805515315747,0
12.045,0,-0.25949961453110371,0.085974261115854878,0,0.42941365567265005,0.25613260690870981,0
12.045,1,-0.26084694546195553,-0.093993556565491201,0,-0.14623568047547408,0.26194489068480559,0
12.0475,0,-0.25842530229808353,0.086613284518704745,0,0.43003613074350028,0.2550861153711822,0
12.0475,1,-0.26121173691205712,-0.093338250252143734,0,-0.14559747960579006,0.26230015999316747,0
12.05,0,-0.25734943697993856,0.087249689657046756,0,0.4306561237724667,0.25403799530242477,0
12.05,1,-0.26157493181099029,-0.092682057725645986,0,-0.14495843954074908,0.26265386120502909,0
12.0525,0,-0.25627202478730449,0.087883472466490586,0,0.43127363033479876,0.25298825225263782,0
12.0525,1,-0.26193652806549095,-0.092024982908569808,0,-0.14431856405978755,0.26300599245591477,0
12.055,0,-0.25519307194186552,0.088514628896537315,0,0.43188864601635757,0.2519368917847451,0
12.055,1,-0.26229652359174804,-0.091367029728137303,0,-0.14367785694588353,0.2633565518900905,0
12.0575,0,-0.25411258467632802,0.089143154910611228,0,0.43250116641365494,0.25088391947438349,0
12.0575,1,-0.26265491631541232,-0.090708202116198983,0,-0.14303632198553839,0.2637055376605677,0
12.06,0,-0.2530305692343936,0.089769046486091575,0,0.43311118713389257,0.24982934090989242,0
12.06,1,-0.26301170417160519,-0.090048504009211883,0,-0.14239396296875856,0.26405294792910666,0
12.0625,0,-0.25194703187073247,0.090392299614344321,0,0.43371870379500121,0.24877316169230346,0
12.0625,1,-0.26336688510492745,-0.089387939348217718,0,-0.14175078368903724,0.2643987808662201,0
12.065,0,-0.25086197885095662,0.091012910300753869,0,0.43432371202567976,0.24771538743532945,0
12.065,1,-0.2637204570694679,-0.088726512078820971,0,-0.14110678794333617,0.26474303465117655,0
12.0675,0,-0.24977541645159274,0.091630874564754716,0,0.43492620746543459,0.24665602376535367,0
12.0675,1,-0.26407241802881215,-0.088064226151166991,0,-0.14046197953206735,0.26508570747200383,0
12.07,0,-0.24868735096005518,0.09224618843986318,0,0.43552618576461893,0.24559507632141894,0
12.07,1,-0.26442276595605108,-0.087401085519920124,0,-0.13981636225907484,0.26542679752549259,0
12.0725,0,-0.24759778867461882,0.092858847973708969,0,0.43612364258447223,0.2445325507552164,0
12.0725,1,-0.26477149883378942,-0.086737094144241758,0,-0.13916993993161661,0.2657663030171995,0
12.075,0,-0.24650673590439179,0.093468849228066836,0,0.43671857359715943,0.24346845273107437,0
12.075,1,-0.26511861465415437,-0.086072255987768451,0,-0.13852271636034622,0.2661042221614508,0
12.0775,0,-0.24541419896928807,0.094076188278888112,0,0.43731097448581069,0.24240278792594691,0
12.0775,1,-0.26546411141880394,-0.085406575018589961,0,-0.13787469535929475,0.26644055318134541,0
12.08,0,-0.2443201842000001,0.094680861216332304,0,0.43790084094456067,0.24133556202940237,0
12.08,1,-0.26580798713893539,-0.084740055209227338,0,-0.13722588074585262,0.26677529430875851,0
12.0825,0,-0.24322469793797116,0.095282864144798571,0,0.43848816867858831,0.24026678074361177,0
12.0825,1,-0.26615023983529362,-0.084072700536610964,0,-0.13657627634075142,0.26710844378434462,0
12.085,0,-0.24212774653536773,0.095882193182957251,0,0.43907295340415636,0.23919644978333696,0
12.085,1,-0.26649086753817963,-0.083404514982058614,0,-0.13592588596804581,0.26743999985754097,0
12.0875,0,-0.24102933635505172,0.096478844463781327,0,0.43965519084865112,0.23812457487591884,0
12.0875,1,-0.26682986828745858,-0.082735502531253474,0,-0.13527471345509531,0.26776996078657062,0
12.09,0,-0.23992947377055263,0.097072814134577801,0,0.44023487675062201,0.23705116176126528,0
12.09,1,-0.26716724013256815,-0.082065667174222201,0,-0.13462276263254638,0.26809832483844576,0
12.0925,0,-0.23882816516603958,0.097664098357019183,0,0.44081200685982158,0.23597621619183898,0
12.0925,1,-0.26750298113252674,-0.081395012905312925,0,-0.13397003733431417,0.26842509028897088,0
12.095,0,-0.23772541693629326,0.098252693307174788,0,0.44138657693724515,0.23489974393264515,0
12.095,1,-0.26783708935594158,-0.08072354372317328,0,-0.13331654139756455,0.26875025542274589,0
12.0975,0,-0.23662123548667774,0.098838595175542124,0,0.44195858275517086,0.23382175076121914,0
12.0975,1,-0.2681695628810169,-0.080051263630728384,0,-0.13266227866269598,0.26907381853316925,0
12.1,0,-0.23551562723311228,0.099421800167078161,0,0.44252802009719944,0.23274224246761385,0
12.1,1,-0.26850039979556189,-0.079378176635158865,0,-0.13200725297332155,0.26939577792244107,0
12.1025,0,-0.23440859860204291,0.10000230450123067,0,0.44309488475829417,0.23166122485438709,0
12.1025,1,-0.26882959819699886,-0.078704286747878854,0,-0.13135146817625093,0.26971613190156618,0
12.105,0,-0.23330015603041401,0.10058010441196939,0,0.44365917254482112,0.23057870373658865,0
12.105,1,-0.26915715619237102,-0.078029597984513949,0,-0.13069492812147232,0.27003487879035715,0
12.1075,0,-0.23219030596563975,0.10115519614781732,0,0.44422087927458898,0.22949468494174743,0
12.1075,1,-0.26948307189835052,-0.077354114364879212,0,-0.1300376366621345,0.27035201691743743,0
12.11,0,-0.2310790548655754,0.10172757597188183,0,0.44478000077688928,0.22840917430985835,0
12.11,1,-0.26980734344124635,-0.07667783991295711,0,-0.12937959765452886,0.27066754462024423,0
12.1125,0,-0.22996640919848862,0.10229724016188586,0,0.4453365328925365,0.22732217769336904,0
12.1125,1,-0.27012996895701208,-0.076000778656875517,0,-0.12872081495807142,0.27098146024503156,0
12.115,0,-0.22885237544303058,0.10286418501019903,0,0.44589047147390831,0.22623370095716658,0
12.115,1,-0.27045094659125379,-0.075322934628885632,0,-0.12806129243528486,0.27129376214687306,0
12.1175,0,-0.22773696008820696,0.1034284068238687,0,0.44644181238498576,0.22514374997856385,0
12.1175,1,-0.27077027449923763,-0.074644311865339957,0,-0.12740103395178062,0.2716044486896651,0
12.12,0,-0.22662016963334899,0.103989901924651,0,0.44699055150139372,0.22405233064728602,0
12.12,1,-0.27108795084589765,-0.073964914406670218,0,-0.12674004337624104,0.27191351824612953,0
12.1225,0,-0.2255020105880842,0.10454866664904193,0,0.447536684710441,0.22295944886545668,0
12.1225,1,-0.27140397380584347,-0.073284746297365283,0,-0.12607832458040127,0.27222096919781669,0
12.125,0,-0.22438248947230718,0.10510469734830823,0,0.44808020791116093,0.22186511054758395,0
12.125,1,-0.27171834156336777,-0.072603811585949127,0,-0.12541588143903162,0.27252679993510809,0
12.1275,0,-0.22326161281615028,0.10565799038851839,0,0.44862111701435164,0.22076932162054641,0
12.1275,1,-0.27203105231245395,-0.071922114324958722,0,-0.12475271782991953,0.27283100885721945,0
12.13,0,-0.22213938715995407,0.10620854215057354,0,0.44915940794261661,0.21967208802357888,0
12.13,1,-0.27234210425678368,-0.071239658570921946,0,-0.12408883763385176,0.27313359437220325,0
12.1325,0,-0.22101581905423778,0.10675634903023834,0,0.44969507663040503,0.21857341570825808,0
12.1325,1,-0.27265149560974422,-0.070556448384335502,0,-0.12342424473459651,0.27343455489695173,0
12.135,0,-0.21989091505966971,0.10730140743817178,0,0.45022811902405258,0.21747331063848818,0
12.135,1,-0.27295922459443606,-0.06987248782964281,0,-0.12275894301888568,0.27373388885719951,0
12.1375,0,-0.21876468174703737,0.107843713799958,0,0.45075853108182184,0.21637177879048614,0
12.1375,1,-0.27326528944368017,-0.069187780975211902,0,-0.12209293637639698,0.27403159468752641,0
12.14,0,-0.21763712569721766,0.10838326455613706,0,0.45128630877394299,0.21526882615276691,0
12.14,1,-0.27356968840002532,-0.068502331893313298,0,-0.12142622869973616,0.27432767083136006,0
12.1425,0,-0.21650825350114691,0.10892005616223568,0,0.45181144808265444,0.21416445872612858,0
12.1425,1,-0.27387241971575554,-0.067816144660097874,0,-0.12075882388441921,0.27462211574097867,0
12.145,0,-0.21537807175979079,0.10945408508879789,0,0.45233394500224355,0.2130586825236373,0
12.145,1,-0.27417348165289712,-0.067129223355574752,0,-0.12009072582885461,0.27491492787751365,0
12.1475,0,-0.21424658708411412,0.10998534782141571,0,0.45285379553908744,0.21195150357061204,0
12.1475,1,-0.2744728724832261,-0.066441572063589166,0,-0.11942193843432555,0.27520610571095222,0
12.15,0,-0.21311380609505065,0.11051384086075974,0,0.45337099571169359,0.21084292790460932,0
12.15,1,-0.27477059048827523,-0.0657531948718003,0,-0.11875246560497224,0.27549564772014012,0
12.1525,0,-0.21197973542347262,0.11103956072260976,0,0.4538855415507409,0.20973296157540766,0
12.1525,1,-0.27506663395934117,-0.06506409587165915,0,-0.11808231124777412,0.27578355239278407,0
12.155,0,-0.21084438171016029,0.11156250393788526,0,0.4543974290991204,0.20862161064499196,0
12.155,1,-0.27536100119749157,-0.064374279158386352,0,-0.11741147927253218,0.2760698182254544,0
12.1575,0,-0.20970775160577143,0.11208266705267593,0,0.4549066544119762,0.20750888118753774,0
12.1575,1,-0.27565369051357203,-0.063683748830950043,0,-0.11673997359185129,0.27635444372358758,0
12.16,0,-0.20856985177081053,0.1126000466282721,0,0.45541321355674635,0.2063947792893952,0
12.16,1,-0.27594470022821327,-0.0629925089920437,0,-0.11606779812112246,0.27663742740148889,0
12.1625,0,-0.2074306888755981,0.11311463924119518,0,0.4559171026132039,0.20527931104907313,0
12.1625,1,-0.27623402867183783,-0.06230056374806392,0,-0.11539495677850523,0.27691876778233465,0
12.165,0,-0.20629026960023972,0.11362644148322805,0,0.45641831767349789,0.20416248257722275,0
12.165,1,-0.27652167418466711,-0.06160791720908828,0,-0.11472145348490995,0.27719846339817489,0
12.1675,0,-0.20514860063459511,0.11413544996144535,0,0.45691685484219435,0.20304429999662127,0
12.1675,1,-0.27680763511672823,-0.060914573488853138,0,-0.11404729216398021,0.27747651278993579,0
12.17,0,-0.20400568867824698,0.11464166129824382,0,0.45741271023631735,0.2019247694421554,0
12.17,1,-0.27709190982786081,-0.060220536704731438,0,-0.11337247674207518,0.27775291450742201,0
12.1725,0,-0.20286154044046983,0.11514507213137253,0,0.45790587998539017,0.20080389706080473,0
12.1725,1,-0.27737449668772374,-0.059525810977710508,0,-0.11269701114825197,0.27802766710931925,0
12.175,0,-0.20171616264019876,0.11564567911396306,0,0.45839636023147645,0.19968168901162489,0
12.175,1,-0.27765539407580186,-0.058830400432369867,0,-0.11202089931424809,0.27830076916319646,0
12.1775,0,-0.20056956200599788,0.11614347891455976,0,0.45888414712922132,0.19855815146573053,0
12.1775,1,-0.27793460038141277,-0.058134309196858983,0,-0.11134414517446384,0.2785722192455084,0
12.18,0,-0.19942174527602899,0.11663846821714977,0,0.45936923684589254,0.19743329060627829,0
12.18,1,-0.27821211400371326,-0.057437541402875103,0,-0.11066675266594471,0.27884201594159785,0
12.1825,0,-0.19827271919801984,0.11713064372119318,0,0.45985162556142184,0.19630711262844949,0
12.1825,1,-0.27848793335170613,-0.056740101185640983,0,-0.10998872572836388,0.27911015784569798,0
12.185,0,-0.1971224905292325,0.11762000214165304,0,0.46033130946844614,0.19517962373943276,0
12.185,1,-0.2787620568442466,-0.056041992683882692,0,-0.10931006830400465,0.27937664356093467,0
12.1875,0,-0.1959710660364315,0.11810654020902533,0,0.46080828477234886,0.19405083015840643,0
12.1875,1,-0.27903448291004879,-0.055343220039807364,0,-0.1086307843377429,0.27964147169932879,0
12.19,0,-0.19481845249585195,0.118590254669369,0,0.46128254769130128,0.19292073811652083,0
12.19,1,-0.27930520998769226,-0.054643787399080955,0,-0.10795087777702958,0.27990464088179839,0
12.1925,0,-0.19366465669316743,0.11907114228433575,0,0.46175409445630383,0.19178935385688042,0
12.1925,1,-0.27957423652562841,-0.053943698910806005,0,-0.10727035257187324,0.28016614973816112,0
12.195,0,-0.192509685423458,0.11954919983120001,0,0.4622229213112275,0.19065668363452579,0
12.195,1,-0.27984156098218677,-0.053242958727499387,0,-0.10658921267482252,0.28042599690713621,0
12.1975,0,-0.19135354549117789,0.12002442410288869,0,0.46268902451285521,0.18952273371641543,0
12.1975,1,-0.28010718182558147,-0.05254157100507003,0,-0.10590746204094864,0.28068418103634685,0
12.2,0,-0.19019624371012317,0.12049681190801097,0,0.46315240033092336,0.1883875103814075,0
12.2,1,-0.28037109753391742,-0.051839539902796695,0,-0.10522510462782801,0.28094070078232231,0
12.2025,0,-0.18903778690339931,0.12096636007088803,0,0.46361304504816325,0.18725101992024124,0
12.2025,1,-0.28063330659519664,-0.051136869583305669,0,-0.10454214439552474,0.28119555481050007,0
12.205,0,-0.18787818190338867,0.12143306543158272,0,0.46407095496034245,0.18611326863551839,0
12.205,1,-0.28089380750732429,-0.050433564212548507,0,-0.10385858530657321,0.28144874179522805,0
12.2075,0,-0.18671743555171785,0.12189692484592922,0,0.46452612637630653,0.18497426284168439,0
12.2075,1,-0.28115259877811494,-0.049729627959779761,0,-0.10317443132596066,0.28170026041976659,0
12.21,0,-0.18555555469922494,0.12235793518556258,0,0.46497855561802037,0.18383400886500942,0
12.21,1,-0.28140967892529878,-0.049025064997534687,0,-0.10248968642110975,0.28195010937629067,0
12.2125,0,-0.18439254620592666,0.12281609333794831,0,0.46542823902060998,0.18269251304356934,0
12.2125,1,-0.28166504647652751,-0.04831987950160696,0,-0.10180435456186125,0.28219828736589192,0
12.215,0,-0.18322841694098538,0.12327139620641181,0,0.46587517293240394,0.18154978172722638,0
12.215,1,-0.2819186999693804,-0.04761407565102637,0,-0.10111843972045655,0.28244479309858073,0
12.2175,0,-0.18206317378267614,0.12372384071016786,0,0.46631935371497496,0.18040582127760976,0
12.2175,1,-0.28217063795137037,-0.046907657628036531,0,-0.10043194587152036,0.28268962529328817,0
12.22,0,-0.18089682361835344,0.12417342378434999,0,0.4667607777431817,0.17926063806809606,0
12.22,1,-0.28242085897994984,-0.046200629618072586,0,-0.099744876992043374,0.2829327826778682,0
12.2225,0,-0.17972937334441794,0.12462014238003985,0,0.4671994414052103,0.17811423848378957,0
12.2225,1,-0.2826693616225166,-0.045492995809738875,0,-0.09905723706136485,0.28317426398909951,0
12.225,0,-0.17856082986628316,0.12506399346429647,0,0.46763534110261606,0.17696662892150233,0
12.225,1,-0.28291614445641977,-0.044784760394786641,0,-0.098369030061155341,0.28341406797268759,0
12.2275,0,-0.17739120009834194,0.12550497402018551,0,0.46806847325036527,0.17581781578973416,0
12.2275,1,-0.28316120606896544,-0.0440759275680917,0,-0.097680259975399364,0.28365219338326658,0
12.23,0,-0.17622049096393289,0.12594308104680849,0,0.46849883427687672,0.17466780550865235,0
12.23,1,-0.28340454505742269,-0.043366501527632113,0,-0.096990930790378113,0.28388863898440131,0
12.2325,0,-0.1750487093953067,0.12637831155933188,0,0.46892642062406364,0.17351660451007139,0
12.2325,1,-0.28364616002902898,-0.042656486474465877,0,-0.09630104649465214,0.28412340354858928,0
12.235,0,-0.1738758623335924,0.12681066258901627,0,0.46935122874737545,0.17236421923743239,0
12.235,1,-0.28388604960099612,-0.041945886612708559,0,-0.095610611079044075,0.28435648585726236,0
12.2375,0,-0.17270195672876337,0.12724013118324529,0,0.46977325511583934,0.1712106561457824,0
12.2375,1,-0.28412421240051572,-0.041234706149510997,0,-0.094919628536621406,0.28458788470078883,0
12.24,0,-0.17152699953960346,0.12766671440555472,0,0.47019249621210235,0.1700559217017536,0
12.24,1,-0.28436064706476483,-0.040522949295036914,0,-0.094228102862679172,0.28481759887847524,0
12.2425,0,-0.17035099773367274,0.12809040933566135,0,0.47060894853247293,0.16890002238354224,0
12.2425,1,-0.28459535224091159,-0.039810620262440609,0,-0.093536038054722742,0.28504562719856819,0
12.245,0,-0.16917395828727344,0.1285112130694919,0,0.47102260858696299,0.16774296468088751,0
12.245,1,-0.28482832658612056,-0.039097723267844581,0,-0.092843438112450619,0.2852719684782562,0
12.2475,0,-0.16799588818541558,0.12892912271921181,0,0.47143347289932963,0.16658475509505019,0
12.2475,1,-0.28505956876755828,-0.038384262530317174,0,-0.092150307037737175,0.28549662154367156,0
12.25,0,-0.16681679442178252,0.1293441354132541,0,0.47184153800711698,0.1654254001387912,0
12.25,1,-0.28528907746239873,-0.037670242271850223,0,-0.091456648834615462,0.28571958522989194,0
12.2525,0,-0.16563668399869649,0.12975624829634802,0,0.4722468004616982,0.16426490633634985,0
12.2525,1,-0.28551685135782856,-0.036955666717336681,0,-0.09076246750926005,0.28594085838094241,0
12.255,0,-0.16445556392708396,0.13016545852954772,0,0.47264925682831727,0.1631032802234221,0
12.255,1,-0.28574288915105261,-0.03624054009454826,0,-0.090067767069969801,0.28616043984979705,0
12.2575,0,-0.16327344122644091,0.13057176329026093,0,0.47304890368613095,0.16194052834713857,0
12.2575,1,-0.28596718954929901,-0.035524866634113035,0,-0.089372551527150748,0.28637832849838069,0
12.26,0,-0.16209032292479794,0.13097515977227742,0,0.47344573762825065,0.16077665726604237,0
12.26,1,-0.28618975126982454,-0.034808650569493095,0,-0.088676824893298895,0.28659452319757067,0
12.2625,0,-0.16090621605868541,0.13137564518579756,0,0.4738397552617844,0.15961167355006681,0
12.2625,1,-0.2864105730399199,-0.034091896136962133,0,-0.087980591182983098,0.2868090228271985,0
12.265,0,-0.15972112767309832,0.13177321675746079,0,0.47423095320787878,0.15844558378051291,0
12.265,1,-0.28662965359691467,-0.033374607575583068,0,-0.087283854412827946,0.28702182627605155,0
12.2675,0,-0.15853506482146126,0.13216787173037395,0,0.47461932810176088,0.15727839455002673,0
12.2675,1,-0.28684699168818256,-0.032656789127185663,0,-0.08658661860149662,0.28723293244187481,0
12.27,0,-0.1573480345655931,0.13255960736413971,0,0.47500487659278035,0.15611011246257667,0
12.27,1,-0.28706258607114654,-0.031938445036344104,0,-0.08588888776967378,0.28744234023137238,0
12.2725,0,-0.15616004397567157,0.13294842093488474,0,0.47538759534445119,0.15494074413343034,0
12.2725,1,-0.28727643551328369,-0.031219579550354627,0,-0.085190665940048482,0.2876500485602092,0
12.275,0,-0.15497110013019788,0.13333430973528793,0,0.47576748103449396,0.15377029618913157,0
12.275,1,-0.28748853879213038,-0.030500196919213098,0,-0.084491957137297083,0.28785605635301265,0
12.2775,0,-0.15378121011596116,0.13371727107460868,0,0.47614453035487747,0.15259877526747703,0
12.2775,1,-0.28769889469528709,-0.029780301395592616,0,-0.083792765388066182,0.28806036254337414,0
12.28,0,-0.15259038102800274,0.13409730227871489,0,0.47651874001186117,0.15142618801749275,0
12.28,1,-0.28790750202042337,-0.029059897234821084,0,-0.083093094720955538,0.2882629660738506,0
12.2825,0,-0.15139861996958037,0.13447440069011102,0,0.47689010672603677,0.15025254109941052,0
12.2825,1,-0.2881143595752827,-0.028338988694858812,0,-0.082392949166501042,0.28846386589596629,0
12.285,0,-0.15020593405213237,0.13484856366796608,0,0.47725862723237056,0.14907784118464409,0
12.285,1,-0.28831946617768728,-0.027617580036276086,0,-0.081692332757157649,0.28866306097021399,0
12.2875,0,-0.14901233039524159,0.1352197885881416,0,0.47762429828024522,0.14790209495576512,0
12.2875,1,-0.28852282065554286,-0.026895675522230746,0,-0.080991249527282358,0.28886055026605684,0
12.29,0,-0.14781781612659942,0.13558807284321941,0,0.47798711663350191,0.1467253091064791,0
12.29,1,-0.28872442184684338,-0.026173279418445761,0,-0.080289703513117219,0.28905633276192966,0
12.2925,0,-0.14662239838196944,0.13595341384252951,0,0.47834707907048241,0.14554749034160103,0
12.2925,1,-0.28892426859967574,-0.025450395993186797,0,-0.079587698752772301,0.2892504074452405,0
12.295,0,-0.14542608430515125,0.1363158090121778,0,0.47870418238407098,0.14436864537703092,0
12.295,1,-0.28912235977222445,-0.02472702951723978,0,-0.078885239286208678,0.28944277331237217,0
12.2975,0,-0.14422888104794399,0.13667525579507375,0,0.47905842338173643,0.14318878093972917,0
12.2975,1,-0.28931869423277623,-0.02400318426388846,0,-0.078182329155221497,0.28963342936868364,0
12.3,0,-0.14303079577010985,0.13703175165095802,0,0.47940979888557428,0.14200790376769171,0
12.3,1,-0.28951327085972456,-0.023278864508891967,0,-0.077478972403422955,0.28982237462851151,0
12.3025,0,-0.14183183563933746,0.13738529405643005,0,0.47975830573234868,0.140826020609925,0
12.3025,1,-0.28970608854157409,-0.022554074530462362,0,-0.076775173076225348,0.2900096081151714,0
12.305,0,-0.14063200783120511,0.13773588050497548,0,0.48010394077353441,0.13964313822642094,0
12.305,1,-0.2898971461769454,-0.021828818609242198,0,-0.076070935220824129,0.29019512886095938,0
12.3075,0,-0.139431319529144,0.13808350850699366,0,0.48044670087535912,0.13845926338813147,0
12.3075,1,-0.29008644267457917,-0.021103101028282056,0,-0.075366262886180951,0.29037893590715341,0
12.31,0,-0.13822977792440125,0.13842817558982501,0,0.48078658291884507,0.13727440287694306,0
12.31,1,-0.29027397695334067,-0.020376926073018095,0,-0.074661160123006748,0.29056102830401465,0
12.3125,0,-0.13702739021600288,0.13876987929777826,0,0.48112358379985143,0.13608856348565107,0
12.3125,1,-0.29045974794222412,-0.01965029803124959,0,-0.073955630983744816,0.29074140511078883,0
12.315,0,-0.13582416361071667,0.13910861719215775,0,0.48145770042911623,0.13490175201793389,0
12.315,1,-0.29064375458035702,-0.018923221193116468,0,-0.073249679522553859,0.29092006539570764,0
12.3175,0,-0.13462010532301491,0.13944438685129057,0,0.48178892973229831,0.1337139752883269,0
12.3175,1,-0.2908259958170043,-0.018195699851076847,0,-0.072543309795291153,0.29109700823599005,0
12.32,0,-0.13341522257503702,0.13977718587055371,0,0.48211726865001941,0.13252524012219627,0
12.32,1,-0.29100647061157281,-0.017467738299884555,0,-0.071836525859495598,0.29127223271784364,0
12.3225,0,-0.13220952259655211,0.1401070118624011,0,0.48244271413790624,0.13133555335571265,0
12.3225,1,-0.29118517793361515,-0.016739340836566668,0,-0.071129331774370863,0.29144573793646583,0
12.325,0,-0.13100301262492142,0.14043386245639053,0,0.48276526316663243,0.13014492183582455,0
12.325,1,-0.29136211676283408,-0.016010511760401028,0,-0.07042173160076852,0.29161752299604521,0
12.3275,0,-0.12979569990506068,0.1407577352992106,0,0.48308491272196058,0.12895335242023165,0
12.3275,1,-0.29153728608908652,-0.015281255372893768,0,-0.069713729401171154,0.29178758700976282,0
12.33,0,-0.12858759168940226,0.14107862805470758,0,0.48340165980478422,0.12776085197735798,0
12.33,1,-0.29171068491238761,-0.014551575977756824,0,-0.069005329239675534,0.2919559290997934,0
12.3325,0,-0.1273786952378573,0.1413965384039122,0,0.48371550143116993,0.12656742738632473,0
12.3325,1,-0.29188231224291467,-0.013821477880885448,0,-0.068296535181975759,0.29212254839730661,0
12.335,0,-0.12616901781777784,0.14171146404506627,0,0.48402643463239908,0.12537308553692314,0
12.335,1,-0.29205216710101134,-0.01309096539033573,0,-0.067587351295346446,0.29228744404246826,0
12.3375,0,-0.12495856670391858,0.14202340269364941,0,0.48433445645501011,0.12417783332958697,0
12.3375,1,-0.29222024851719131,-0.012360042816302094,0,-0.066877781648625859,0.29245061518444154,0
12.34,0,-0.12374734917839877,0.14233235208240561,0,0.48463956396084029,0.12298167767536498,0
12.34,1,-0.29238655553214232,-0.011628714471094806,0,-0.066167830312199152,0.29261206098138814,0
12.3425,0,-0.12253537253066389,0.14263830996136967,0,0.48494175422706781,0.12178462549589317,0
12.3425,1,-0.29255108719673006,-0.010896984669117484,0,-0.065457501357981535,0.29277178060046949,0
12.345,0,-0.12132264405744723,0.14294127409789376,0,0.4852410243462536,0.12058668372336678,0
12.345,1,-0.29271384257200178,-0.010164857726844587,0,-0.064746798859401475,0.29292977321784791,0
12.3475,0,-0.12010917106273143,0.14324124227667359,0,0.48553737142638348,0.11938785930051224,0
12.3475,1,-0.29287482072919024,-0.0094323379627989177,0,-0.064035726891383912,0.29308603801868777,0
12.35,0,-0.11889496085770981,0.14353821229977493,0,0.48583079259090983,0.11818815918055882,0
12.35,1,-0.29303402074971741,-0.0086994296975291124,0,-0.063324289530333477,0.2932405741971566,0
12.3525,0,-0.11768002076074768,0.14383218198665965,0,0.48612128497879376,0.11698759032721018,0
12.3525,1,-0.29319144172519795,-0.0079661372535871338,0,-0.062612490854117742,0.2933933809564262,0
12.355,0,-0.11646435809734351,0.14412314917421193,0,0.48640884574454674,0.11578615971461574,0
12.355,1,-0.29334708275744314,-0.0072324649555057588,0,-0.061900334942050453,0.29354445750867375,0
12.3575,0,-0.11524798020008999,0.14441111171676438,0,0.48669347205827274,0.11458387432734184,0
12.3575,1,-0.29350094295846429,-0.0064984171297760625,0,-0.061187825874874764,0.29369380307508297,0
12.36,0,-0.11403089440863501,0.14469606748612399,0,0.48697516110570993,0.11338074116034269,0
12.36,1,-0.29365302145047634,-0.0057639981048249024,0,-0.060474967734746511,0.29384141688584503,0
12.3625,0,-0.11281310806964254,0.14497801437159807,0,0.48725391008827262,0.11217676721893127,0
12.3625,1,-0.29380331736590132,-0.0050292122109923962,0,-0.059761764605217468,0.29398729818015978,0
12.365,0,-0.11159462853675332,0.14525695028002017,0,0.4875297162230931,0.11097195951874991,0
12.365,1,-0.29395182984737184,-0.0042940637805094009,0,-0.059048220571218626,0.29413144620623671,0
12.3675,0,-0.11037546317054563,0.14553287313577579,0,0.48780257674306338,0.10976632508574077,0
12.3675,1,-0.29409855804773466,-0.0035585571474749849,0,-0.058334339719043483,0.29427386022129598,0
12.37,0,-0.1091556193384957,0.1458057808808281,0,0.48807248889687704,0.10855987095611611,0
12.37,1,-0.29424350113005387,-0.0028226966478339032,0,-0.057620126136331322,0.29441453949156943,0
12.3725,0,-0.10793510441493827,0.14607567147474365,0,0.48833944994907108,0.10735260417632839,0
12.3725,1,-0.29438665826761434,-0.0020864866193540644,0,-0.056905583912050514,0.29455348329230163,0
12.375,0,-0.10671392578102684,0.14634254289471788,0,0.48860345718006759,0.10614453180304022,0
12.375,1,-0.29452802864392502,-0.0013499314016039987,0,-0.056190717136481841,0.2946906909077508,0
12.3775,0,-0.10549209082469399,0.14660639313560053,0,0.48886450788621544,0.10493566090309407,0
12.3775,1,-0.29466761145272213,-0.00061303533593032279,0,-0.055475529901201796,0.29482616163118985,0
12.38,0,-0.10426960694061144,0.14686722020992124,0,0.48912259937983221,0.10372599855348184,0
12.38,1,-0.29480540589797249,0.00012419723456479884,0,-0.054760026299065907,0.29495989476490736,0
12.3825,0,-0.10304648153015009,0.14712502214791473,0,0.48937772898924564,0.10251555184131426,0
12.3825,1,-0.29494141119387657,0.00086176196504619352,0,-0.05404421042419208,0.29509188962020838,0
12.385,0,-0.10182272200133999,0.14737979699754611,0,0.4896298940588355,0.10130432786379007,0
12.385,1,-0.29507562656487174,0.0015996545089682233,0,-0.053328086371943917,0.29522214551741555,0
12.3875,0,-0.10059833576883009,0.14763154282453606,0,0.48987909194907509,0.10009233372816503,0
12.3875,1,-0.29520805124563532,0.0023378705180973304,0,-0.052611658238914095,0.29535066178586988,0
12.39,0,-0.099373330253848036,0.14788025771238592,0,0.490125320036573,0.098879576551720791,0
12.39,1,-0.29533868448108758,0.0030764056425345823,0,-0.051894930122907697,0.29547743776393171,0
12.3925,0,-0.098147712884159674,0.14812593976240274,0,0.49036857571411463,0.097666063461733524,0
12.3925,1,-0.29546752552639488,0.0038152555307382238,0,-0.051177906122925575,0.29560247279898155,0
12.395,0,-0.096921491094028644,0.14836858709372422,0,0.49060885639070373,0.096451801595442421,0
12.395,1,-0.29559457364697245,0.0045544158295462269,0,-0.050460590339147737,0.29572576624742108,0
12.3975,0,-0.095694672324175764,0.14860819784334353,0,0.49084615949160398,0.09523679810001795,0
12.3975,1,-0.29571982811848752,0.0052938821841988452,0,-0.0497429868729167,0.29584731747467385,0
12.4,0,-0.094467264021738287,0.1488447701661342,0,0.49108048245838065,0.094021060132530018,0
12.4,1,-0.29584328822686207,0.0060336502383611709,0,-0.049025099826720896,0.29596712585518631,0
12.4025,0,-0.093239273640229131,0.14907830223487475,0,0.49131182274894181,0.092804594859915851,0
12.4025,1,-0.29596495326827571,0.0067737156341456896,0,-0.048306933304178047,0.29608519077242845,0
12.405,0,-0.092010708639495981,0.14930879224027332,0,0.49154017783758003,0.091587409458947777,0
12.405,1,-0.29608482254916846,0.0075140740121348434,0,-0.047588491410018578,0.29620151161889474,0
12.4075,0,-0.090781576485680235,0.14953623839099225,0,0.49176554521501364,0.090369511116200771,0
12.4075,1,-0.29620289538624356,0.0082547210114035929,0,-0.046869778250069008,0.29631608779610502,0
12.41,0,-0.089551884651175931,0.14976063891367253,0,0.49198792238842826,0.089150907028019824,0
12.41,1,-0.29631917110647021,0.0089956522695419806,0,-0.046150797931235367,0.29642891871460508,0
12.4125,0,-0.088321640614588498,0.14998199205295817,0,0.49220730688151815,0.087931604400487168,0
12.4125,1,-0.29643364904708613,0.0097368634226776968,0,-0.045431554561486627,0.29654000379396761,0
12.415,0,-0.087090851860693444,0.15020029607152052,0,0.49242369623452742,0.08671161044938927,0
12.415,1,-0.29654632855560031,0.010478350105498647,0,-0.044712052249838104,0.29664934246279295,0
12.4175,0,-0.085859525880394916,0.15041554925008249,0,0.49263708800429146,0.08549093240018367,0
12.4175,1,-0.29665720898979553,0.011220107951275525,0,-0.043992295106334914,0.2967569341587098,0
12.42,0,-0.084627670170684205,0.15062774988744268,0,0.49284747976427812,0.084269577487965625,0
12.42,1,-0.296766289717731,0.011962132591884382,0,-0.043272287242035398,0.29686277832837593,0
12.4225,0,-0.083395292234598073,0.15083689630049943,0,0.49305486910462903,0.083047552957434573,0
12.4225,1,-0.29687357011774479,0.012704419657829201,0,-0.042552032768994559,0.29696687442747904,0
12.425,0,-0.082162399581177034,0.15104298682427481,0,0.49325925363220074,0.081824866062860394,0
12.425,1,-0.29697904957845633,0.013446964778264471,0,-0.041831535800247538,0.29706922192073737,0
12.4275,0,-0.080928999725423528,0.15124601981193844,0,0.49346063097060583,0.080601524068049532,0
12.4275,1,-0.29708272749876891,0.014189763581017768,0,-0.041110800449793046,0.29716982028190042,0
12.43,0,-0.079695100188259954,0.15144599363483138,0,0.4936589987602541,0.079377534246310874,0
12.43,1,-0.29718460328787188,0.014932811692612331,0,-0.040389830832576842,0.29726866899374971,0
12.4325,0,-0.078460708496486647,0.15164290668248981,0,0.49385435465839361,0.078152903880421482,0
12.4325,1,-0.29728467636524319,0.015676104738289641,0,-0.039668631064475206,0.29736576754809935,0
12.435,0,-0.07722583218273972,0.15183675736266858,0,0.49404669633915177,0.076927640262592134,0
12.435,1,-0.29738294616065164,0.016419638342032011,0,-0.038947205262278385,0.29746111544579679,0
12.4375,0,-0.075990478785448817,0.15202754410136485,0,0.49423602149357626,0.07570175069443269,0
12.4375,1,-0.29747941211415907,0.017163408126585161,0,-0.038225557543674113,0.29755471219672347,0
12.44,0,-0.074754655848794746,0.15221526534284152,0,0.4944223278296761,0.074475242486917226,0
12.44,1,-0.29757407367612271,0.017907409713480808,0,-0.03750369202723107,0.29764655731979545,0
12.4425,0,-0.073518370922667067,0.1523999195496506,0,0.49460561307246242,0.073248122960349049,0
12.4425,1,-0.29766693030719721,0.018651638723059256,0,-0.03678161283238239,0.29773665034296398,0
12.445,0,-0.072281631562621504,0.15258150520265645,0,0.49478587496398946,0.072020399444325464,0
12.445,1,-0.29775798147833693,0.019396090774491982,0,-0.036059324079409143,0.29782499080321623,0
12.4475,0,-0.071044445329837266,0.15276002080105899,0,0.49496311126339537,0.070792079277702397,0
12.4475,1,-0.29784722667079799,0.020140761485804223,0,-0.035336829889423854,0.29791157824657571,0
12.45,0,-0.069806819791074337,0.15293546486241683,0,0.49513731974694297,0.069563169808558811,0
12.45,1,-0.29793466537614022,0.020885646473897571,0,-0.034614134384353998,0.29799641222810314,0
12.4525,0,-0.068568762518630588,0.15310783592267022,0,0.49530849820806044,0.068333678394160963,0
12.4525,1,-0.29802029709622929,0.021630741354572571,0,-0.033891241686925526,0.29807949231189673,0
12.455,0,-0.067330281090298788,0.15327713253616407,0,0.49547664445738215,0.067103612400926424,0
12.455,1,-0.29810412134323877,0.022376041742551308,0,-0.033168155920646369,0.29816081807109296,0
12.4575,0,-0.06609138308932358,0.15344335327567071,0,0.49564175632278917,0.065872979204387949,0
12.4575,1,-0.29818613763965179,0.02312154325150001,0,-0.032444881209789979,0.29824038908786704,0
12.46,0,-0.064852076104358281,0.15360649673241264,0,0.49580383164944997,0.064641786189157183,0
12.46,1,-0.29826634551826325,0.023867241494051634,0,-0.031721421679378831,0.29831820495343347,0
12.4625,0,-0.063612367729421637,0.1537665615160852,0,0.49596286829986092,0.063410040748888105,0
12.4625,1,-0.29834474452218146,0.024613132081828484,0,-0.030997781455167982,0.29839426526804658,0
12.465,0,-0.062372265563854452,0.15392354625487911,0,0.49611886415388678,0.062177750286240355,0
12.465,1,-0.29842133420482997,0.025359210625464795,0,-0.030273964663628593,0.29846856964100099,0
12.4675,0,-0.061131777212276091,0.15407744959550296,0,0.49627181710880119,0.060944922212842347,0
12.4675,1,-0.29849611412994942,0.026105472734629338,0,-0.029549975431931483,0.29854111769063224,0
12.47,0,-0.059890910284540931,0.15422827020320559,0,0.49642172507932703,0.059711563949254198,0
12.47,1,-0.29856908387159925,0.026851914018048026,0,-0.02882581788793066,0.29861190904431717,0
12.4725,0,-0.058649672395694678,0.15437600676179833,0,0.49656858599767678,0.058477682924930455,0
12.4725,1,-0.29864024301415937,0.027598530083526515,0,-0.028101496160146885,0.29868094333847439,0
12.475,0,-0.057408071165930594,0.15452065797367723,0,0.49671239781359283,0.057243286578182666,0
12.475,1,-0.29870959115233175,0.028345316537972814,0,-0.027377014377751224,0.29874822021856484,0
12.4775,0,-0.05616611422054562,0.15466222255984513,0,0.49685315849438766,0.056008382356141716,0
12.4775,1,-0.29877712789114214,0.029092268987419886,0,-0.026652376670548605,0.29881373933909217,0
12.48,0,-0.054923809189896408,0.1548006992599337,0,0.49699086602498405,0.054772977714720034,0
12.48,1,-0.29884285284594153,0.029839383037048257,0,-0.025927587168961378,0.29887750036360322,0
12.4825,0,-0.053681163709355231,0.15493608683222532,0,0.49712551840795527,0.053537080118573561,0
12.4825,1,-0.29890676564240776,0.030586654291208621,0,-0.025202650004012891,0.29893950296468841,0
12.485,0,-0.052438185419265829,0.15506838405367487,0,0.49725711366356512,0.052300697041063555,0
12.485,1,-0.29896886591654692,0.031334078353444463,0,-0.024477569307311056,0.29899974682398228,0
12.4875,0,-0.05119488196489911,0.15519758971993147,0,0.49738564982980787,0.0510638359642182,0
12.4875,1,-0.29902915331469487,0.032081650826514645,0,-0.023752349211031924,0.29905823163216377,0
12.49,0,-0.049951260996408786,0.15532370264536011,0,0.49751112496244826,0.049826504378694028,0
12.49,1,-0.29908762749351853,0.032829367312416043,0,-0.023026993847903261,0.29911495708895663,0
12.4925,0,-0.048707330168786901,0.15544672166306314,0,0.49763353713506148,0.048588709783737166,0
12.4925,1,-0.29914428812001737,0.033577223412406154,0,-0.022301507351188139,0.29916992290312983,0
12.495,0,-0.047463097141819233,0.15556664562490174,0,0.49775288443907278,0.04735045968714436,0
12.495,1,-0.29919913487152466,0.034325214727025689,0,-0.021575893854668512,0.29922312879249796,0
12.4975,0,-0.046218569580040642,0.1556834734015172,0,0.49786916498379757,0.046111761605223851,0
12.4975,1,-0.29925216743570876,0.035073336856121212,0,-0.020850157492628807,0.29927457448392158,0
12.5,0,-0.044973755152690295,0.15579720388235216,0,0.49798237689648078,0.044872623062756037,0
12.5,1,-0.29930338551057434,0.035821585398867747,0,-0.020124302399839516,0.29932425971330751,0
12.5025,0,-0.043728661533666772,0.15590783597567179,0,0.49809251832233681,0.043633051592953949,0
12.5025,1,-0.29935278880446359,0.036569955953791394,0,-0.019398332711540796,0.29937218422560924,0
12.505,0,-0.042483296401483114,0.15601536860858475,0,0.49819958742458892,0.042393054737423538,0
12.505,1,-0.29940037703605732,0.037318444118791941,0,-0.018672252563426063,0.29941834777482723,0
12.5075,0,-0.041237667439221741,0.15611980072706419,0,0.49830358238450884,0.041152640046123783,0
12.5075,1,-0.29944614993437613,0.038067045491165484,0,-0.017946066091625589,0.29946275012400919,0
12.51,0,-0.039991782334489287,0.15622113129596851,0,0.49840450140145615,0.039911815077326607,0
12.51,1,-0.2994901072387815,0.038815755667627058,0,-0.017219777432690115,0.29950539104525042,0
12.5125,0,-0.038745648779371318,0.15631935929906215,0,0.49850234269291777,0.038670587397576582,0
12.5125,1,-0.29953224869897682,0.039564570244333241,0,-0.016493390723574447,0.29954627031969411,0
12.515,0,-0.037499274470386985,0.15641448373903619,0,0.49859710449454714,0.037428964581650494,0
12.515,1,-0.29957257407500831,0.040313484816904777,0,-0.015766910101621075,0.29958538773753157,0
12.5175,0,-0.036252667108443548,0.15650650363752888,0,0.4986887850602037,0.03618695421251665,0
12.5175,1,-0.29961108313726603,0.041062494980449192,0,-0.015040339704543781,0.29962274309800258,0
12.52,0,-0.035005834398790805,0.15659541803514615,0,0.49877738266199179,0.034944563881294056,0
12.52,1,-0.29964777566648471,0.041811596329583436,0,-0.014313683670411248,0.29965833620939553,0
12.5225,0,-0.033758784050975439,0.15668122599148179,0,0.49886289559029995,0.033701801187211382,0
12.5225,1,-0.29968265145374473,0.042560784458456492,0,-0.013586946137630684,0.29969216688904776,0
12.525,0,-0.032511523778795265,0.15676392658513777,0,0.49894532215383991,0.032458673737565731,0
12.525,1,-0.29971571030047295,0.043310054960771983,0,-0.012860131244931435,0.29972423496334571,0
12.5275,0,-0.03126406130025336,0.15684351891374432,0,0.49902466067968554,0.031215189147681222,0
12.5275,1,-0.29974695201844331,0.044059403429810823,0,-0.012133243131348609,0.29975454026772524,0
12.53,0,-0.030016404337512112,0.15692000209397999,0,0.49910090951331182,0.029971355040867398,0
12.53,1,-0.29977637642977778,0.04480882545845382,0,-0.011406285936206694,0.29978308264667175,0
12.5325,0,-0.02876856061684718,0.15699337526159154,0,0.49917406701863354,0.028727179048377426,0
12.5325,1,-0.29980398336694691,0.045558316639204309,0,-0.010679263799103189,0.29980986195372045,0
12.535,0,-0.027520537868601331,0.15706363757141373,0,0.49924413157804415,0.027482668809366118,0
12.535,1,-0.29982977267277067,0.046307872564210782,0,-0.0099521808598922248,0.29983487805145642,0
12.5375,0,-0.026272343827138209,0.15713078819738899,0,0.4993111015924544,0.026237831970847756,0
12.5375,1,-0.29985374420041888,0.047057488825289498,0,-0.0092250412586681908,0.29985813081151497,0
12.54,0,-0.025023986230795978,0.15719482633258711,0,0.49937497548133092,0.024992676187653731,0
12.54,1,-0.2998758978134119,0.047807161013947122,0,-0.0084978491357493701,0.29987962011458164,0
12.5425,0,-0.023775472821840896,0.15725575118922466,0,0.49943575168273469,0.023747209122389992,0
12.5425,1,-0.29989623338562116,0.048556884721403341,0,-0.007770608631661566,0.29989934585039246,0
12.545,0,-0.022526811346420778,0.1573135619986844,0,0.49949342865335966,0.022501438445394307,0
12.545,1,-0.29991475080126961,0.049306655538613499,0,-0.0070433238871217344,0.29991730791773397,0
12.5475,0,-0.021278009554518366,0.15736825801153451,0,0.49954800486857087,0.021255371834693327,0
12.5475,1,-0.29993144995493232,0.050056469056291221,0,-0.0063159990430216185,0.29993350622444354,0
12.55,0,-0.0200290751999046,0.15741983849754781,0,0.49959947882244288,0.02000901697595947,0
12.55,1,-0.29994633075153659,0.050806320864931039,0,-0.0055886382404113826,0.29994794068740926,0
12.5525,0,-0.018780016040091798,0.15746830274572085,0,0.49964784902779796,0.018762381562467616,0
12.5525,1,-0.29995939310636272,0.051556206554831015,0,-0.0048612456204832465,0.29996061123257017,0
12.555,0,-0.017530839836286744,0.15751365006429274,0,0.49969311401624411,0.017515473295051587,0
12.555,1,-0.299970636945044,0.052306121716115372,0,-0.0041338253245551239,0.29997151779491638,0
12.5575,0,-0.016281554353343674,0.15755587978076413,0,0.49973527233821324,0.016268299882060484,0
12.5575,1,-0.29998006220356727,0.053056061938757129,0,-0.0034063814940542584,0.29998066031848908,0
12.56,0,-0.015032167359717158,0.15759499124191584,0,0.49977432256299897,0.015020869039314788,0
12.56,1,-0.29998766882827294,0.053806022812600718,0,-0.0026789182705008606,0.29998803875638064,0
12.5625,0,-0.013782686627414916,0.15763098381382756,0,0.49981026327879463,0.0137731884900623,0
12.5625,1,-0.29999345677585543,0.054555999927384614,0,-0.0019514397954917481,0.29999365307073467,0
12.565,0,-0.012533119931950509,0.1576638568818963,0,0.49984309309273089,0.012525265964933877,0
12.565,1,-0.29999742601336316,0.055305988872763966,0,-0.0012239502106839845,0.2999975032327461,0
