t,pid,x,y,z,vx,vy,vz
0,0,2,2,0,0.5,0,0
0,1,1.7,2,0,0,0.29999999999999999,0
0.01,0,2.0049998199314771,1.9999699948306362,0,0.49996398629547112,-0.0060010338727556961,0
0.01,1,1.7000175493994156,2.0029998973360135,0,0.0035098798831356992,0.29997946720268365,0
0.02,0,2.0099989193147749,1.9998799711498862,0,0.49985589036405281,-0.012003702277214225,0
0.02,1,1.7000701952480395,2.0059993840289021,0,0.0070192898416532278,0.29991787137501302,0
0.03,0,2.0149965769555149,1.9997299169504104,0,0.49967563778396068,-0.018007137617958441,0
0.03,1,1.7001579304972521,2.0089980494868254,0,0.010527760000881089,0.29981522020965484,0
0.04,0,2.0199920709673846,1.9995198289121878,0,0.49942316459001301,-0.024010470026568479,0
0.04,1,1.7002807434001868,2.0119954832205096,0,0.014034820586042936,0.29967152652715867,0
0.05,0,2.0249846788770092,1.9992497124246185,0,0.49909841733491539,-0.030012827487303096,0
0.05,1,1.700438617512978,2.0149912748945211,0,0.017540001972209642,0.29948680827511392,0
0.06,0,2.029973677729429,1.9989195816073602,0,0.4987013531490756,-0.036013335964347255,0
0.06,1,1.7006315316965104,2.0179850143785316,0,0.021042834734256756,0.29926108852696959,0
0.07,0,2.0349583441941688,1.9985294593298855,0,0.49823193979891001,-0.04201111953061093,0
0.07,1,1.7008594601186657,2.020976291798569,0,0.024542849696829121,0.29899439548051537,0
0.08,0,2.0399379546718812,1.998079377229742,0,0.49769015574360181,-0.048005300498063154,0
0.08,1,1.7011223722570714,2.0239646975882515,0,0.028039577984314404,0.29868676245602438,0
0.09,0,2.0449117854015504,1.9975693757295039,0,0.49707599019027299,-0.053994999549584359,0
0.09,1,1.7014202329023471,2.026949822540002,0,0.031532551070827287,0.29833822789405595,0
0.1,0,2.0498791125682394,1.9969995040523945,0,0.49638944314753058,-0.059979335872319135,0
0.1,1,1.7017530021618523,2.0299312578562367,0,0.035021300830206006,0.29794883535291794,0
0.11,0,2.0548392124113639,1.9963698202365703,0,0.49563052547734909,-0.065957427292510445,0
0.11,1,1.7021206354639336,2.0329085952005301,0,0.038505359586022948,0.29751863350578744,0
0.12,0,2.0597913613334771,1.9956803911480487,0,0.49479925894524973,-0.071928390411795537,0
0.12,1,1.7025230835626717,2.0358814267487464,0,0.041984260161610935,0.29704767613748834,0
0.13,0,2.064734836009547,1.9949312924922651,0,0.4938956762687392,-0.077891340744942611,0
0.13,1,1.7029602925431302,2.0388493452401386,0,0.045457535930106791,0.29653602214092478,0
0.14,0,2.0696689134967103,1.9941226088242454,0,0.49291982116396865,-0.083845392859006496,0
0.14,1,1.7034322038271033,2.0418119440284093,0,0.048924720864513792,0.2959837355131687,0
0.15,0,2.0745928713444832,1.993254433557381,0,0.49187174839057596,-0.089789660513880432,0
0.15,1,1.7039387541793647,2.0447688171327312,0,0.052385349587784472,0.29539088535119967,0
0.16,0,2.0795059877054096,1.9923268689707905,0,0.49075152379467274,-0.09572325680422028,0
0.16,1,1.7044798757144182,2.0477195592887236,0,0.05583895742292528,0.29475754584729585,0
0.17,0,2.0844075414461325,1.9913400262152559,0,0.48955922434993926,-0.10164529430271629,0
0.17,1,1.7050554959037485,2.0506637659993805,0,0.059285080443124499,0.29408379628407316,0
0.18,0,2.089296812258866,1.9902940253177188,0,0.48829493819678965,-0.10755488520468674,0
0.18,1,1.7056655375835736,2.0536010335859469,0,0.062723255521904761,0.29336972102917136,0
0.19,0,2.0941730807732477,1.9891889951843256,0,0.48695876467957117,-0.11345114147396659,0
0.19,1,1.7063099189630997,2.0565309592387409,0,0.066153020383301467,0.29261540952958454,0
0.2,0,2.0990356286685543,1.9880250736020053,0,0.48555081438176045,-0.11933317499006357,0
0.2,1,1.7069885536332765,2.0594531410679169,0,0.069573913652068303,0.29182095630563359,0
0.21,0,2.1038837387862586,1.9868024072385722,0,0.48407120915912105,-0.12520009769655291,0
0.21,1,1.7077013505760563,2.0623671781541679,0,0.07298547490391101,0.2909864609445782,0
0.22,0,2.1087166952429079,1.985521151641336,0,0.4825200821707864,-0.13105102175068103,0
0.22,1,1.7084482141741546,2.0652726705993603,0,0.076387244715750535,0.29011202809386583,0
0.23,0,2.113533783543303,1.9841814712342118,0,0.48089757790823295,-0.13688505967414763,0
0.23,1,1.7092290442213134,2.0681692195770998,0,0.079778764716016415,0.28919776745401482,0
0.24,0,2.1183342906939546,1.982783539313316,0,0.47920385222210893,-0.14270132450503445,0
0.24,1,1.7100437359330682,2.0710564273832253,0,0.083159577634971518,0.28824379377112891,0
0.25,0,2.1231175053167997,1.9813275380410365,0,0.47743907234688393,-0.14849892995084818,0
0.25,1,1.7108921799580183,2.073933897486226,0,0.086529227355068697,0.28725022682903972,0
0.26,0,2.1278827177631503,1.979813658438569,0,0.47560341692328589,-0.1542769905426441,0
0.26,1,1.7117742623896004,2.0768012345775766,0,0.089887258961340338,0.28621719144107483,0
0.27,0,2.1326292202278592,1.9782421003769048,0,0.47369707601849204,-0.16003462179019573,0
0.27,1,1.7126898647783662,2.079658044621989,0,0.09323321879182124,0.28514481744144732,0
0.28,0,2.1373563068636718,1.976613072566263,0,0.47172025114404098,-0.16577094033817541,0
0.28,1,1.7136388641447653,2.0825039349075776,0,0.096566654488005499,0.28403323967626409,0
0.29,0,2.142063273895749,1.9749267925439555,0,0.46967315527143405,-0.17148506412330902,0
0.29,1,1.7146211329924319,2.0853385140959295,0,0.099887115045337718,0.28288259799414911,0
0.3,0,2.146749419736333,1.9731834866606766,0,0.46755601284539394,-0.17717611253246812,0
0.3,1,1.7156365393219772,2.0881613922720828,0,0.10319415086373895,0.28169303723647804,0
0.31,0,2.1514140450995338,1.971383390065206,0,0.46536905979475024,-0.18284320656166081,0
0.31,1,1.7166849466452867,2.0909721809944011,0,0.10648731379816755,0.2804647072272205,0
0.32,0,2.1560564531162121,1.9695267466875184,0,0.46311254354092118,-0.18848546897588256,0
0.32,1,1.7177662140003236,2.0937704933443491,0,0.10976615720921498,0.27919776276238645,0
0.33,0,2.1606759494489367,1.9676138092202899,0,0.46078672300396223,-0.19410202446978694,0
0.33,1,1.7188801959664384,2.0965559439761563,0,0.11303023601373668,0.2778923635990721,0
0.34,0,2.1652718424069874,1.9656448390987953,0,0.45839186860615294,-0.19969199982913538,0
0.34,1,1.7200267426801847,2.099328149166372,0,0.11627910673551776,0.27654867444410214,0
0.35,0,2.1698434430613838,1.9636201064791847,0,0.4559282622730933,-0.2052545240929842,0
0.35,1,1.7212056998516423,2.1020867268633037,0,0.11951232755597321,0.27516686494226317,0
0.36,0,2.1743900653599106,1.9615398902151369,0,0.45339619743228299,-0.21078872871656648,0
0.36,1,1.7224169087812466,2.1048312967363354,0,0.12272945836488236,0.27374710966412513,0
0.37,0,2.1789110262421176,1.9594044778328799,0,0.45079597900915641,-0.21629374773482526,0
0.37,1,1.7236602063771269,2.1075614802251232,0,0.12593006081115699,0.27228958809344556,0
0.38,0,2.1834056457542661,1.9572141655045729,0,0.44812792342054814,-0.22176871792655375,0
0.38,1,1.724935425172951,2.1102769005886612,0,0.12911369835364239,0.27079448461415273,0
0.39,0,2.1878732471641968,1.9549692580200446,0,0.4453923585655637,-0.22721277897909778,0
0.39,1,1.7262423933462789,2.1129771829542165,0,0.1322799363119507,0.2692619884969028,0
0.4,0,2.1923131570760939,1.9526700687568812,0,0.44258962381383177,-0.23262507365357435,0
0.4,1,1.7275809347374254,2.1156619543661273,0,0.13542834191732536,0.26769229388520688,0
0.41,0,2.1967247055451185,1.9503169196488606,0,0.43972006999111429,-0.23800474795055993,0
0.41,1,1.7289508688688298,2.118330843834459,0,0.13855848436353585,0.26608559978112256,0
0.42,0,2.2011072261918851,1.9479101411527266,0,0.4367840593622529,-0.24335095127620096,0
0.42,1,1.7303520109649364,2.120983482383517,0,0.14166993485780136,0.26444211003050605,0
0.43,0,2.2054600563167535,1.9454500722133021,0,0.43378196561142979,-0.24866283660869856,0
0.43,1,1.7317841719725842,2.1236195031002087,0,0.14476226667174186,0.26276203330781911,0
0.44,0,2.209782537013909,1.9429370602269331,0,0.43071417381972293,-0.25393956066511864,0
0.44,1,1.7332471585819047,2.1262385411822504,0,0.14783505519235532,0.26104558310048687,0
0.45,0,2.2140740132852073,1.9403714610032652,0,0.42758108043993615,-0.25918028406847771,0
0.45,1,1.7347407732477316,2.1288402339862169,0,0.15088787797301917,0.25929297769280063,0
0.46,0,2.2183338341537504,1.9377536387253476,0,0.42438309326868584,-0.26438417151505467,0
0.46,1,1.7362648142115193,2.1314242210754277,0,0.15392031478451426,0.25750444014936125,0
0.47,0,2.2225613527771726,1.935083965908063,0,0.42112063141572675,-0.26955039194187708,0
0.47,1,1.7378190755237723,2.1339901442676648,0,0.15693194766606913,0.2556801982980576,0
0.48,0,2.2267559265606036,1.932362823354882,0,0.41779412527050086,-0.27467811869433095,0
0.48,1,1.7394033470669847,2.1365376476827178,0,0.15992236097642273,0.25382048471257529,0
0.49,0,2.2309169172692855,1.929590600112941,0,0.4144040164658937,-0.27976652969384175,0
0.49,1,1.7410174145790913,2.1390663777897529,0,0.16289114144490283,0.25192553669442996,0
0.5,0,2.2350436911408109,1.9267676934264439,0,0.41095075783918422,-0.28481480760557393,0
0.5,1,1.7426610596774283,2.1415759834544978,0,0.16583787822251791,0.2499955962545205,0
0.51,0,2.2391356189969578,1.9238945086883856,0,0.40743481339017518,-0.28982214000609591,0
0.51,1,1.7443340598832062,2.1440661159862415,0,0.16876216293305982,0.24803091009419628,0
0.52,0,2.2431920763550912,1.9209714593906004,0,0.40385665823649181,-0.29478771955095645,0
0.52,1,1.7460361886464926,2.1465364291846418,0,0.17166358972421406,0.24603172958583333,0
0.53,0,2.2472124435391039,1.9179989670721351,0,0.40021677856603843,-0.29971074414211851,0
0.53,1,1.747767215371707,2.1489865793863356,0,0.17454175531867497,0.24399831075291423,0
0.54,0,2.2511961057898673,1.9149774612659485,0,0.39651567158660295,-0.30459041709519535,0
0.54,1,1.7495269054436267,2.151416225511348,0,0.17739625906526249,0.24193091424960592,0
0.55,0,2.2551424533751634,1.9119073794439403,0,0.39275384547260095,-0.30942594730643408,0
0.55,1,1.7513150202539032,2.1538250291092953,0,0.18022670299003701,0.23982980533983025,0
0.56,0,2.2590508816990713,1.9087891669603112,0,0.38893181930895221,-0.31421654941939064,0
0.56,1,1.7531313172280905,2.1562126544053735,0,0.18303269184740881,0.2376952538758218,0
0.57,0,2.2629207914107763,1.905623276993258,0,0.38505012303208336,-0.31896144399124055,0
0.57,1,1.7549755498531836,2.1585787683461333,0,0.18581383317123829,0.23552753427616721,0
0.58,0,2.2667515885127769,1.9024101704850085,0,0.38110929736805216,-0.32365985765866828,0
0.58,1,1.7568474677056694,2.1609230406450308,0,0.18856973732592297,0.23332692550332101,0
0.59,0,2.270542684468456,1.8991503160801988,0,0.37710989376778925,-0.32831102330327949,0
0.59,1,1.7587468164800864,2.1632451438277505,0,0.19130001755746737,0.2310937110405919,0
0.6,0,2.2742934963089922,1.8958441900626,0,0.37305247433945588,-0.33291418021647778,0
0.6,1,1.7606733380180963,2.1655447532772962,0,0.19400429004453099,0.22882817886859436,0
0.61,0,2.2780034467395791,1.8924922762901988,0,0.3689376117779154,-0.33746857426374977,0
0.61,1,1.7626267703380663,2.1678215472788449,0,0.19668217394945034,0.22653062144115987,0
0.62,0,2.2816719642449255,1.8890950661286385,0,0.36476588929131998,-0.34197345804829982,0
0.62,1,1.7646068476651597,2.1700752070643543,0,0.19933329146922993,0.22420133566070241,0
0.63,0,2.2852984831940062,1.8856530583830271,0,0.36053790052481294,-0.34642809107397726,0
0.63,1,1.7666133004619384,2.1723054168569229,0,0.20195726788649757,0.22184062285303244,0
0.64,0,2.2888824439440372,1.8821667592281199,0,0.35625424948134993,-0.35083173990743749,0
0.64,1,1.7686458554594731,2.1745118639148959,0,0.20455373162041865,0.2194487887416143,0
0.65,0,2.2924232929436421,1.8786366821368854,0,0.3519155504396434,-0.35518367833947917,0
0.65,1,1.7707042356889631,2.1766942385757102,0,0.20712231427756428,0.21702614342126117,0
0.66,0,2.2959204828351867,1.8750633478074605,0,0.34752242786923493,-0.35948318754549874,0
0.66,1,1.7727881605138645,2.1788522342994727,0,0.20966265070272766,0.21457300133126242,0
0.67,0,2.2993734725562462,1.8714472840885079,0,0.34307551634270295,-0.36372955624500408,0
0.67,1,1.7748973456625265,2.1809855477122686,0,0.21217437902968314,0.21208968122793784,0
0.68,0,2.3027817274401849,1.8677890259029823,0,0.33857546044501335,-0.36792208086012862,0
0.68,1,1.7770315032613344,2.1830938786491916,0,0.2146571407318818,0.20957650615661341,0
0.69,0,2.3061447193158102,1.8640891151703163,0,0.33402291468002299,-0.37206006567308714,0
0.69,1,1.7791903418683592,2.1851769301970898,0,0.21711058067307779,0.20703380342301328,0
0.7,0,2.309461926606081,1.8603481007270384,0,0.32941854337414589,-0.37614282298251522,0
0.7,1,1.7813735665075141,2.1872344087370252,0,0.21953434715787887,0.2044619045640626,0
0.71,0,2.3127328344258378,1.8565665382458327,0,0.32476302057719536,-0.38016967325863332,0
0.71,1,1.7835808787032146,2.1892660239864359,0,0.22192809198221478,0.20186114531809615,0
0.72,0,2.315956934678526,1.8527449901530537,0,0.32005702996041463,-0.38413994529717693,0
0.72,1,1.7858119765155442,2.1912714890409988,0,0.22429147048371673,0.19923186559446746,0
0.73,0,2.3191337261518865,1.8488840255447077,0,0.31530126471171116,-0.38805297637203517,0
0.73,1,1.7880665545759229,2.1932505204161838,0,0.22662414159200103,0.19657440944255331,0
0.74,0,2.3222627146125858,1.8449842201009148,0,0.31049642742811095,-0.3919081123865385,0
0.74,1,1.7903443041232772,2.1952028380884974,0,0.22892576787884997,0.19388912502014863,0
0.75,0,2.3253434128997537,1.8410461559988653,0,0.30564323000544985,-0.39570470802333846,0
0.75,1,1.7926449130407127,2.1971281655364043,0,0.2311960156082824,0.19117636456124684,0
0.76,0,2.3283753410174075,1.8370704218242846,0,0.30074239352532151,-0.39944212689282105,0
0.76,1,1.7949680658926868,2.1990262297809267,0,0.23343455478650671,0.18843648434320068,0
0.77,0,2.3313580262257307,1.8330576124814204,0,0.29579464813930123,-0.4031197416799962,0
0.77,1,1.7973134439626781,2.2008967614259087,0,0.23564105921174838,0.18566984465325867,0
0.78,0,2.3342910031311797,1.8290083291015713,0,0.2908007329504686,-0.40673693428980623,0
0.78,1,1.7996807252913565,2.2027394946979473,0,0.23781520652394431,0.18287680975447276,0
0.79,0,2.3371738137753932,1.8249231789501683,0,0.28576139589225047,-0.41029309599079583,0
0.79,1,1.8020695847152477,2.2045541674859743,0,0.23995667825429579,0.18005774785097217,0
0.8,0,2.3400060077228777,1.820802775332429,0,0.28067739360460975,-0.41378762755708742,0
0.8,1,1.8044796939058925,2.2063405213804921,0,0.24206515987467184,0.17721303105259914,0
0.81,0,2.3427871421474387,1.8166477374976004,0,0.27554949130760492,-0.41721993940860508,0
0.81,1,1.8069107214095002,2.2080983017124498,0,0.24414034084685432,0.17434303533890219,0
0.82,0,2.3455167819173384,1.8124586905418099,0,0.27037846267234777,-0.42058945174949142,0
0.82,1,1.8093623326870925,2.2098272575917566,0,0.24618191467161646,0.17144814052248236,0
0.83,0,2.3481944996791468,1.8082362653095392,0,0.26516508968938723,-0.42389559470466209,0
0.83,1,1.8118341901551387,2.2115271419454272,0,0.24818957893762539,0.1685287302116886,0
0.84,0,2.3508198759402665,1.8039810982937436,0,0.25991016253454929,-0.4271378084544426,0
0.84,1,1.8143259532266776,2.2131977115553489,0,0.25016303537016021,0.16558519177265787,0
0.85,0,2.3533924991501007,1.7996938315346354,0,0.25461447943226384,-0.43031554336723327,0
0.85,1,1.8168372783529265,2.2148387270956658,0,0.25210198987963583,0.16261791629069633,0
0.86,0,2.355911965779844,1.7953751125171484,0,0.24927884651641063,-0.43342826013014851,0
0.86,1,1.8193678190653744,2.2164499531697741,0,0.25400615260992349,0.1596272985309975,0
0.87,0,2.3583778804008695,1.7910255940671098,0,0.24390407768871833,-0.43647542987757693,0
0.87,1,1.8219172260183563,2.2180311583469225,0,0.25587523798645806,0.15661373689869412,0
0.88,0,2.3607898557616869,1.7866459342461338,0,0.23849099447475078,-0.4394565343176095,0
0.88,1,1.8244851470321091,2.2195821151984072,0,0.25770896476412258,0.15357763339823988,0
0.89,0,2.3631475128634483,1.7822367962452643,0,0.23304042587751742,-0.44237106585628455,0
0.89,1,1.8270712271363041,2.2211026003333592,0,0.25950705607489966,0.15051939359211761,0
0.9,0,2.3654504810339794,1.777798848277385,0,0.22755320822874461,-0.44521852771959697,0
0.9,1,1.829675108614055,2.2225923944341139,0,0.26126923947527991,0.14743942655887118,0
0.91,0,2.3676983980003121,1.7733327634684208,0,0.22203018503784699,-0.44799843407322237,0
0.91,1,1.8322964310463985,2.2240512822911604,0,0.26299524699341675,0.14433814485045748,0
0.92,0,2.3698909099596945,1.7688392197473553,0,0.21647220683863827,-0.45071031013990542,0
0.92,1,1.8349348313572458,2.2254790528376573,0,0.26468481517601733,0.1412159644489159,0
0.93,0,2.3720276716490569,1.7643188997350834,0,0.21088013103382289,-0.45335369231446393,0
0.93,1,1.8375899438588006,2.2268754991835138,0,0.26633768513495848,0.13807330472235263,0
0.94,0,2.3741083464129127,1.7597724906321293,0,0.20525482173731066,-0.45592812827635976,0
0.94,1,1.8402614002974436,2.2282404186490266,0,0.26795360259361722,0.13491058838023715,0
0.95,0,2.376132606269671,1.7552006841052485,0,0.19959714961439781,-0.45843317709979026,0
0.95,1,1.8429488299000762,2.2295736127980676,0,0.26953231793290433,0.13172824142800851,0
0.96,0,2.3781001319763422,1.7506041761729434,0,0.19390799171985909,-0.46086840936125251,0
0.96,1,1.8456518594209257,2.2308748874708124,0,0.27107358623699013,0.12852669312098947,0
0.97,0,2.3800106130916117,1.7459836670899145,0,0.18818823133399673,-0.46323340724453593,0
0.97,1,1.8483701131888042,2.2321440528160053,0,0.27257716733871074,0.1253063759176061,0
0.98,0,2.3818637480372651,1.7413398612304762,0,0.18243875779669291,-0.46552776464309792,0
0.98,1,1.8511032131548208,2.2333809233227528,0,0.27404282586464357,0.12206772543191166,0
0.99,0,2.3836592441579461,1.7366734669709618,0,0.17666046633951382,-0.46775108725977904,0
0.99,1,1.8538507789405432,2.2345853178518396,0,0.27547033127984011,0.11881118038541266,0
1,0,2.3853968177792231,1.7319851965711439,0,0.17085425791591446,-0.46990299270381553,0
1,1,1.8566124278866034,2.2357570596665575,0,0.27685945793220429,0.11553718255819601,0
1.01,0,2.3870761942639507,1.7272757660546993,0,0.16502103902959386,-0.47198311058510684,0
1.01,1,1.8593877751017469,2.2368959764630452,0,0.2782099850965043,0.11224617673935608,0
1.02,0,2.3886971080669039,1.7225458950887453,0,0.15916172156105229,-0.47399108260569839,0
1.02,1,1.8621764335123194,2.2380019004001257,0,0.27952169701800567,0.10893861067672078,0
1.03,0,2.3902593027876713,1.7177963068624746,0,0.15327722259240206,-0.47592656264843969,0
1.03,1,1.8649780139121881,2.2390746681286386,0,0.28079438295571357,0.10561493502587579,0
1.04,0,2.3917625312217856,1.7130277279649186,0,0.14736846423048536,-0.47778921686277948,0
1.04,1,1.8677921250130927,2.2401141208202606,0,0.28202783722521163,0.10227560329848676,0
1.05,0,2.3932065554100799,1.7082408882618665,0,0.14143637342835286,-0.47957872374766114,0
1.05,1,1.870618373495424,2.2411201041958027,0,0.28322185924108467,0.098921071809918909,0
1.06,0,2.3945911466862473,1.7034365207719708,0,0.13548188180515819,-0.48129477423148187,0
1.06,1,1.873456364059424,2.2420924685529831,0,0.28437625355891294,0.095551799626154399,0
1.07,0,2.3959160857225958,1.698615361542068,0,0.12950592546452391,-0.48293707174908113,0
1.07,1,1.8763056994768026,2.2430310687936639,0,0.2854908299168249,0.09216824851000735,0
1.08,0,2.3971811625739758,1.6937781495217441,0,0.12350944481143571,-0.48450533231572473,0
1.08,1,1.8791659806427696,2.2439357644505469,0,0.28656540327659524,0.088770882866637299,0
1.09,0,2.3983861767198715,1.6889256264371753,0,0.11749338436772237,-0.48599928459805225,0
1.09,1,1.8820368066284741,2.244806419713322,0,0.28759979386427592,0.085360169688361687,0
1.1,0,2.3995309371046409,1.6840585366642753,0,0.1114586925861798,-0.48741866998195649,0
1.1,1,1.8849177747338473,2.2456429034542578,0,0.28859382721034604,0.081936578498768467,0
1.11,0,2.4006152621758887,1.6791776271011787,0,0.1054063216633979,-0.48876324263736554,0
1.11,1,1.8878084805408457,2.2464450892532324,0,0.28954733418936807,0.078500581296130009,0
1.12,0,2.4016389799209623,1.6742836470400924,0,0.099337227351350477,-0.49003276957989866,0
1.12,1,1.8907085179670882,2.2472128554221937,0,0.29046015105913681,0.07505265249611992,0
1.13,0,2.402601927901558,1.6693773480385461,0,0.093252368767808347,-0.49122703072936919,0
1.13,1,1.8936174793198803,2.2479460850290436,0,0.29133211949930743,0.07159326887383459,0
1.14,0,2.4035039532864251,1.6644594837900737,0,0.087152708205636947,-0.49234581896510815,0
1.14,1,1.8965349553506243,2.2486446659209385,0,0.29216308664948926,0.06812290950512144,0
1.15,0,2.4043449128821583,1.6595308099943578,0,0.081039210941040149,-0.4933889401780846,0
1.15,1,1.8994605353096057,2.249308490747,0,0.29295290514679156,0.064642055707216359,0
1.16,0,2.4051246731620677,1.6545920842268684,0,0.074912845040812776,-0.49435621331979951,0
1.16,1,1.9023938070011537,2.2499374569804296,0,0.29370143316280795,0.061151190978692919,0
1.17,0,2.405843110293115,1.6496440658080298,0,0.068774581168664667,-0.49524747044793144,0
1.17,1,1.9053343568391679,2.2505314669400165,0,0.29440853444002479,0.057650800938726258,0
1.18,0,2.4065001101609118,1.6446875156719465,0,0.062625392390679796,-0.49606255676871375,0
1.18,1,1.9082817699030061,2.2510904278110386,0,0.29507407832764093,0.054141373265674898,0
1.19,0,2.4070955683927653,1.6397231962347227,0,0.056466253979974471,-0.49680133067602483,0
1.19,1,1.9112356299937283,2.2516142516655417,0,0.29569793981678366,0.050623397634983983,0
1.2,0,2.4076293903787684,1.6347518712624067,0,0.050298143220619013,-0.49746366378717355,0
1.2,1,1.9141955196906877,2.2521028554819988,0,0.29627999957510798,0.047097365656413759,0
1.21,0,2.408101491290926,1.6297743057385941,0,0.044122039210887767,-0.49804944097536424,0
1.21,1,1.917161020408467,2.2525561611643341,0,0.29682014398076434,0.043563770810597417,0
1.22,0,2.40851179610031,1.6247912657317232,0,0.037938922665902701,-0.49855856039882679,0
1.22,1,1.9201317124541495,2.2529740955603117,0,0.29731826515572141,0.040023108384932643,0
1.23,0,2.4088602395922383,1.619803518262096,0,0.031749775719736167,-0.49899093352659868,0
1.23,1,1.9231071750849202,2.2533565904792803,0,0.29777426099842946,0.036475875408811663,0
1.24,0,2.4091467663794721,1.6148118311686583,0,0.025555581727038805,-0.49934648516094776,0
1.24,1,1.9260869865659915,2.2537035827092655,0,0.29818803521581022,0.032922570588194776,0
1.25,0,2.4093713309134288,1.6098169729755716,0,0.019357325064258631,-0.49962515345642539,0
1.25,1,1.9290707242288434,2.2540150140334041,0,0.29855949735455944,0.029363694239532709,0
1.26,0,2.4095338974934029,1.6048197127586117,0,0.013155990930517846,-0.4998268899355417,0
1.26,1,1.9320579645297749,2.2542908312457168,0,0.29888856283174758,0.025799748223043453,0
1.27,0,2.4096344402737966,1.5998208200114288,0,0.006952565148213902,-0.49995165950105597,0
1.27,1,1.9350482831087572,2.2545309861662086,0,0.29917515296470482,0.022231235875349545,0
1.28,0,2.4096729432693547,1.5948210645116991,0,0.00074803396341162863,-0.49999944044487643,0
1.28,1,1.9380412548485817,2.2547354356552929,0,0.29941919500017605,0.018658661941482076,0
1.29,0,2.4096494003584024,1.589821216187207,0,-0.0054566161539067095,-0.4999702244535657,0
1.29,1,1.9410364539342961,2.2549041416275317,0,0.29962062214273177,0.015082532506258028,0
1.3,0,2.4095638152840846,1.5848220449818868,0,-0.011660398709666458,-0.49986401661044932,0
1.3,1,1.9440334539129218,2.2550370710646881,0,0.29977937358242074,0.011503354925037894,0
1.31,0,2.4094162016536087,1.579824320721863,0,-0.017862327385533679,-0.49968083539432645,0
1.31,1,1.9470318277534422,2.2551341960280826,0,0.29989539452165054,0.0079216377538708048,0
1.32,0,2.4092065829354876,1.5748288129815173,0,-0.024061416238689327,-0.49942071267478333,0
1.32,1,1.9500311479070569,2.255195493670247,0,0.29996863620128139,0.0043378906790347543,0
1.33,0,2.4089349924547867,1.5698362909496228,0,-0.030256679901477519,-0.4990836937041116,0
1.33,1,1.9530309863676929,2.2552209462458719,0,0.29999905592592002,0.00075262444597983891,0
1.34,0,2.408601473386375,1.5648475232955732,0,-0.036447133780860945,-0.49866983710583496,0
1.34,1,1.9560309147327646,2.25521054112204,0,0.29998661708839863,-0.0028336492123172572,0
1.35,0,2.4082060787461828,1.5598632780357449,0,-0.042631794257616658,-0.49817921485984962,0
1.35,1,1.9590305042641738,2.2551642707877404,0,0.29993128919342615,-0.0064204176475789743,0
1.36,0,2.4077488713804684,1.5548843224000246,0,-0.048809678885205578,-0.49761191228418467,0
1.36,1,1.9620293259495429,2.2550821328626576,0,0.29983304788039677,-0.010007167369023866,0
1.37,0,2.4072299239531012,1.5499114226985367,0,-0.054979806588249247,-0.49696802801339113,0
1.37,1,1.9650269505636717,2.254964130105229,0,0.299691874945343,-0.013593384116725662,0
1.38,0,2.4066493189308571,1.5449453441886019,0,-0.0611411978605476,-0.49624767397356873,0
1.38,1,1.9680229487302086,2.2548102704199677,0,0.29950775836201859,-0.017178552935524821,0
1.39,0,2.4060071485667414,1.5399868509419639,0,-0.067292874962571789,-0.49545097535404214,0
1.39,1,1.9710168909835291,2.2546205668640429,0,0.29928069230209853,-0.02076215824948268,0
1.4,0,2.4053035148813366,1.5350367057123151,0,-0.073433862118366333,-0.49457807057569864,0
1.4,1,1.9740083478308119,2.254395037653111,0,0.29901067715448193,-0.024343683936867998,0
1.41,0,2.4045385296421857,1.5300956698031567,0,-0.079563185711795381,-0.49362911125600195,0
1.41,1,1.9769968898143027,2.2541337061663982,0,0.29869771954368468,-0.027922613405665302,0
1.42,0,2.4037123143412162,1.5251645029360232,0,-0.085679874482068014,-0.4926042621706973,0
1.42,1,1.9799820875737577,2.253836600951022,0,0.2983418323473086,-0.031498429669594145,0
1.43,0,2.4028250001702136,1.5202439631191087,0,-0.091782959718478066,-0.49150370121222509,0
1.43,1,1.9829635119090572,2.2535037557255508,0,0.29794303471257355,-0.035070615424628089,0
1.44,0,2.4018767279943498,1.5153348065163232,0,-0.09787147545429449,-0.49032761934486152,0
1.44,1,1.9859407338429795,2.2531352093827977,0,0.29750135207189982,-0.038638653126001794,0
1.45,0,2.4008676483237799,1.510437787316816,0,-0.10394445865973846,-0.48907622055660599,0
1.45,1,1.9889133246841266,2.2527310059918393,0,0.29701681615752751,-0.042202025065694398,0
1.46,0,2.3997979212833114,1.5055536576049937,0,-0.11000094943398431,-0.4877497218078366,0
1.46,1,1.9918808560899901,2.252291194799259,0,0.29648946501516027,-0.04576021345037689,0
1.47,0,2.3986677165801606,1.5006831672310708,0,-0.11603999119612167,-0.48634835297675677,0
1.47,1,1.9948429001301491,2.2518158302296079,0,0.29591934301662076,-0.049312700479810997,0
1.48,0,2.3974772134698048,1.4958270636821787,0,-0.12206063087501698,-0.48487235680165647,0
1.48,1,1.9977990293495898,2.2513049718850802,0,0.29530650087150512,-0.052858968425686714,0
1.49,0,2.3962266007199395,1.4909860919540703,0,-0.12806191909801287,-0.48332198882001426,0
1.49,1,2.0007488168321363,2.2507586845443974,0,0.29465099563782454,-0.056398499710885182,0
1.5,0,2.3949160765725575,1.486160994423448,0,-0.13404291037840502,-0.48169751730446658,0
1.5,1,2.0036918362639837,2.2501770381608974,0,0.29395289073162106,-0.059930776989153528,0
1.51,0,2.3935458487041572,1.4813525107209473,0,-0.14000266330163633,-0.47999922319567212,0
1.51,1,2.0066276619973196,2.2495601078598257,0,0.29321225593554662,-0.063455283225177739,0
1.52,0,2.3921161341840982,1.4765613776048085,0,-0.14594024071014927,-0.47822740003210157,0
1.52,1,2.0095558691140294,2.2489079739348248,0,0.29242916740639247,-0.06697150177503941,0
1.53,0,2.390627159431113,1.4717883288352642,0,-0.151854709886838,-0.47638235387678274,0
1.53,1,2.0124760334894694,2.2482207218436145,0,0.29160370768155836,-0.070478916467041935,0
1.54,0,2.3890791601679937,1.4670340950496752,0,-0.15774514273704238,-0.47446440324103356,0
1.54,1,2.0153877318562996,2.2474984422028648,0,0.29073596568444948,-0.073977011682891267,0
1.55,0,2.3874723813744634,1.462299403638444,0,-0.16361061596902729,-0.47247387900521598,0
1.55,1,2.0182905418683657,2.2467412307822543,0,0.28982603672879015,-0.077465272439216276,0
1.56,0,2.3858070772382538,1.4575849786217352,0,-0.16945021127289095,-0.47041112433654525,0
1.56,1,2.0211840421646188,2.2459491884977112,0,0.28887402252184358,-0.080943184469413121,0
1.57,0,2.3840835111044001,1.4528915405270326,0,-0.1752630154978474,-0.46827649460399068,0
1.57,1,2.0240678124330604,2.2451224214038352,0,0.28788003116652655,-0.084410234305798054,0
1.58,0,2.3823019554227716,1.4482198062675611,0,-0.18104812082782865,-0.46607035729030438,0
1.58,1,2.0269414334747049,2.2442610406854961,0,0.28684417716240918,-0.087865909362052588,0
1.59,0,2.3804626916938556,1.4435704890216035,0,-0.18680462495535355,-0.46379309190121593,0
1.59,1,2.0298044872675449,2.243365162648606,0,0.2857665814055888,-0.091309698015944699,0
1.6,0,2.3785660104128108,1.4389442981127383,0,-0.19253163125361064,-0.46144508987183264,0
1.6,1,2.03265655703051,2.2424349087100648,0,0.28464737118742867,-0.094741089692309488,0
1.61,0,2.3766122110118091,1.4343419388910277,0,-0.19822824894670402,-0.45902675447028524,0
1.61,1,2.0354972272874079,2.2414704053868717,0,0.28348668019215145,-0.098159574946272407,0
1.62,0,2.3746016018006855,1.429764112615183,0,-0.20389359327801176,-0.45653850069866037,0
1.62,1,2.0383260839308353,2.2404717842844066,0,0.28228464849327828,-0.10156464554669781,0
1.63,0,2.3725344999059126,1.4252115163357333,0,-0.2095267856766076,-0.45398075519126241,0
1.63,1,2.0411427142860461,2.2394391820838737,0,0.28104142254890396,-0.10495579455984537,0
1.64,0,2.3704112312079211,1.4206848427792258,0,-0.2151269539216977,-0.45135395611024809,0
1.64,1,2.0439467071747695,2.2383727405289084,0,0.27975715519579986,-0.10833251643321681,0
1.65,0,2.3682321302767875,1.4161847802334813,0,-0.22069323230502549,-0.4486585530386778,0
1.65,1,2.04673765297896,2.2372726064113446,0,0.27843200564233583,-0.11169430707957462,0
1.66,0,2.3659975403063065,1.4117120124339326,0,-0.22622476179119835,-0.44589500687102962,0
1.66,1,2.0495151437044727,2.2361389315561411,0,0.27706613946021252,-0.11504066396111472,0
1.67,0,2.3637078130464713,1.4072672184510713,0,-0.23172069017589142,-0.44306378970122184,0
1.67,1,2.052278773044649,2.2349718728054668,0,0.27565972857499677,-0.11837108617377454,0
1.68,0,2.3613633087343824,1.4028510725790242,0,-0.23718017224188484,-0.44016538470819105,0
1.68,1,2.0550281364438012,2.2337715920019399,0,0.2742129512554522,-0.12168507453165757,0
1.69,0,2.3589643960236084,1.3984642442252879,0,-0.24260236991289177,-0.43720028603907435,0
1.69,1,2.0577628311605869,2.2325382559710238,0,0.27272599210165743,-0.1249821316515555,0
1.7,0,2.3565114519120183,1.3941073978016423,0,-0.24798645240513578,-0.43416899869004388,0
1.7,1,2.0604824563312545,2.2312720365025784,0,0.27119904203190565,-0.12826176203754863,0
1.71,0,2.3540048616681095,1.3897811926162678,0,-0.25333159637663766,-0.43107203838484393,0
1.71,1,2.0631866130327561,2.2299731103315623,0,0.26963229826837815,-0.13152347216566496,0
1.72,0,2.3514450187558555,1.3854862827670882,0,-0.25863698607417257,-0.42790993145108031,0
1.72,1,2.0658749043457059,2.228641659117891,0,0.26802596432158626,-0.13476677056857839,0
1.73,0,2.3488323247580953,1.3812233170363613,0,-0.26390181347785985,-0.42468321469431408,0
1.73,1,2.0685469354171815,2.2272778694254467,0,0.26638024997357534,-0.1379911679203259,0
1.74,0,2.3461671892984892,1.3769929387865396,0,-0.26912527844334899,-0.42139243527001036,0
1.74,1,2.0712023135233486,2.2258819327002399,0,0.2646953712598854,-0.14119617712102367,0
1.75,0,2.3434500299620646,1.3727957858574227,0,-0.27430658884156689,-0.41803815055339572,0
1.75,1,2.0738406481318994,2.2244540452477271,0,0.26297155045026321,-0.14438131338156168,0
1.76,0,2.3406812722143768,1.3686324904646192,0,-0.27944496069599206,-0.41462092800727679,0
1.76,1,2.0764615509642912,2.2229944082092779,0,0.26120901602812113,-0.14754609430825616,0
1.77,0,2.3378613493193097,1.3645036790993434,0,-0.28453961831742364,-0.41114134504787381,0
1.77,1,2.0790646360577756,2.2215032275377995,0,0.25940800266873809,-0.15069003998743924,0
1.78,0,2.3349907022555416,1.3604099724295604,0,-0.28958979443621358,-0.40759998890872351,0
1.78,1,2.0816495198272005,2.2199807139725123,0,0.25756875121619893,-0.15381267306996485,0
1.79,0,2.3320697796317007,1.3563519852025032,0,-0.29459473033193229,-0.4039974565027063,0
1.79,1,2.0842158211265769,2.2184270830128843,0,0.2556915086590682,-0.1569135188556095,0
1.8,0,2.3290990376002387,1.3523303261485784,0,-0.29955367596043886,-0.40033435428225289,0
1.8,1,2.0867631613103961,2.2168425548917194,0,0.25377652810479534,-0.15999210537734693,0
1.81,0,2.3260789397700448,1.3483455978866783,0,-0.3044658900783288,-0.39661129809778617,0
1.81,1,2.0892911642946843,2.2152273545474053,0,0.25182406875284841,-0.16304796348547487,0
1.82,0,2.3230099571178293,1.344398396830917,0,-0.30933064036473307,-0.3928289130544545,0
1.82,1,2.0917994566177813,2.21358171159532,0,0.24983439586657366,-0.16608062693157269,0
1.83,0,2.3198925678983033,1.3404893130988087,0,-0.31414720354044384,-0.38898783336721332,0
1.83,1,2.0942876675008333,2.2119058602984007,0,0.24780778074377952,-0.16908963245226766,0
1.84,0,2.3167272575531794,1.3366189304209011,0,-0.31891486548434406,-0.38508870221431157,0
1.84,1,2.0967554289079824,2.2102000395368755,0,0.24574450068604267,-0.17207451985278832,0
1.85,0,2.313514518619022,1.3327878260518833,0,-0.32363292134711802,-0.38113217158924029,0
1.85,1,2.0992023756062461,2.2084644927771602,0,0.24364483896673569,-0.17503483209028284,0
1.86,0,2.3102548506339753,1.328996570683181,0,-0.32830067566222343,-0.37711890215120158,0
1.86,1,2.1016281452250687,2.2066994680399246,0,0.24150908479777503,-0.17797011535688004,0
1.87,0,2.3069487600433938,1.3252457283570542,0,-0.33291744245410498,-0.37304956307415466,0
1.87,1,2.1040323783155328,2.2049052178673278,0,0.23933753329508931,-0.18087991916247115,0
1.88,0,2.303596760104405,1.321535856382211,0,-0.33748254534363181,-0.36892483189449782,0
1.88,1,2.1064147184092223,2.2030819992894295,0,0.23713048544280801,-0.18376379641718957,0
1.89,0,2.300199370789433,1.3178675052509514,0,-0.34199531765074254,-0.36474539435744446,0
1.89,1,2.1087748120767174,2.2012300737897759,0,0.23488824805617106,-0.18662130351356657,0
1.9,0,2.2967571186887081,1.3142412185578534,0,-0.34645510249428235,-0.360511944262151,0
1.9,1,2.1111123089857142,2.1993497072701662,0,0.23261113374316028,-0.18945200040834007,0
1.91,0,2.2932705369117916,1.3106575329200143,0,-0.35086125288901882,-0.35622518330565561,0
1.91,1,2.1134268619587542,2.197441170014605,0,0.23029946086485439,-0.19225545070389416,0
1.92,0,2.2897401649881473,1.3071169778988576,0,-0.35521313183982356,-0.35188582092568615,0
1.92,1,2.1157181270305512,2.1955047366524392,0,0.22795355349450927,-0.19503122172930668,0
1.93,0,2.2861665487667833,1.3036200759235173,0,-0.35951011243300912,-0.34749457414239593,0
1.93,1,2.1179857635049006,2.1935406861206879,0,0.22557374137536579,-0.19777888462098189,0
1.94,0,2.2825502403149942,1.3001673422158098,0,-0.36375157792481083,-0.34305216739908562,0
1.94,1,2.1202294340111636,2.1915493016255687,0,0.22316035987718844,-0.20049801440284595,0
1.95,0,2.2788917978162351,1.2967592847168046,0,-0.36793692182700583,-0.33855933240197028,0
1.95,1,2.1224488045603072,2.1895308706032242,0,0.2207137499515375,-0.20318819006608199,0
1.96,0,2.2751917854671517,1.2933964040149994,0,-0.37206554798966179,-0.3340168079590497,0
1.96,1,2.1246435446004939,2.1874856846796518,0,0.21823425808577895,-0.20584899464838224,0
1.97,0,2.2714507733737985,1.2900791932761135,0,-0.37613687068100976,-0.32942533981814054,0
1.97,1,2.1268133270722021,2.1854140396298463,0,0.21572223625583609,-0.20848001531269447,0
1.98,0,2.2676693374470713,1.2868081381745022,0,-0.38015031466443655,-0.32478568050412859,0
1.98,1,2.1289578284628696,2.1833162353361555,0,0.21317804187768763,-0.21108084342543959,0
1.99,0,2.263848059297386,1.2835837168262041,0,-0.38410531527259417,-0.32009858915549921,0
1.99,1,2.1310767288610459,2.1811925757458575,0,0.21060203775761746,-0.21365107463417812,0
2,0,2.2599875261286297,1.2804063997236255,0,-0.38800131847862346,-0.31536483136020393,0
2,1,2.1331697120100399,2.1790433688279629,0,0.20799459204122162,-0.2161903089447024,0
2.01,0,2.2560883306314143,1.2772766496718699,0,-0.39183778096449262,-0.31058517899092092,0
2.01,1,2.1352364653610518,2.1768689265292518,0,0.20535607816117862,-0.21869815079753185,0
2.02,0,2.2521510708756596,1.2741949217267166,0,-0.3956141701864504,-0.30576041003976678,0
2.02,1,2.1372766801257765,2.1746695647295451,0,0.20268687478378963,-0.22117420914378888,0
2.03,0,2.2481763502025394,1.271161663134255,0,-0.39932996443759677,-0.30089130845251705,0
2.03,1,2.1392900513284672,2.1724456031962238,0,0.19998736575429571,-0.22361809752043244,0
2.04,0,2.2441647771158135,1.2681773132721805,0,-0.40298465290757379,-0.29597866396239164,0
2.04,1,2.1412762778574437,2.1701973655379976,0,0.19725794004097943,-0.22602943412482684,0
2.05,0,2.2401169651725787,1.2652423035927514,0,-0.4065777357393815,-0.29102327192346272,0
2.05,1,2.1432350625160388,2.1679251791579301,0,0.19449899167805895,-0.22840784188862351,0
2.06,0,2.2360335328734653,1.2623570575674155,0,-0.41010872408332472,-0.28602593314374053,0
2.06,1,2.1451661120729661,2.1656293752057323,0,0.19171091970738297,-0.23075294855093281,0
2.07,0,2.2319151035523084,1.2595219906331068,0,-0.41357714014809732,-0.28098745371799283,0
2.07,1,2.1470691373120978,2.1633102885293236,0,0.18889412811893552,-0.23306438673076427,0
2.08,0,2.227762305265323,1.256737510140215,0,-0.4169825172490127,-0.27590864486035394,0
2.08,1,2.1489438530816432,2.1609682576256763,0,0.18604902579016011,-0.23534179399871247,0
2.09,0,2.2235757706798109,1.2540040153022294,0,-0.42032439985338932,-0.27079032273677761,0
2.09,1,2.1507899783427145,2.1586036245909432,0,0.18317602642411268,-0.23758481294786679,0
2.1,0,2.2193561369624284,1.2513218971470585,0,-0.42360234362310201,-0.26563330829738857,0
2.1,1,2.1526072362172672,2.1562167350698842,0,0.18027554848645425,-0.23979309126392312,0
2.11,0,2.2151040456670414,1.2486915384700277,0,-0.42681591545431091,-0.26043842710878634,0
2.11,1,2.1543953540354059,2.1538079382045923,0,0.1773480151412937,-0.24196628179447552,0
2.12,0,2.2108201426221981,1.2461133137885521,0,-0.42996469351438033,-0.25520650918635496,0
2.12,1,2.1561540633820417,2.1513775865825324,0,0.17439385418589207,-0.24410404261746649,0
2.13,0,2.206505077818246,1.2435875892984871,0,-0.4330482672760021,-0.2499383888266313,0
2.13,1,2.1578831001428922,2.1489260361839011,0,0.17141349798424005,-0.24620603710877403,0
2.14,0,2.2021595052941234,1.2411147228321551,0,-0.43606623754853779,-0.24463490443978414,0
2.14,1,2.1595822045498112,2.1464536463283128,0,0.16840738339952094,-0.24827193400891459,0
2.15,0,2.1977840830238478,1.238695063818045,0,-0.43901821650659612,-0.23929689838225571,0
2.15,1,2.1612511212254359,2.1439607796208242,0,0.16537595172547173,-0.25030140748884039,0
2.16,0,2.1933794728027354,1.2363289532421855,0,-0.44190382771586273,-0.23392521678961678,0
2.16,1,2.1628895992271464,2.1414478018973058,0,0.16231964861665529,-0.25229413721481053,0
2.17,0,2.1889463401333749,1.234016723611189,0,-0.44472270615620041,-0.22852070940968552,0
2.17,1,2.1644973920903179,2.13891508216917,0,0.15923892401765732,-0.25424980841231493,0
2.18,0,2.1844853541113838,1.2317586989169607,0,-0.4474744982420385,-0.22308422943595987,0
2.18,1,2.1660742578708625,2.1363629925674634,0,0.15613423209122201,-0.25616811192903088,0
2.19,0,2.1799971873109731,1.2295551946030738,0,-0.45015886184007248,-0.21761663334141226,0
2.19,1,2.1676199591870455,2.1337919082863341,0,0.15300603114534095,-0.25804874429679181,0
2.2,0,2.1754825156703514,1.2274065175328033,0,-0.45277546628429377,-0.21211878071269527,0
2.2,1,2.1691342632605686,2.1312022075258876,0,0.14985478355931003,-0.25989140779254793,0
2.21,0,2.1709420183769881,1.2253129659588158,0,-0.45532399238837262,-0.20659153408480546,0
2.21,1,2.1706169419569088,2.1285942714344332,0,0.14668095570876982,-0.26169581049829976,0
2.22,0,2.1663763777527691,1.2232748294945104,0,-0.45780413245541662,-0.20103575877625235,0
2.22,1,2.1720677718249015,2.125968484050142,0,0.14348501788974494,-0.2634616663599843,0
2.23,0,2.1617862791390663,1.2212923890870053,0,-0.46021559028512848,-0.19545232272477836,0
2.23,1,2.1734865341355589,2.1233252322421157,0,0.14026744424169885,-0.26518869524529515,0
2.24,0,2.1571724107817487,1.219365916991763,0,-0.46255808117838842,-0.18984209632367524,0
2.24,1,2.1748730149201156,2.1206649056508873,0,0.13702871266962058,-0.26687662300041698,0
2.25,0,2.1525354637161604,1.217495676748851,0,-0.46483133193928583,-0.1842059522587412,0
2.25,1,2.1762270050072896,2.1179878966283567,0,0.13376930476516025,-0.26852518150565657,0
2.26,0,2.1478761316520907,1.2156819231608276,0,-0.46703508087462736,-0.17854476534592231,0
2.26,1,2.1775483000597498,2.1152946001771786,0,0.13048970572683091,-0.27013410872995142,0
2.27,0,2.143195110858763,1.2139249022722496,0,-0.46916907779094807,-0.17285941236968122,0
2.27,1,2.1788367006097804,2.1125854138896076,0,0.12719040427929473,-0.2717031487842379,0
2.28,0,2.138493100049863,1.2122248513507905,0,-0.47123308398905384,-0.16715077192213473,0
2.28,1,2.1800920120941356,2.1098607378858181,0,0.12387189259175127,-0.27323205197366174,0
2.29,0,2.1337708002686373,1.2105819988699649,0,-0.47322687225612353,-0.16141972424300172,0
2.29,1,2.1813140448880715,2.1071209747517066,0,0.12053466619544694,-0.2747205748486129,0
2.3,0,2.1290289147730799,1.2089965644934479,0,-0.47515022685540037,-0.1556671510604011,0
2.3,1,2.1825026143385502,2.1043665294761906,0,0.11717922390032427,-0.27616848025456819,0
2.31,0,2.1242681489212352,1.2074687590609832,0,-0.47700294351350264,-0.1498939354325397,0
2.31,1,2.1836575407966059,2.1015978093880143,0,0.11380606771083057,-0.27757553738072455,0
2.32,0,2.1194892100566407,1.2059987845758688,0,-0.47878482940538436,-0.14410096159032793,0
2.32,1,2.1847786496488646,2.0988152240920739,0,0.11041570274090556,-0.27894152180740706,0
2.33,0,2.1146928073939288,1.2045868341940125,0,-0.48049570313697748,-0.13828911478096095,0
2.33,1,2.1858657713482099,2.0960191854052757,0,0.1070086371281682,-0.28026621555223558,0
2.34,0,2.1098796519046163,1.2032330922145451,0,-0.48213539472554734,-0.1324592811125021,0
2.34,1,2.1869187414435873,2.0932101072919393,0,0.10358538194732307,-0.28154940711503434,0
2.35,0,2.1050504562030996,1.201937734071985,0,-0.48370374557779433,-0.12661234739950375,0
2.35,1,2.1879374006089378,2.0903884057987567,0,0.10014645112280708,-0.28279089152146919,0
2.36,0,2.1002059344328821,1.2007009263299391,0,-0.4852006084657346,-0.12074920100970074,0
2.36,1,2.1889215946712555,2.0875544989893222,0,0.096692361340697683,-0.28399047036539815,0
2.37,0,2.0953468021530512,1.1995228266763316,0,-0.48662584750039378,-0.11487072971181002,0
2.37,1,2.1898711746377586,2.0847088068782456,0,0.093223631959904033,-0.28514795184992037,0
2.38,0,2.0904737762250325,1.1984035839201501,0,-0.48797933810334754,-0.10897782152446908,0
2.38,1,2.1907859967221714,2.0818517513648604,0,0.089740784922662853,-0.28626315082710962,0
2.39,0,2.0855875746996348,1.1973433379896961,0,-0.4892609669761443,-0.1030713645663453,0
2.39,1,2.1916659223701065,2.0789837561665427,0,0.086244344664361011,-0.2873358888364192,0
2.4,0,2.0806889167044158,1.196342219932327,0,-0.49047063206764446,-0.097152246907447004,0
2.4,1,2.1925108182835418,2.0761052467516521,0,0.082734838022707369,-0.2883659941417443,0
2.41,0,2.0757785223313809,1.1954003519156815,0,-0.49160824253931257,-0.091221356421666025,0
2.41,1,2.1933205564443865,2.0732166502721077,0,0.079212794146276397,-0.28935330176712998,0
2.42,0,2.0708571125250419,1.1945178472303704,0,-0.49267371872849769,-0.08527958064058086,0
2.42,1,2.19409501413713,2.0703183954956166,0,0.075678744402446568,-0.29029765353111159,0
2.43,0,2.0659254089708505,1.1936948102941247,0,-0.49366699210973886,-0.079327806608548351,0
2.43,1,2.1948340739705658,2.0674109127375626,0,0.072133222284756798,-0.2911988980796768,0
2.44,0,2.0609841339840314,1.1929313366573864,0,-0.49458800525413193,-0.073366920739110747,0
2.44,1,2.1955376238985882,2.0644946337925751,0,0.068576763319704373,-0.2920568909178371,0
2.45,0,2.0560340103988266,1.192227513010327,0,-0.4954367117867956,-0.067397808672744308,0
2.45,1,2.1962055572400518,2.0615699918657868,0,0.065009904973008126,-0.29287149443979793,0
2.46,0,2.05107576145818,1.1915834171912834,0,-0.4962130763424728,-0.061421355135974368,0
2.46,1,2.1968377726976938,2.058637421503799,0,0.061433186555360807,-0.29364257795771781,0
2.47,0,2.0461101107038711,1.190999118196594,0,-0.49691707451930639,-0.055438443801880941,0
2.47,1,2.197434174376109,2.0556973585253653,0,0.057847149127694925,-0.2943700177290452,0
2.48,0,2.0411377818671204,1.1904746761918246,0,-0.49754869283082614,-0.049449957152017839,0
2.48,1,2.1979946717987775,2.0527502399518078,0,0.054252335405986417,-0.29505369698242473,0
2.49,0,2.0361594987596852,1.1900101425243657,0,-0.49810792865618553,-0.043456776339767446,0
2.49,1,2.1985191799241357,2.049796503937185,0,0.050649289665620857,-0.29569350594216337,0
2.5,0,2.0311759851654609,1.1896055597373911,0,-0.49859479018868641,-0.037459781055152214,0
2.5,1,2.1990076191606907,2.0468365896982181,0,0.047038557645347,-0.29628934185124772,0
2.51,0,2.0261879647326042,1.1892609615851597,0,-0.49900929638263053,-0.031459849391122924,0
2.51,1,2.1994599153811718,2.0438709374439972,0,0.043420686450842724,-0.29684110899290511,0
2.52,0,2.0211961608661984,1.1889763730496474,0,-0.49935147689853604,-0.025457857711342902,0
2.52,1,2.1998759999357156,2.0408999883054793,0,0.039796224457918535,-0.29734871871070023,0
2.53,0,2.016201296621472,1.1887518103584933,0,-0.49962137204675788,-0.019454680519486289,0
2.53,1,2.2002558096640823,2.0379241842647899,0,0.036165721215384042,-0.29781208942716092,0
2.54,0,2.0112040945975904,1.1885872810042455,0,-0.49981903272955147,-0.013451190330067584,0
2.54,1,2.2005992869068973,2.0349439680843493,0,0.032529727347602941,-0.29823114666092604,0
2.55,0,2.0062052768320346,1.188482783764891,0,-0.49994452038161774,-0.0074482575408186145,0
2.55,1,2.2009063795159189,2.0319597832358327,0,0.028888794456762103,-0.29860582304241007,0
2.56,0,2.0012055646955806,1.1884383087256538,0,-0.4999979069091694,-0.0014467503066282264,0
2.56,1,2.2011770408633273,2.0289720738289807,0,0.025243475024880668,-0.2989360583279782,0
2.57,0,1.996205678787897,1.1884538373020455,0,-0.49997927462755704,0.0045524655849410421,0
2.57,1,2.2014112298500295,2.0259812845402778,0,0.021594322315584974,-0.29922179941262766,0
2.58,0,1.9912063388337717,1.188529342264153,0,-0.49988871619749414,0.010548526836545963,0
2.58,1,2.2016089109129857,2.0229878605415088,0,0.017941890275675391,-0.29946300034117035,0
2.59,0,1.9862082635799847,1.1886647877621475,0,-0.49972633455992038,0.016540572762352903,0
2.59,1,2.2017700540315466,2.0199922474282133,0,0.014286733436511182,-0.29965962231791299,0
2.6,0,1.9812121706928374,1.1888601293529979,0,-0.49949224286954186,0.022527745407713927,0
2.6,1,2.2018946347328052,2.0169948911480495,0,0.010629406815239578,-0.29981163371483155,0
2.61,0,1.9762187766563541,1.1891153140283726,0,-0.49918656442708748,0.028509189667218212,0
2.61,1,2.2019826340959607,2.0139962379290841,0,0.0069704658158953499,-0.29991901007823696,0
2.62,0,1.971228796671167,1.1894302802437142,0,-0.49880943261032024,0.034484053401109174,0
2.62,1,2.2020340387556923,2.0109967342080233,0,0.0033104661303972232,-0.29998173413392965,0
2.63,0,1.9662429445540961,1.18980495794847,0,-0.4983609908038425,0.040451487550058576,0
2.63,1,2.2020488409045416,2.0079968265583994,0,-0.00035003636053249727,-0.29999979579084129,0
2.64,0,1.9612619326384382,1.1902392686174617,0,-0.49784139232773345,0.04641064624828993,0
2.64,1,2.2020270382943066,2.0049969616187293,0,-0.0040104856864986663,-0.29997319214316231,0
2.65,0,1.9562864716749742,1.1907331252833784,0,-0.49725080036505764,0.052360686935044171,0
2.65,1,2.2019686342364411,2.0019975860206589,0,-0.007670325886587958,-0.29990192747095462,0
2.66,0,1.9513172707337074,1.1912864325703756,0,-0.496589387888283,0.058300770464381722,0
2.66,1,2.2018736376014654,1.998999146317108,0,-0.011329001108520993,-0.29978601323924925,0
2.67,0,1.9463550371063427,1.191899086728764,0,-0.49585733758464623,0.064230061213315801,0
2.67,1,2.201742062817384,1.9960020889104335,0,-0.014985955707775498,-0.29962546809562901,0
2.68,0,1.9414004762095169,1.1925709756707719,0,-0.49505484178050391,0.070147727188272641,0
2.68,1,2.201573929867112,1.9930068599806239,0,-0.018640634346654028,-0.29942031786629736,0
2.69,0,1.9364542914887908,1.1933019790073627,0,-0.49418210236470694,0.076052940129875304,0
2.69,1,2.2013692642849123,1.9900139054135393,0,-0.022292482093269866,-0.29917059555063469,0
2.7,0,1.931517184323412,1.1940919680860922,0,-0.49323933071103571,0.08194487561604849,0
2.7,1,2.2011280971518437,1.9870236707292148,0,-0.025940944520424725,-0.29887634131424395,0
2.71,0,1.9265898539318582,1.1949408060299898,0,-0.49222674759973356,0.087822713163442603,0
2.71,1,2.2008504650902196,1.9840366010102413,0,-0.029585467804351895,-0.298537602480488,0
2.72,0,1.9216729972781688,1.1958483477774429,0,-0.49114458313817555,0.093685636327176178,0
2.72,1,2.2005364102570812,1.9810531408302363,0,-0.033225498823298616,-0.29815443352052168,0
2.73,0,1.9167673089790744,1.1968144401230731,0,-0.48999307668070885,0.099532832798896589,0
2.73,1,2.200185980336685,1.9780737341824246,0,-0.03686048525592147,-0.29772689604182251,0
2.74,0,1.9118734812119325,1.1978389217595835,0,-0.48877247674770186,0.10536349450315965,0
2.74,1,2.199799228532008,1.9750988244083394,0,-0.040489875679468657,-0.29725505877522312,0
2.75,0,1.9069922036234748,1.19892162332056,0,-0.48748304094383743,0.11117681769212968,0
2.75,1,2.1993762135552721,1.9721288541266611,0,-0.044113119667723195,-0.29673899756045097,0
2.76,0,1.9021241632393771,1.2000623674242137,0,-0.4861250358756864,0.11697200303860221,0
2.76,1,2.1989169996174902,1.9691642651622079,0,-0.047729667888681146,-0.29617879533017955,0
2.77,0,1.8972700443746557,1.2012609687180436,0,-0.48469873706859673,0.12274825572735226,0
2.77,1,2.1984216564170369,1.9662054984750941,0,-0.051338972201939032,-0.29557454209259754,0
2.78,0,1.8924305285448981,1.2025172339244043,0,-0.48320442888293352,0.12850478554481218,0
2.78,1,2.1978902591272482,1.9632529940900685,0,-0.054940485755764878,-0.29492633491250114,0
2.79,0,1.8876062943783349,1.2038309618869638,0,-0.48164240442970391,0.1342408069670831,0
2.79,1,2.1973228883830505,1.9603071910260514,0,-0.058533663083827361,-0.29423427789091666,0
2.8,0,1.8827980175287584,1.2052019436180306,0,-0.48001296548560179,0.13995553924628557,0
2.8,1,2.1967196302666236,1.9573685272258805,0,-0.062117960201557673,-0.29349848214326063,0
2.81,0,1.8780063705892929,1.2066299623467382,0,-0.47831642240750599,0.14564820649525495,0
2.81,1,2.1960805762921054,1.954437439486284,0,-0.06569283470211898,-0.29271906577604451,0
2.82,0,1.873232023007023,1.2081147935680674,0,-0.47655309404646501,0.15131803777058839,0
2.82,1,2.195405823389335,1.9515143633880931,0,-0.069257745851958472,-0.29189615386213252,0
2.83,0,1.8684756409984846,1.2096562050926907,0,-0.4747233076612018,0.15696426715405026,0
2.83,1,2.1946954738866458,1.9485997332267098,0,-0.072812154685917202,-0.29102987841456118,0
2.84,0,1.8637378874660229,1.2112539570976226,0,-0.47282739883117092,0.16258613383234416,0
2.84,1,2.1939496354927068,1.9456939819428423,0,-0.076355524101873101,-0.29012037835892962,0
2.85,0,1.8590194219150211,1.2129078021776607,0,-0.47086571136919991,0.16818288217526009,0
2.85,1,2.1931684212774232,1.9427975410535259,0,-0.079887318954892747,-0.28916779950436983,0
2.86,0,1.8543209003720065,1.214617485397598,0,-0.46883859723374682,0.1737537618122055,0
2.86,1,2.1923519496518944,1.9399108405834384,0,-0.083407006150867782,-0.28817229451310772,0
2.87,0,1.8496429753036336,1.2163827443451947,0,-0.46674641644080478,0.17929802770713052,0
2.87,1,2.1915003443474421,1.9370343089965298,0,-0.086914054739612015,-0.28713402286862472,0
2.88,0,1.8449862955365521,1.2182033091848896,0,-0.46458953697548461,0.18481494023185716,0
2.88,1,2.1906137343937071,1.9341683731279746,0,-0.090407936007395481,-0.28605315084243149,0
2.89,0,1.8403515061781581,1.2200789027122381,0,-0.46236833470330491,0.19030376523782366,0
2.89,1,2.1896922540958257,1.931313458116465,0,-0.093888123568892076,-0.2849298514594647,0
2.9,0,1.8357392485382356,1.2220092404090586,0,-0.46008319328122005,0.19576377412625554,0
2.9,1,2.1887360430106888,1.9284699873368571,0,-0.09735409345851756,-0.28376430446211942,0
2.91,0,1.8311501600514875,1.2239940304992738,0,-0.45773450406841448,0.20119424391677496,0
2.91,1,2.1877452459222906,1.925638382333182,0,-0.10080532422113506,-0.28255669627292862,0
2.92,0,1.8265848742009609,1.2260329740054299,0,-0.4553226660368922,0.20659445731446138,0
2.92,1,2.1867200128161746,1.9228190627520378,0,-0.10424129700210537,-0.28130721995590346,0
2.93,0,1.8220440204423671,1.228125764805879,0,-0.45284808568188961,0.21196370277537618,0
2.93,1,2.1856604988529806,1.9200124462763757,0,-0.10766149563665985,-0.28001607517654709,0
2.94,0,1.8175282241292969,1.2302720896926087,0,-0.45031117693213873,0.217301274570565,0
2.94,1,2.1845668643411043,1.9172189485596902,0,-0.11106540673857379,-0.2786834681605555,0
2.95,0,1.8130381064393362,1.2324716284297044,0,-0.44771236106000817,0.22260647284855156,0
2.95,1,2.183439274708471,1.9144389831606314,0,-0.11445251978811867,-0.27730961165122009,0
2.96,0,1.8085742843010784,1.2347240538124289,0,-0.44505206659154778,0.22787860369633781,0
2.96,1,2.1822779004734341,1.9116729614780477,0,-0.11782232721927169,-0.2758947248655455,0
2.97,0,1.8041373703220382,1.2370290317269053,0,-0.44233072921646321,0.23311697919892482,0
2.97,1,2.1810829172148067,1.9089212926864745,0,-0.12117432450616179,-0.27443903344909881,0
2.98,0,1.7997279727174658,1.2393862212103868,0,-0.43954879169804539,0.23832091749737022,0
2.98,1,2.1798545055410323,1.9061843836720809,0,-0.12450801024873127,-0.27294276942960405,0
2.99,0,1.7953466952400601,1.2417952745121006,0,-0.43670670378307935,0.24348974284539759,0
2.99,1,2.1785928510585006,1.9034626389690863,0,-0.12782288625759261,-0.27140617116929877,0
3,0,1.790994137110586,1.2442558371546504,0,-0.43380492211175675,0.24862278566457408,0
3,1,2.1772981443390225,1.9007564606966594,0,-0.13111845763806057,-0.2698294833160681,0
3.01,0,1.7866708929493891,1.2467675479959637,0,-0.43084391012761553,0.25371938259807275,0
3.01,1,2.1759705808864656,1.8980662484963122,0,-0.13439423287333999,-0.26821295675337281,0
3.02,0,1.7823775527088133,1.2493300392917692,0,-0.42782413798752955,0.25877887656303661,0
3.02,1,2.1746103611025647,1.8953923994698003,0,-0.13764972390684957,-0.26655684854898826,0
3.03,0,1.7781147016065169,1.2519429367585921,0,-0.42474608247177026,0.26380061680156131,0
3.03,1,2.1732176902519122,1.8927353081175424,0,-0.14088444622366345,-0.26486142190257128,0
3.04,0,1.7738829200596873,1.2546058596372516,0,-0.42161022689416233,0.26878395893031454,0
3.04,1,2.1717927784261386,1.8900953662775692,0,-0.14409791893105117,-0.26312694609207243,0
3.05,0,1.7696827836201547,1.2573184207568473,0,-0.41841706101235437,0.2737282649888092,0
3.05,1,2.1703358405072928,1.8874729630650138,0,-0.14728966483809877,-0.26135369641901129,0
3.06,0,1.7655148629104018,1.260080226599223,0,-0.41516708093822502,0.2786329034863495,0
3.06,1,2.1688470961304303,1.8848684848121555,0,-0.15045921053439251,-0.25954195415263315,0
3.07,0,1.7613797235604685,1.2628908773638932,0,-0.41186078904844414,0.28349724944766758,0
3.07,1,2.1673267696454195,1.8822823150090275,0,-0.15360608646774851,-0.2576920064729652,0
3.08,0,1.7572779261457503,1.2657499670334178,0,-0.40849869389520888,0.28832068445726972,0
3.08,1,2.1657750900779758,1.8797148342445988,0,-0.15672982702097077,-0.25580414641279126,0
3.09,0,1.7532100261256884,1.2686570834392168,0,-0.40508131011717269,0.29310259670251132,0
3.09,1,2.1641922910899329,1.8771664201485421,0,-0.15982997058762166,-0.25387867279856369,0
3.1,0,1.7491765737833496,1.2716118083278065,0,-0.40160915835058564,0.29784238101541938,0
3.1,1,2.1625786109387608,1.8746374473335978,0,-0.16290605964678834,-0.25191589019027205,0
3.11,0,1.7451781141658933,1.2746137174274501,0,-0.39808276514066326,0.30253943891328211,0
3.11,1,2.1609342924363428,1.872128287338545,0,-0.16595764083682968,-0.24991610882028795,0
3.12,0,1.741215187025924,1.2776623805152068,0,-0.3945026628532009,0.30719317863802531,0
3.12,1,2.1592595829070182,1.8696393085717875,0,-0.16898426502808825,-0.24787964453120589,0
3.13,0,1.7372883267637258,1.2807573614843688,0,-0.39086938958644957,0.31180301519439535,0
3.13,1,2.1575547341449051,1.8671708762555679,0,-0.17198548739455286,-0.24580681871270021,0
3.14,0,1.7333980623703773,1.2838982184122756,0,-0.38718348908326911,0.31636837038696847,0
3.14,1,2.1558200023705099,1.8647233523708173,0,-0.17496086748445697,-0.24369795823741827,0
3.15,0,1.729544917371743,1.2870845036284904,0,-0.38344551064357324,0.32088867285600686,0
3.15,1,2.1540556481866386,1.8622970956026506,0,-0.17790996928979932,-0.24155339539593068,0
3.16,0,1.7257294097733398,1.2903157637833313,0,-0.37965600903708124,0.32536335811218159,0
3.16,1,2.1522619365336157,1.8598924612865171,0,-0.18083236131477318,-0.23937346783075916,0
3.17,0,1.7219520520060725,1.2935915399167432,0,-0.37581554441638981,0.32979186857018256,0
3.17,1,2.1504391366438265,1.8575098013550158,0,-0.18372761664309109,-0.23715851846950287,0
3.18,0,1.7182133508728386,1.2969113675275004,0,-0.37192468223037822,0.33417365358123646,0
3.18,1,2.1485875219955899,1.8551494642853827,0,-0.18659531300419288,-0.23490889545708452,0
3.19,0,1.7145138074959969,1.3002747766427294,0,-0.3679839931379591,0.33850816946455298,0
3.19,1,2.1467073702663773,1.8528117950476617,0,-0.1894350328383245,-0.23262495208713768,0
3.2,0,1.7108539172656962,1.3036812918877407,0,-0.36399405292218723,0.34279487953772003,0
3.2,1,2.1447989632853832,1.8504971350535633,0,-0.19224636336047615,-0.23030704673255648,0
3.21,0,1.7072341697890616,1.3071304325561597,0,-0.35995544240473731,0.34703325414606867,0
3.21,1,2.1428625869854652,1.8482058221060242,0,-0.19502889662316872,-0.22795554277522964,0
3.22,0,1.7036550488402342,1.3106217126803452,0,-0.35586874736076118,0.35122277069102847,0
3.22,1,2.1408985313544591,1.8459381903494732,0,-0.1977822295780774,-0.22557080853498057,0
3.23,0,1.7001170323112598,1.3141546411020879,0,-0.35173455843413526,0.35536291365749456,0
3.23,1,2.1389070903858864,1.8436945702208096,0,-0.20050596413648261,-0.22315321719773554,0
3.24,0,1.6966205921638235,1.3177287215435765,0,-0.34755347105310708,0.35945317464022641,0
3.24,1,2.1368885620290614,1.8414752884011063,0,-0.20319970722853833,-0.22070314674294178,0
3.25,0,1.6931661943818264,1.3213434526786241,0,-0.34332608534635017,0.36349305236930007,0
3.25,1,2.1348432481386119,1.8392806677680402,0,-0.20586307086134845,-0.21822097987025815,0
3.26,0,1.6897542989247973,1.3249983282041438,0,-0.33905300605943545,0.36748205273463419,0
3.26,1,2.132771454423426,1.8371110273490612,0,-0.20849567217584236,-0.21570710392554032,0
3.27,0,1.6863853596821414,1.3286928369118649,0,-0.33473484247172713,0.37141968880961068,0
3.27,1,2.1306734903950346,1.8349666822753028,0,-0.21109713350244155,-0.21316191082614303,0
3.28,0,1.6830598244282142,1.332426462760282,0,-0.33037220831371,0.37530548087381116,0
3.28,1,2.1285496693154449,1.8328479437362444,0,-0.213667082415509,-0.21058579698556185,0
3.29,0,1.6797781347782219,1.3361986849468255,0,-0.32596572168475468,0.37913895643488954,0
3.29,1,2.1264003081444343,1.8307551189351294,0,-0.21620515178657421,-0.20797916323743729,0
3.3,0,1.6765407261449414,1.340008977980248,0,-0.32151600497132737,0.38291965024960184,0
3.3,1,2.1242257274863197,1.8286885110451476,0,-0.21871097983632698,-0.20534241475894344,0
3.31,0,1.6733480276962565,1.3438568117532161,0,-0.31702368476564885,0.38664710434401356,0
3.31,1,2.1220262515362109,1.826648419166385,0,-0.2211842101853731,-0.20267596099358423,0
3.32,0,1.6702004623135043,1.3477416516151008,0,-0.31248939178480811,0.39032086803290533,0
3.32,1,2.1198022080257655,1.82463513828355,0,-0.22362449190374634,-0.19998021557341983,0
3.33,0,1.6670984465506287,1.3516629584449573,0,-0.30791376079033478,0.39394049793839742,0
3.33,1,2.117553928168451,1.8226489592244792,0,-0.22603147955917099,-0.19725559624074609,0
3.34,0,1.6640423905941357,1.3556201887246884,0,-0.30329743050823432,0.39750555800781301,0
3.34,1,2.1152817466043348,1.8206901686194292,0,-0.22840483326406996,-0.19450252476924965,0
3.35,0,1.661032698223847,1.3596127946123815,0,-0.29864104354948895,0.40101561953080117,0
3.35,1,2.1129860013444079,1.8187590488611596,0,-0.23074421872131379,-0.19172142688466171,0
3.36,0,1.6580697667744444,1.3636402240158141,0,-0.2939452463310272,0.40447026115573909,0
3.36,1,2.1106670337144577,1.8168558780658115,0,-0.2330493072687064,-0.18891273218493307,0
3.37,0,1.6551539870978034,1.3677019206661198,0,-0.2892106889971644,0.40786906890543378,0
3.37,1,2.1083251882985032,1.8149809300345872,0,-0.23531977592220424,-0.18607687405995341,0
3.38,0,1.65228574352611,1.3717973241916077,0,-0.28443802534151563,0.41121163619214302,0
3.38,1,2.1059608128818028,1.8131344742162332,0,-0.23755530741786507,-0.18321428961083738,0
3.39,0,1.6494654138357556,1.3759258701917281,0,-0.27962791272938209,0.41449756383193515,0
3.39,1,2.1035742583934507,1.811316775670335,0,-0.23975559025252421,-0.18032541956880038,0
3.4,0,1.6466933692120056,1.3800869903111799,0,-0.274781012020612,0.41772646005840752,0
3.4,1,2.1011658788485721,1.8095280950314228,0,-0.24192031872319553,-0.17741070821364666,0
3.41,0,1.6439699742144378,1.3842801123141508,0,-0.26989798749293586,0.4208979405357825,0
3.41,1,2.0987360312901302,1.807768688473895,0,-0.24404919296519562,-0.17447060329189243,0
3.42,0,1.6412955867431442,1.3885046601586868,0,-0.2649795067657757,0.42401162837140011,0
3.42,1,2.0962850757303593,1.8060388076777629,0,-0.24614191898898966,-0.17150555593454647,0
3.43,0,1.6386705580056928,1.392760054071182,0,-0.2600262407245274,0.42706715412762686,0
3.43,1,2.0938133750918357,1.8043386997952173,0,-0.24819820871575807,-0.16851602057457085,0
3.44,0,1.6360952324848437,1.3970457106209861,0,-0.25503886344531529,0.43006415583319879,0
3.44,1,2.0913212951481985,1.8026686074180243,0,-0.25021778001168349,-0.16550245486404408,0
3.45,0,1.633569947907016,1.4013610427951222,0,-0.25001805212021649,0.43300227899401728,0
3.45,1,2.0888092044645354,1.8010287685457489,0,-0.25220035672095803,-0.16246531959104907,0
3.46,0,1.6310950352115001,1.4057054600731094,0,-0.24496448698295326,0.4358811766034163,0
3.46,1,2.086277474337443,1.7994194165548121,0,-0.25414566869751093,-0.15940507859630823,0
3.47,0,1.6286708185204102,1.4100783685018861,0,-0.23987885123505032,0.43870050915191866,0
3.47,1,2.083726478734778,1.7978407801683827,0,-0.25605345183545813,-0.15632219868958766,0
3.48,0,1.6262976151093727,1.4144791707708282,0,-0.23476183097245418,0.44145994463649918,0
3.48,1,2.0811565942351096,1.7962930834271054,0,-0.25792344809827417,-0.15321714956589252,0
3.49,0,1.6239757353789472,1.4189072662868576,0,-0.22961411511261084,0.44415915856937227,0
3.49,1,2.0785681999668846,1.7947765456606686,0,-0.25975540554668874,-0.15009040372147542,0
3.5,0,1.6217054828267743,1.4233620512496361,0,-0.22443639532199766,0.446797833986321,0
3.5,1,2.0759616775473244,1.7932913814602127,0,-0.26154907836530961,-0.14694243636967969,0
3.51,0,1.6194871540204439,1.4278429187268407,0,-0.21922936594410511,0.44937566145458491,0
3.51,1,2.0733374110210581,1.7918378006515812,0,-0.2633042268879745,-0.14377372535663899,0
3.52,0,1.6173210385710841,1.4323492587295152,0,-0.21399372392786334,0.45189233908032284,0
3.52,1,2.0706957867985092,1.7904160082694136,0,-0.26502061762183521,-0.14058475107685472,0
3.53,0,1.6152074191076622,1.4368804582874952,0,-0.20873016875650852,0.45434757251566726,0
3.53,1,2.0680371935940491,1.7890262045320859,0,-0.26669802327017655,-0.13737599638867254,0
3.54,0,1.6131465712519952,1.4414359015249005,0,-0.20343940237688302,0.45674107496538641,0
3.54,1,2.0653620223639284,1.7876685848174942,0,-0.26833622275397445,-0.13414794652967904,0
3.55,0,1.611138763594465,1.4460149697356932,0,-0.19812212912916341,0.45907256719316952,0
3.55,1,2.0626706662439975,1.7863433396396857,0,-0.2699350012321971,-0.13090108903203965,0
3.56,0,1.609184257670434,1.4506170414592967,0,-0.19277905567700998,0.46134177752755096,0
3.56,1,2.0599635204872322,1.7850506546263365,0,-0.27149415012085382,-0.12763591363779833,0
3.57,0,1.6072833079373583,1.455241492556272,0,-0.1874108909381306,0.46354844186748828,0
3.57,1,2.057240982401074,1.7837907104970767,0,-0.27301346711079605,-0.1243529122141597,0
3.58,0,1.6054361617525914,1.4598876962840475,0,-0.18201834601525219,0.46569230368760872,0
3.58,1,2.0545034512845985,1.7825636830426621,0,-0.27449275618427627,-0.12105257866877392,0
3.59,0,1.6036430593518778,1.4645550233727012,0,-0.17660213412749173,0.46777311404313893,0
3.59,1,2.0517513283655258,1.7813697431049931,0,-0.27593182763027002,-0.11773540886504445,0
3.6,0,1.6019042338285296,1.4692428421007895,0,-0.1711629705421194,0.46979063157453194,0
3.6,1,2.0489850167370816,1.7802090565579805,0,-0.27733049805856747,-0.11440190053747865,0
3.61,0,1.6002199111132855,1.4739505183712212,0,-0.16570157250670525,0.47174462251180471,0
3.61,1,2.0462049212947253,1.7790817842892575,0,-0.27868859041264016,-0.11105255320710079,0
3.62,0,1.5985903099548437,1.4786774157871732,0,-0.16021865918164105,0.47363486067860033,0
3.62,1,2.0434114486727557,1.7779880821827372,0,-0.28000593398129042,-0.10768786809694719,0
3.63,0,1.5970156419010704,1.4834228957280462,0,-0.15471495157302831,0.47546112749598729,0
3.63,1,2.0406050071808037,1.7769281011020142,0,-0.28128236440908982,-0.10430834804766237,0
3.64,0,1.5954961112808757,1.4881863174254562,0,-0.14919117246592348,0.47722321198600876,0
3.64,1,2.0377860067402302,1.7759019868746098,0,-0.28251772370561429,-0.10091449743321552,0
3.65,0,1.5940319151867564,1.4929670380392612,0,-0.14364804635793063,0.47892091077499405,0
3.65,1,2.0349548588204347,1.77490988027706,0,-0.28371186025348349,-0.097506822076755831,0
3.66,0,1.592623243458001,1.4977644127336194,0,-0.13808629939313205,0.48055402809664421,0
3.66,1,2.032111976375091,1.7739519170208431,0,-0.28486462881521268,-0.094085829166625168,0
3.67,0,1.5912702786645536,1.5025777947530772,0,-0.1325066592963465,0.4821223757949033,0
3.67,1,2.0292577737783204,1.7730282277391471,0,-0.28597589053888472,-0.090652027172546501,0
3.68,0,1.5899731960915333,1.5074065354986848,0,-0.12690985530770507,0.48362577332662637,0
3.68,1,2.0263926667608128,1.7721389379744743,0,-0.28704551296265168,-0.087205925762005795,0
3.69,0,1.5887321637244072,1.5122499846041382,0,-0.12129661811753381,0.48506404776405476,0
3.69,1,2.0235170723459093,1.7712841681670801,0,-0.28807337001807426,-0.083748035716845207,0
3.7,0,1.5875473422348119,1.5171074900119439,0,-0.11566767980153259,0.4864370337971094,0
3.7,1,2.0206314087856572,1.7704640336442454,0,-0.2890593420323086,-0.080278868850084936,0
3.71,0,1.5864188849670231,1.5219783980496071,0,-0.11002377375623888,0.48774457373551167,0
3.71,1,2.0177360954968497,1.76967864461038,0,-0.29000331572914972,-0.076798937922990917,0
3.72,0,1.585346937925068,1.5268620535058384,0,-0.10436563463476538,0.48898651751074146,0
3.72,1,2.0148315529970593,1.7689281061379531,0,-0.2909051842289414,-0.073308756562405084,0
3.73,0,1.5843316397604801,1.5317577997067813,0,-0.098693998282799789,0.49016272267784167,0
3.73,1,2.0119182028406777,1.7682125181592494,0,-0.29176484704736261,-0.069808839178354912,0
3.74,0,1.5833731217606919,1.5366649785922559,0,-0.093009601674855238,0.49127305441707747,0
3.74,1,2.0089964675549754,1.7675319754589478,0,-0.29258221009310043,-0.066299700881958329,0
3.75,0,1.5824715078380638,1.5415829307920186,0,-0.087313182850759327,0.49231738553545912,0
3.75,1,2.0060667705761879,1.7668865676675198,0,-0.29335718566442054,-0.062781857403640118,0
3.76,0,1.5816269145195481,1.5465109957020367,0,-0.081605480852369655,0.49329559646813548,0
3.76,1,2.0031295361856425,1.7662763792554432,0,-0.29408969244464522,-0.059255825011675353,0
3.77,0,1.5808394509369836,1.5514485115607757,0,-0.075887235660503705,0.49420757527966647,0
3.77,1,2.0001851894459364,1.7657014895282295,0,-0.29477965549655061,-0.055722120431075245,0
3.78,0,1.5801092188180208,1.5563948155254999,0,-0.070159188132070574,0.49505321766518068,0
3.78,1,1.9972341561371751,1.76516197262226,0,-0.2954270062556939,-0.0521812607628305,0
3.79,0,1.5794363124776736,1.561349243748583,0,-0.064422079937391866,0.4958324269514251,0
3.79,1,1.9942768626932832,1.7646578975014282,0,-0.29603168252268219,-0.048633763403526854,0
3.8,0,1.5788208188104982,1.5663111314538287,0,-0.05867665349769921,0.49654511409771313,0
3.8,1,1.9913137361383979,1.7641893279545839,0,-0.29659362845439435,-0.045080145965347262,0
3.81,0,1.5782628172833957,1.5712798130128012,0,-0.052923651922795301,0.49719119769677622,0
3.81,1,1.9883452040233551,1.7637563225937749,0,-0.297112794554168,-0.041520926196474774,0
3.82,0,1.5777623799290375,1.5762546220211626,0,-0.047163818948865621,0.49777060397552469,0
3.82,1,1.9853716943622794,1.763358934853283,0,-0.29758913766096334,-0.037956621901909945,0
3.83,0,1.5773195713399111,1.5812348913750189,0,-0.041397898876427662,0.49828326679572243,0
3.83,1,1.982393635569287,1.7629972129894498,0,-0.29802262093751636,-0.034387750864716224,0
3.84,0,1.5769344486629868,1.5862199533472705,0,-0.035626636508404398,0.49872912765457972,0
3.84,1,1.979411456395312,1.7626712000812876,0,-0.2984132138574932,-0.030814830767706403,0
3.85,0,1.5766070615950032,1.5912091396639698,0,-0.029850777088308744,0.49910813568526824,0
3.85,1,1.9764255858650663,1.7623809340318712,0,-0.29876089219165908,-0.027238379115583029,0
3.86,0,1.5763374523783691,1.596201781580683,0,-0.024071066238525545,0.49942024765736176,0
3.86,1,1.9734364532141426,1.7621264475705056,0,-0.29906563799307351,-0.023658913157545182,0
3.87,0,1.576125655797683,1.6011972099588558,0,-0.018288249898677642,0.49966542797720515,0
3.87,1,1.9704444878262706,1.7619077682556661,0,-0.29932743958132552,-0.020076949810373817,0
3.88,0,1.5759716991768693,1.6061947553421829,0,-0.012503074264062455,0.49984364868821468,0
3.88,1,1.9674501191707348,1.7617249184787043,0,-0.29954629152582113,-0.016493005582007482,0
3.89,0,1.5758756023769283,1.6111937480329797,0,-0.0067162857241455012,0.49995488947111189,0
3.89,1,1.964453776739965,1.7615779154683162,0,-0.2997221946281366,-0.012907596495619896,0
3.9,0,1.575837377794302,1.6161935181685556,0,-0.00092863080109717184,0.49999913764409165,0
3.9,1,1.9614558899873071,1.761466771295767,0,-0.2998551559034508,-0.0093212380142105762,0
3.91,0,1.5758570303598547,1.6211933957975908,0,0.0048591439116408451,0.49997638816292717,0
3.91,1,1.9584568882649844,1.7613914928808674,0,-0.29994518856106939,-0.0057344449657193023,0
3.92,0,1.5759345575384667,1.6261927109565104,0,0.010646291810773267,0.49988664362101126,0
3.92,1,1.9554572007622588,1.7613520819986954,0,-0.29999231198405535,-0.0021477314686749543,0
3.93,0,1.5760699493292434,1.6311907937458621,0,0.016432066344566697,0.49972991424933511,0
3.93,1,1.9524572564437987,1.7613485352870601,0,-0.29999655170797818,0.0014383891416111308,0
3.94,0,1.5762631882663376,1.6361869744066908,0,0.022215721074276641,0.49950621791640393,0
3.94,1,1.9494574839882648,1.7613808442546997,0,-0.29995793939879645,0.0050234043862974528,0
3.95,0,1.576514249420387,1.6411805833969133,0,0.027996509735599698,0.49921558012808909,0
3.95,1,1.9464583117271215,1.7614489952902097,0,-0.29987651282988692,0.0086068027157007974,0
3.96,0,1.5768231004005657,1.6461709514676908,0,0.033773686300164689,0.49885803402741558,0
3.96,1,1.9434601675836809,1.7615529696716952,0,-0.29975231585823392,0.01218807358141165,0
3.97,0,1.577189701357252,1.6511574097397992,0,0.039546505037076317,0.49843362039428335,0
3.97,1,1.9404634790123907,1.7616927435771415,0,-0.29958539839979342,0.015766707507827778,0
3.98,0,1.57761400498531,1.6561392897799962,0,0.045314220574524985,0.49794238764512039,0
3.98,1,1.9374686729383714,1.7618682880954961,0,-0.29937581640404526,0.019342196163097437,0
3.99,0,1.57809595652799,1.6611159236773843,0,0.05107608796147637,0.49738439183246552,0
3.99,1,1.9344761756972124,1.762079569238459,0,-0.29912363182774748,0.022914032429464073,0
4,0,1.5786354937814446,1.666086644119769,0,0.056831362729454195,0.49675969664447744,0
4,1,1.9314864129750342,1.7623265479529713,0,-0.29882891260790734,0.02648171047300462,0
4.01,0,1.579232547099864,1.6710507844700133,0,0.062579300954429679,0.49606837340436749,0
4.01,1,1.9284998097488248,1.7626091801344002,0,-0.29849173263398232,0.030044725812753924,0
4.02,0,1.5798870394012303,1.6760076788423839,0,0.068319159318831021,0.49531050106975144,0
4.02,1,1.9255167902270582,1.7629274166404099,0,-0.29811217171932602,0.033602575389208078,0
4.03,0,1.5805988861736928,1.6809566621788923,0,0.074050195173686106,0.49448616623191699,0
4.03,1,1.9225377777906021,1.763281203305517,0,-0.29769031557189229,0.037154757632199803,0
4.04,0,1.5813679954825659,1.6858970703256269,0,0.079771666600911673,0.49359546311500174,0
4.04,1,1.9195631949339216,1.7636704809563186,0,-0.29722625576421235,0.040700772528139334,0
4.05,0,1.5821942679779493,1.6908282401090773,0,0.085482832475761938,0.49263849357507666,0
4.05,1,1.9165934632065873,1.7640951854273923,0,-0.29672008970265873,0.044240121686614578,0
4.06,0,1.5830775969029753,1.6957495094124484,0,0.091182952529449635,0.49161536709912979,0
4.06,1,1.913629003155094,1.7645552475778572,0,-0.29617192059601027,0.047772308406344645,0
4.07,0,1.5840178681026824,1.7006602172519638,0,0.096871287411952167,0.49052620080394377,0
4.07,1,1.9106702342649973,1.7650505933085914,0,-0.29558185742333215,0.051296837740481174,0
4.08,0,1.5850149600335173,1.7055597038531578,0,0.10254709875501565,0.48937111943486111,0
4.08,1,1.9077175749033748,1.7655811435801001,0,-0.29495001490118555,0.054813216561252154,0
4.09,0,1.5860687437734693,1.7104473107271543,0,0.1082096492353692,0.48815025536443019,0
4.09,1,1.904771442261618,1.7661468144310262,0,-0.29427651345018035,0.058320953623943288,0
4.1,0,1.5871790830328369,1.7153223807469311,0,0.1138582026381619,0.48686374859092485,0
4.1,1,1.9018322522985627,1.766747516997297,0,-0.29356147916088543,0.061819559630212247,0
4.11,0,1.5883458341656309,1.7201842582235694,0,0.11949202392063452,0.48551174673672987,0
4.11,1,1.8989004196839627,1.7673831575319017,0,-0.29280504375911054,0.065308547290731433,0
4.12,0,1.5895688461816142,1.7250322889824858,0,0.12511037927603799,0.4840944050465838,0
4.12,1,1.8959763577423143,1.7680536374252911,0,-0.2920073445705737,0.068787431387155276,0
4.13,0,1.5908479607589834,1.7298658204396471,0,0.13071253619781042,0.48261188638567132,0
4.13,1,1.8930604783970366,1.7687588532263938,0,-0.29116852448496788,0.072255728833408195,0
4.14,0,1.5921830122576925,1.7346842016777633,0,0.1362977635440242,0.48106436123755547,0
4.14,1,1.8901531921150145,1.7694986966642423,0,-0.29028873191944121,0.075712958736289929,0
4.15,0,1.5935738277334233,1.7394867835224608,0,0.14186533160211448,0.47945200770194102,0
4.15,1,1.8872549078515097,1.7702730546702008,0,-0.28936812078150437,0.079158642455394876,0
4.16,0,1.5950202269522034,1.7442729186184318,0,0.14741451215390031,0.47777501149225832,0
4.16,1,1.8843660329954453,1.7710818094007894,0,-0.28840685043137881,0.082592303662342798,0
4.17,0,1.5965220224056773,1.7490419615055584,0,0.15294457854090915,0.47603356593305862,0
4.17,1,1.8814869733150694,1.7719248382610977,0,-0.28740508564379974,0.086013468399318088,0
4.18,0,1.598079019327032,1.7537932686950097,0,0.15845480573001564,0.474227871957209,0
4.18,1,1.8786181329040039,1.7728020139287788,0,-0.28636299656928743,0.089421665136915449,0
4.19,0,1.5996910157075792,1.7585261987453102,0,0.16394447037940466,0.47235813810287691,0
4.19,1,1.8757599141276831,1.7737132043786199,0,-0.28528075869490022,0.092816424831289893,0
4.2,0,1.6013578023140005,1.7632401123383761,0,0.16941285090486916,0.47042458051029246,0
4.2,1,1.8729127175701861,1.7746582729076794,0,-0.28415855280448288,0.09619728098060927,0
4.21,0,1.6030791627062571,1.767934372355519,0,0.17485922754645244,0.46842742291827666,0
4.21,1,1.8700769419814716,1.7756370781609865,0,-0.28299656493842357,0.099563769680807976,0
4.22,0,1.6048548732561665,1.772608343953413,0,0.18028288243544452,0.46636689666052389,0
4.22,1,1.8672529842250147,1.7766494741577936,0,-0.28179498635293271,0.10291542968064041,0
4.23,0,1.6066847031666525,1.7772613946400238,0,0.18568309966174174,0.46424324066162531,0
4.23,1,1.8644412392258558,1.777695310318377,0,-0.28055401347885667,0.10625180243603345,0
4.24,0,1.608568414491669,1.7818928943504959,0,0.19105916534157877,0.46205670143282124,0
4.24,1,1.8616420999190613,1.7787744314913758,0,-0.27927384788003978,0.1095724321637371,0
4.25,0,1.6105057621568051,1.7865022155229973,0,0.19641036768564157,0.45980753306746847,0
4.25,1,1.8588559571986047,1.7798866779816658,0,-0.27795469621124719,0.11287686589427287,0
4.26,0,1.612496493980571,1.7910887331745156,0,0.20173599706756956,0.45749599723620926,0
4.26,1,1.8560831998666703,1.7810318855787581,0,-0.27659677017566137,0.11616465352417975,0
4.27,0,1.6145403506963731,1.7956518249766058,0,0.20703534609285515,0.45512236318182797,0
4.27,1,1.8533242145833821,1.7822098855857169,0,-0.27520028648196537,0.11943534786755777,0
4.28,0,1.6166370659751781,1.8001908713310839,0,0.21230770966814827,0.45268690771378101,0
4.28,1,1.8505793858169672,1.7834205048485892,0,-0.27376546680102476,0.12268850470690948,0
4.29,0,1.6187863664488737,1.8047052554456648,0,0.21755238507097316,0.45018991520238549,0
4.29,1,1.8478490957943512,1.7846635657863401,0,-0.27229253772218115,0.12592368284327973,0
4.3,0,1.6209879717343278,1.80919436340954,0,0.22276867201986436,0.44763167757265138,0
4.3,1,1.8451337244521944,1.7859388864212851,0,-0.27078173070916928,0.1291404441456947,0
4.31,0,1.6232415944581517,1.813657584268892,0,0.22795587274492854,0.44501249429774214,0
4.31,1,1.8424336493883702,1.7872462804100131,0,-0.26923328205566999,0.13233835359990093,0
4.32,0,1.6255469402821705,1.818094310102341,0,0.23311329205883838,0.44233267239204788,0
4.32,1,1.8397492458138893,1.7885855570747946,0,-0.26764743284051107,0.13551697935640566,0
4.33,0,1.6279037079296059,1.8225039360963204,0,0.23824023742826422,0.43959252640385543,0
4.33,1,1.8370808865052741,1.7899565214354658,0,-0.26602442888252753,0.13867589277781997,0
4.34,0,1.6303115892119759,1.8268858606203777,0,0.24333601904574906,0.43679237840759871,0
4.34,1,1.834428941757386,1.7913589742417824,0,-0.26436452069509331,0.14181466848550592,0
4.35,0,1.6327702690567147,1.8312394853023941,0,0.24839994990203174,0.4339325579956731,0
4.35,1,1.8317937793367089,1.7927927120062375,0,-0.26266796344033588,0.14493288440553007,0
4.36,0,1.635279425535519,1.8355642151037215,0,0.25343134585882315,0.43101340226979673,0
4.36,1,1.8291757644350921,1.7942575270373347,0,-0.26093501688304482,0.148030121813925,0
4.37,0,1.6378387298934234,1.83985945839423,0,0.25842952572203942,0.42803525583190205,0
4.37,1,1.8265752596239555,1.7957532074733107,0,-0.25916594534428611,0.15110596538126106,0
4.38,0,1.640447846578611,1.8441246270272622,0,0.26339381131549577,0.42499847077453945,0
4.38,1,1.8239926248089604,1.7972795373162997,0,-0.25736101765473257,0.15416000321653084,0
4.39,0,1.6431064332729637,1.8483591364144887,0,0.26832352755506489,0.42190340667077619,0
4.39,1,1.8214282171851481,1.7988362964669342,0,-0.25552050710772167,0.15719182691034897,0
4.4,0,1.6458141409233555,1.8525624056006604,0,0.27321800252330197,0.41875043056357208,0
4.4,1,1.8188823911925494,1.8004232607593733,0,-0.25364469141205159,0.16020103157746982,0
4.41,0,1.6485706137736948,1.8567338573382515,0,0.27807656754453924,0.41553991695461384,0
4.41,1,1.8163554984722665,1.8020402019967539,0,-0.25173385264452525,0.16318721589862609,0
4.42,0,1.6513754893977197,1.8608729181619874,0,0.28289855726045193,0.41227224779259014,0
4.42,1,1.8138478878230326,1.8036868879870553,0,-0.24978827720225372,0.16614998216169152,0
4.43,0,1.6542283987325526,1.8649790184632549,0,0.28768330970609707,0.40894781246088829,0
4.43,1,1.8113599051582476,1.8053630825793747,0,-0.24780825575472826,0.1690889363021707,0
4.44,0,1.6571289661130151,1.8690515925643827,0,0.29243016638642605,0.40556700776469379,0
4.44,1,1.8088918934634957,1.8070685457006006,0,-0.2457940831956715,0.17200368794301962,0
4.45,0,1.6600768093067135,1.8730900787927935,0,0.29713847235327157,0.40213023791747382,0
4.45,1,1.8064441927545438,1.8088030333924847,0,-0.2437460585946773,0.17489385043380029,0
4.46,0,1.6630715395498938,1.8770939195550151,0,0.30180757628280896,0.39863791452682529,0
4.46,1,1.8040171400358271,1.8105662978490995,0,-0.24166448514864897,0.1777590408891733,0
4.47,0,1.6661127615840754,1.8810625614105476,0,0.30643683055349147,0.39509045657966829,0
4.47,1,1.8016110692594187,1.812358087454679,0,-0.23954967013304534,0.18059888022673209,0
4.48,0,1.6692000736934651,1.8849954551455799,0,0.31102559132445828,0.39148829042676497,0
4.48,1,1.7992263112844888,1.8141781468218336,0,-0.23740192485294379,0.18341299320418278,0
4.49,0,1.6723330677431596,1.8888920558465465,0,0.31557321861441417,0.38783184976654406,0
4.49,1,1.7968631938372546,1.816026216830134,0,-0.23522156459392915,0.18620100845587378,0
4.5,0,1.6755113292181365,1.8927518229735203,0,0.32007907638097827,0.38412157562821164,0
4.5,1,1.7945220414714209,1.8179020346650567,0,-0.23300890857281778,0.18896255852867946,0
4.51,0,1.6787344372630439,1.8965742204334319,0,0.32454253260049992,0.38035791635412758,0
4.51,1,1.7922031755291157,1.8198053338572864,0,-0.23076427988822482,0.19169727991724192,0
4.52,0,1.6820019647227882,1.9003587166531097,0,0.32896295934833808,0.37654132758142733,0
4.52,1,1.7899069141023196,1.8217358443223655,0,-0.22848800547098369,0.19440481309857555,0
4.53,0,1.6853134781839278,1.9041047846521313,0,0.33333973287960095,0.37267227222286931,0
4.53,1,1.7876335719947927,1.8236932924006886,0,-0.22618041603442557,0.19708480256603891,0
4.54,0,1.6886685380168776,1.90781190211548,0,0.3376722337103415,0.36875122044688696,0
4.54,1,1.7853834606844978,1.825677400897832,0,-0.22384184602452725,0.19973689686267834,0
4.55,0,1.6920666984189252,1.9114795514659986,0,0.34195984669920426,0.36477864965682522,0
4.55,1,1.7831568882865254,1.8276878891252151,0,-0.22147263356993516,0.20236074861394837,0
4.56,0,1.6955075074580688,1.9151072199366295,0,0.34620196112951801,0.36075504446934048,0
4.56,1,1.7809541595165164,1.829724472941084,0,-0.21907312043187302,0.20495601455981341,0
4.57,0,1.6989905071176754,1.9186943996424359,0,0.35039797079182855,0.35668089669194364,0
4.57,1,1.7787755756545873,1.8317868647918143,0,-0.21664365195394081,0.20752235558623591,0
4.58,0,1.7025152333419689,1.922240587652394,0,0.35454727406686531,0.35255670529966554,0
4.58,1,1.7766214345097586,1.8338747737535257,0,-0.21418457701181229,0.21005943675605587,0
4.59,0,1.7060812160823478,1.9257452860609465,0,0.35864927400893432,0.34838297641082355,0
4.59,1,1.7744920303848855,1.8359879055740023,0,-0.2116962479628379,0.21256692733926658,0
4.6,0,1.709687979344541,1.9292080020593101,0,0.36270337842973083,0.34416022326186907,0
4.6,1,1.7723876540420935,1.838125962714912,0,-0.20917902059556023,0.21504450084269203,0
4.61,0,1.7133350412366024,1.932628248006526,0,0.3667089999825624,0.33988896618129449,0
4.61,1,1.7703085926687201,1.8402886443943209,0,-0.20663325407914848,0.21749183503907096,0
4.62,0,1.7170219140177501,1.9360055415002453,0,0.37066555624697461,0.33556973256257933,0
4.62,1,1.7682551298437605,1.842475646629494,0,-0.20405931091275836,0.21990861199555284,0
4.63,0,1.7207481041480537,1.939339405447239,0,0.37457246981376963,0.33120305683615414,0
4.63,1,1.7662275455048226,1.8446866622799798,0,-0.20145755687482395,0.22229451810161102,0
4.64,0,1.7245131123389745,1.9426293681336215,0,0.3784291683704078,0.32678948044036188,0
4.64,1,1.764226115915587,1.8469213810909697,0,-0.19882836097228715,0.22464924409637854,0
4.65,0,1.7283164336047605,1.9458749632947803,0,0.38223508478678164,0.32232955179139555,0
4.65,1,1.7622511136337766,1.8491794897369287,0,-0.19617209538977112,0.22697248509541179,0
4.66,0,1.7321575573147012,1.9490757301849981,0,0.38598965720135159,0.31782382625219147,0
4.66,1,1.7603028074796343,1.8514606718654902,0,-0.1934891354387028,0.22926394061688748,0
4.67,0,1.7360359672462462,1.9522312136467603,0,0.38969232910763096,0.31327286610025756,0
4.67,1,1.7583814625049088,1.8537646081416108,0,-0.19077985950639031,0.23152331460723855,0
4.68,0,1.7399511416389895,1.9553409641797337,0,0.39334254944100888,0.30867724049441603,0
4.68,1,1.7564873399623515,1.8560909762919782,0,-0.18804464900506063,0.23375031546623407,0
4.69,0,1.743902553249524,1.9584045380094079,0,0.39693977266589714,0.3040375254404396,0
4.69,1,1.7546206972757219,1.8584394511496669,0,-0.18528388832086207,0.23594465607150908,0
4.7,0,1.7478896694071695,1.961421497155388,0,0.40048345886318831,0.29935430375556155,0
4.7,1,1.7527817880103034,1.8608097046990373,0,-0.18249796476283711,0.23810605380254962,0
4.71,0,1.7519119520705755,1.9643914094993251,0,0.40397307381801056,0.29462816503183847,0
4.71,1,1.7509708618439299,1.8632014061208708,0,-0.17968726851186978,0.2402342305641384,0
4.72,0,1.7559688578852044,1.967313848852476,0,0.40740808910776438,0.28985970559834623,0
4.72,1,1.7491881645385225,1.8656142218377378,0,-0.17685219256961221,0.24232891280926672,0
4.73,0,1.7600598382416954,1.9701883950228787,0,0.41078798219042623,0.28504952848218862,0
4.73,1,1.7474339379121375,1.8680478155595919,0,-0.17399313270739483,0.24438983156151828,0
4.74,0,1.7641843393351131,1.9730146338821311,0,0.41411223649310258,0.28019824336829929,0
4.74,1,1.7457084198115249,1.8705018483295841,0,-0.171110487415124,0.24641672243693016,0
4.75,0,1.7683418022250827,1.9757921574317627,0,0.41738034150081815,0.27530646655801683,0
4.75,1,1.7440118440851984,1.8729759785700955,0,-0.16820465785017125,0.24840932566533649,0
4.76,0,1.7725316628968144,1.978520563869185,0,0.42059179284552095,0.27037482092641391,0
4.76,1,1.7423444405570163,1.875469862128978,0,-0.16527604778625785,0.25036738611120057,0
4.77,0,1.7767533523230183,1.9811994576532088,0,0.42374609239528654,0.26540393587836125,0
4.77,1,1.7407064350002734,1.8779831523260038,0,-0.16232506356233808,0.25229065329394046,0
4.78,0,1.7810062965267133,1.9838284495691172,0,0.42684274834370256,0.2603944473033068,0
4.78,1,1.7390980491123043,1.8805154999995122,0,-0.15935211403148472,0.25417888140775396,0
4.79,0,1.7852899166449288,1.9864071567932775,0,0.42988127529941506,0.25534699752875212,0
4.79,1,1.737519500489598,1.8830665535532556,0,-0.15635761050977998,0.25603182934094798,0
4.8,0,1.7896036289933048,1.9889352029572833,0,0.4328611943758166,0.25026223527240687,0
4.8,1,1.735971002603423,1.8856359590034342,0,-0.15334196672521469,0.25784926069477787,0
4.81,0,1.7939468451315881,1.9914122182116103,0,0.43578203328085596,0.24514081559300357,0
4.81,1,1.734452764775964,1.8882233600259171,0,-0.15030559876659885,0.25963094380180218,0
4.82,0,1.7983189719300272,1.9938378392887741,0,0.43864332640694853,0.23998339983975406,0
4.82,1,1.7329649921569685,1.8908283980036449,0,-0.14724892503248593,0.2613766517437579,0
4.83,0,1.8027194116366667,1.996211709565975,0,0.44144461492096598,0.23479065560043078,0
4.83,1,1.7315078857009056,1.8934507120742086,0,-0.14417236618011359,0.26308616236896154,0
4.84,0,1.807147561945543,1.9985334791272176,0,0.44418544685428324,0.22956325664805496,0
4.84,1,1.7300816421446332,1.8960899391775996,0,-0.14107634507436306,0.26475925830924135,0
4.85,0,1.8116028160657787,2.0008028048248887,0,0.44686537719285963,0.22430188288617495,0
4.85,1,1.7286864539855777,1.8987457141041277,0,-0.13796128673673935,0.26639572699640574,0
4.86,0,1.8160845627915796,2.0030193503407832,0,0.44948396796733137,0.21900722029271799,0
4.86,1,1.7273225094604221,1.9014176695425011,0,-0.13482761829437434,0.26799536067825286,0
4.87,0,1.8205921865731316,2.0051827862465585,0,0.45204078834309147,0.21367996086239927,0
4.87,1,1.725989992524305,1.9041054361280629,0,-0.13167576892905442,0.26955795643412683,0
4.88,0,1.8251250675883988,2.0072927900636088,0,0.45453541471033237,0.20832080254767224,0
4.88,1,1.7246890828305284,1.9068086424911836,0,-0.12850616982627444,0.27108331619002501,0
4.89,0,1.8296825818158207,2.0093490463223382,0,0.45696743077402668,0.20293044919820491,0
4.89,1,1.7234199557107754,1.9095269153058001,0,-0.12531925412431957,0.27257124673326161,0
4.9,0,1.8342641011079099,2.0113512466208237,0,0.45933642764381971,0.19750961049886681,0
4.9,1,1.7221827821558369,1.9122598793380998,0,-0.12211545686337633,0.2740215597266924,0
4.91,0,1.838868993265748,2.0132990896828491,0,0.4616420039238085,0.19205900190621236,0
4.91,1,1.7209777287968466,1.9150071574953458,0,-0.11889521493467381,0.27543407172250511,0
4.92,0,1.843496622114378,2.0151922814152976,0,0.46388376580217999,0.18657934458344611,0
4.92,1,1.7198049578870249,1.9177683708748363,0,-0.11565896702965661,0.27680860417558045,0
4.93,0,1.8481463475790922,2.017030534964884,0,0.46606132714068127,0.18107136533385654,0
4.93,1,1.7186646272839308,1.9205431388129963,0,-0.11240715358918994,0.27814498345642807,0
4.94,0,1.8528175257626152,2.018813570774217,0,0.468174309563894,0.17553579653270501,0
4.94,1,1.7175568904322209,1.923331078934597,0,-0.10914021675279795,0.27944304086370209,0
4.95,0,1.8575095090231761,2.0205411166371681,0,0.4702223425482846,0.16997337605755716,0
4.95,1,1.7164818963469173,1.926131807202097,0,-0.10585860030793573,0.28070261263630075,0
4.96,0,1.8622216460534726,2.0222129077535409,0,0.47220506351100144,0.16438484721704474,0
4.96,1,1.7154397895971811,1.9289449379651038,0,-0.10256274963929571,0.28192353996505426,0
4.97,0,1.8669532819605197,2.0238286867830162,0,0.47412211789838937,0.15877095867804614,0
4.97,1,1.714430710290594,1.9317700840099492,0,-0.099253111678148584,0.28310566900400524,0
4.98,0,1.8717037583463827,2.0253882038983626,0,0.47597315927419176,0.15313246439127443,0
4.98,1,1.7134547940579448,1.9346068566093757,0,-0.095930134851719182,0.28424885088128571,0
4.99,0,1.8764724133897908,2.0268912168378952,0,0.47775784940740973,0.14747012351526276,0
4.99,1,1.7125121720385232,1.93745486557233,0,-0.092594269032597293,0.2853529417095948,0
5,0,1.8812585819286267,2.0283374909571652,0,0.47947585835978712,0.14178470033873677,0
5,1,1.7116029708659193,1.9403137192938593,0,-0.089245965488183546,0.2864178025962813,0
5.01,0,1.88606159554329,2.0297267992798655,0,0.48112686457289044,0.13607696420136503,0
5.01,1,1.7107273126543274,1.9431830248051059,0,-0.085885676830170121,0.28744329965303417,0
5.02,0,1.8908807826409282,2.031058922547937,0,0.48271055495475113,0.13034768941287847,0
5.02,1,1.7098853149853563,1.9460623878233969,0,-0.082513856964056123,0.28842930400518546,0
5.03,0,1.8957154685405322,2.0323336492708539,0,0.48422662496603847,0.12459765517055109,0
5.03,1,1.7090770908953425,1.9489514128024259,0,-0.079130961038697226,0.28937569180062894,0
5.04,0,1.9005649755588909,2.0335507757740818,0,0.48567477870572978,0.11882764547503424,0
5.04,1,1.7083027488631697,1.9518497029825208,0,-0.075737445395889239,0.29028234421835769,0
5.05,0,1.9054286230974007,2.0347101062466795,0,0.48705472899624475,0.11303844904453789,0
5.05,1,1.7075623927985903,1.9547568604409957,0,-0.072333767519984882,0.2911491474766244,0
5.06,0,1.910305727729722,2.0358114527880389,0,0.48836619746801035,0.10723085922735254,0
5.06,1,1.7068561220310527,1.9576724861425825,0,-0.068920385987543298,0.29197599284072734,0
5.07,0,1.915195603290279,2.0368546354537393,0,0.48960891464342204,0.10140567391270679,0
5.07,1,1.70618403129903,1.9605961799899383,0,-0.0654977604170114,0.2927627766304251,0
5.08,0,1.9200975609635971,2.0378394823005026,0,0.49078262002016676,0.095563695439955451,0
5.08,1,1.7055462107398527,1.9635275408742254,0,-0.062066351418436291,0.29350940022698352,0
5.09,0,1.9250109093744672,2.0387658294302327,0,0.49188706215387279,0.089705730506094553,0
5.09,1,1.7049427458800446,1.9664661667257597,0,-0.058626620543207851,0.29421577007985678,0
5.1,0,1.9299349546789368,2.0396335210331213,0,0.49292199874005127,0.083832590071599752,0
5.1,1,1.7043737176261593,1.969411654564724,0,-0.055179030233830452,0.29488179771300643,0
5.11,0,1.9348690006561136,2.0404424094298022,0,0.49388719669529368,0.077945089264585918,0
5.11,1,1.7038392022561215,1.9723636005519434,0,-0.051724043773722694,0.29550739973086027,0
5.12,0,1.9398123488007786,2.0411923551125417,0,0.49478243223768931,0.072044047283285964,0
5.12,1,1.7033392714110678,1.9753216000397174,0,-0.048262125237044054,0.29609249782391361,0
5.13,0,1.9447642984167992,2.0418832267854423,0,0.49560749096642626,0.066130287296848125,0
5.13,1,1.7028739920876899,1.9782852476227069,0,-0.04479373943854717,0.29663701877397558,0
5.14,0,1.949724146711334,2.0425149014036488,0,0.4963621679405395,0.060204636344451404,0
5.14,1,1.7024434266310799,1.9812541371888721,0,-0.04131935188345448,0.29714089445906239,0
5.15,0,1.9546911888898206,2.0430872642115347,0,0.49704626775676902,0.054267925232739989,0
5.15,1,1.7020476327280758,1.9842278619704572,0,-0.037839428717357862,0.29760406185793964,0
5.16,0,1.9596647182517368,2.0436002087798562,0,0.49765960462649095,0.04832098843157797,0
5.16,1,1.7016866634011083,1.9872060145950186,0,-0.034354436676139813,0.29802646305431579,0
5.17,0,1.9646440262871276,2.0440536370418547,0,0.49820200245168395,0.042364663968126708,0
5.17,1,1.701360567002548,1.9901881871364935,0,-0.030864843035914757,0.29840804524068837,0
5.18,0,1.9696284027738855,2.0444474593282917,0,0.49867329489989337,0.036399793319247996,0
5.18,1,1.7010693872095535,1.9931739711663061,0,-0.027371115562988879,0.29874876072184448,0
5.19,0,1.9746171358757758,2.0447815944013992,0,0.49907332547815525,0.030427221302236976,0
5.19,1,1.7008131630194194,1.9961629578045055,0,-0.02387372246383699,0.29904856691801762,0
5.2,0,1.9796095122411959,2.0450559694877297,0,0.49940194760584183,0.024447795963889674,0
5.2,1,1.7005919287454248,1.999154737770934,0,-0.020373132335094735,0.29930742636770158,0
5.21,0,1.9846048171026571,2.0452705203098889,0,0.49965902468639056,0.018462368467910842,0
5.21,1,1.7004057140131814,2.0021489014364233,0,-0.016869814113564547,0.29952530673012284,0
5.22,0,1.9896023343769784,2.0454251911171317,0,0.49984443017787777,0.012471792980668741,0
5.22,1,1.7002545437574825,2.0051450388740109,0,-0.013364237026233627,0.29970218078737271,0
5.23,0,1.9946013467661798,2.0455199347148114,0,0.49995804766239854,0.0064769265553043433,0
5.23,1,1.7001384382196498,2.0081427399101788,0,-0.0098568705403022632,0.29983802644619995,0
5.24,0,1.9996011358590629,2.0455547124926587,0,0.49999977091421427,0.0004786290142033368,0
5.24,1,1.7000574129453823,2.0111415941761073,0,-0.0063481843132207026,0.2999328267394647,0
5.25,0,2.0046009822334669,2.0455294944518791,0,0.49996950396662843,-0.0055222371701597285,0
5.25,1,1.7000114787831024,2.0141411911589411,0,-0.0028386481427328785,0.2999865698272543,0
5.26,0,2.009600165559188,2.0454442592310484,0,0.49986716117755231,-0.011524806995994959,0
5.26,1,1.7000006418828042,2.0171411202530658,0,0.00067126808307484478,0.29999924899766167,0
5.27,0,2.0145979647015442,2.0452989941307957,0,0.49969266729372097,-0.017528213054577128,0
5.27,1,1.7000249036953983,2.0201409708113904,0,0.0041810944357216547,0.29997086266722628,0
5.28,0,2.0195936578255802,2.0450936951372518,0,0.49944595751352122,-0.023531585654220089,0
5.28,1,1.7000842609725584,2.0231403321966317,0,0.007690360996278834,0.29990141438103834,0
5.29,0,2.0245865225008899,2.0448283669442517,0,0.49912697754839169,-0.02953405294583256,0
5.29,1,1.7001787057670663,2.0261387938325992,0,0.011198597905316635,0.29979091281250569,0
5.3,0,2.0295758358070457,2.0445030229742724,0,0.49873568368275639,-0.035534741050041299,0
5.3,1,1.7003082254336572,2.0291359452554758,0,0.014705335412853307,0.29963937176278393,0
5.31,0,2.034560874439622,2.0441176853980929,0,0.49827204283245285,-0.04153277418586674,0
5.31,1,1.700472802630363,2.032131376165089,0,0.018210103928308054,0.2994468101598689,0
5.32,0,2.0395409148167922,2.0436723851531591,0,0.49773603260161536,-0.047527274800935174,0
5.32,1,1.700672415320357,2.0351246764761752,0,0.021712434070459728,0.29921325205735172,0
5.33,0,2.0445152331864902,2.0431671619606382,0,0.49712764133797488,-0.053517363703210613,0
5.33,1,1.7009070367742962,2.0381154363696261,0,0.025211856717413009,0.29893872663283522,0
5.34,0,2.049483105734113,2.0426020643411511,0,0.49644686818653644,-0.059502160194228534,0
5.34,1,1.7011766355731661,2.0411032463437202,0,0.028707903056573857,0.29862326818601176,0
5.35,0,2.0544438086907535,2.0419771496291608,0,0.49569372314159554,-0.065480782203812635,0
5.35,1,1.7014811756116222,2.0440876972653323,0,0.032200104634635913,0.29826691613640094,0
5.36,0,2.0593966184419465,2.0412924839860103,0,0.49486822709705497,-0.071452346426254892,0
5.36,1,1.7018206161018332,2.0470683804211181,0,0.03568799340757961,0.29786971502074677,0
5.37,0,2.0643408116369066,2.0405481424115894,0,0.49397041189500351,-0.077415968457938078,0
5.37,1,1.7021949115778245,2.0500448875686721,0,0.039171101790685642,0.29743171449007266,0
5.38,0,2.0692756652982442,2.0397442087546178,0,0.49300032037251862,-0.083370762936379059,0
5.38,1,1.7026040119003207,2.0530168109876543,0,0.042648962708564421,0.29695296930639342,0
5.39,0,2.0742004569321399,2.0388807757215326,0,0.4919580064066546,-0.089315843680670082,0
5.39,1,1.7030478622620895,2.0559837435308816,0,0.046121109645203155,0.29643353933908273,0
5.4,0,2.0791144646389612,2.0379579448839626,0,0.49084353495757937,-0.095250323833294362,0
5.4,1,1.7035264031937856,2.0589452786753815,0,0.049587076694032055,0.29587348956089415,0
5.41,0,2.0840169672242981,2.0369758266847797,0,0.4896569821098215,-0.10117331600329134,0
5.41,1,1.7040395705702958,2.0619010105734041,0,0.053046398608011219,0.29527289004363461,0
5.42,0,2.0889072443104051,2.0359345404427094,0,0.48839843511159076,-0.10708393241074576,0
5.42,1,1.7045872956175845,2.0648505341033898,0,0.056498610849739637,0.29463181595348803,0
5.43,0,2.0937845764480238,2.0348342143554929,0,0.48706799241213555,-0.11298128503257411,0
5.43,1,1.705169504920041,2.0677934449208872,0,0.059943249641587697,0.2939503475459872,0
5.44,0,2.0986482452285702,2.0336749855015821,0,0.48566576369710029,-0.11886448574958057,0
5.44,1,1.7057861204283282,2.0707293395094202,0,0.063379852015854554,0.29322857016063208,0
5.45,0,2.103497533396665,2.0324569998403605,0,0.48419186992184682,-0.12473264649475405,0
5.45,1,1.7064370594677323,2.0736578152312992,0,0.066807955864951654,0.29246657421515204,0
5.46,0,2.1083317249629876,2.031180412210873,0,0.48264644334270423,-0.13058487940277652,0
5.46,1,1.7071222347470152,2.0765784703783718,0,0.07022709999161357,0.29166445519940937,0
5.47,0,2.1131501053174317,2.0298453863290553,0,0.48102962754611173,-0.13642029696071226,0
5.47,1,1.707841554367769,2.0794909042227134,0,0.07363682415913729,0.29082231366894229,0
5.48,0,2.1179519613425404,2.0284520947834523,0,0.47934157747561945,-0.1422380121598463,0
5.48,1,1.7085949218342729,2.082394717067249,0,0.077036669141651082,0.2899402552381441,0
5.49,0,2.1227365815272021,2.0270007190294099,0,0.4775824594567134,-0.14803713864863977,0
5.49,1,1.7093822360638531,2.0852895102963052,0,0.080426176774413841,0.28901839057307599,0
5.5,0,2.1275032560805829,2.0254914493817329,0,0.47575245121942994,-0.15381679088676842,0
5.5,1,1.7102033913977459,2.0881748864260903,0,0.083804890004145816,0.28805683538391064,0
5.51,0,2.1322512770462736,2.0239244850057978,0,0.47385174191872725,-0.15957608430021025,0
5.51,1,1.7110582776124637,2.091050449155095,0,0.087172352939391545,0.2870557104170034,0
5.52,0,2.1369799384166299,2.02230003390711,0,0.47188053215258047,-0.16531413543734663,0
5.52,1,1.7119467799316652,2.0939158034144127,0,0.090528110900915712,0.28601514144658824,0
5.53,0,2.1416885362472815,2.0206183129192929,0,0.46983903397776827,-0.17103006212604088,0
5.53,1,1.7128687790385304,2.0967705554179763,0,0.093871710472132497,0.28493525926609453,0
5.54,0,2.1463763687717869,2.0188795476905046,0,0.4677274709233199,-0.17672298363165675,0
5.54,1,1.7138241510886389,2.0996143127127023,0,0.097202699549568991,0.28381619967908212,0
5.55,0,2.1510427365164113,2.0170839726682663,0,0.46554607800159081,-0.18239202081597922,0
5.55,1,1.7148127677233536,2.1024466842285467,0,0.10052062739336305,0.28265810348979042,0
5.56,0,2.155686942415004,2.0152318310827013,0,0.46329510171693744,-0.18803629629699806,0
5.56,1,1.7158344960837093,2.1052672803284622,0,0.10382504467779585,0.28146111649329841,0
5.57,0,2.1603082919239487,2.0133233749281687,0,0.46097480007196101,-0.19365493460951472,0
5.57,1,1.7168891988248076,2.108075712858255,0,0.10711550354185947,0.28022538946529146,0
5.58,0,2.1649060931371649,2.0113588649432885,0,0.45858544257129158,-0.19924706236653142,0
5.58,1,1.7179767341307162,2.1108715951963388,0,0.11039155763985942,0.27895107815143139,0
5.59,0,2.1694796569011356,2.0093385705893492,0,0.45612731022288439,-0.20481180842138091,0
5.59,1,1.7190969557298756,2.1136545423033777,0,0.11365276219205209,0.27763834325632553,0
5.6,0,2.1740282969299343,2.0072627700270895,0,0.45360069553680055,-0.21034830403055454,0
5.6,1,1.7202497129110126,2.1164241707718197,0,0.11689867403531717,0.27628735043209096,0
5.61,0,2.1785513299202255,2.0051317500918509,0,0.45100590252144634,-0.21585568301718502,0
5.61,1,1.7214348505395585,2.1191800988753124,0,0.12012885167386442,0.27489827026650976,0
5.62,0,2.1830480756662189,2.0029458062670891,0,0.4483432466772444,-0.22133308193513998,0
5.62,1,1.7226522090745777,2.121921946617999,0,0.12334285532997458,0.27347127827077072,0
5.63,0,2.1875178571745439,2.0007052426562448,0,0.44561305498771236,-0.22677964023368113,0
5.63,1,1.7239016245862016,2.1246493357836869,0,0.12654024699477387,0.27200655486679354,0
5.64,0,2.1919600007790221,1.9984103719529631,0,0.44281566590792476,-0.23219450042264345,0
5.64,1,1.7251829287735707,2.1273618899848916,0,0.12972059047904128,0.27050428537413085,0
5.65,0,2.1963738362553133,1.9960615154096595,0,0.43995142935033499,-0.23757680823808755,0
5.65,1,1.7264959489832861,2.1300592347117444,0,0.1328834514640479,0.26896465999644337,0
5.66,0,2.2007586969354045,1.9936590028044272,0,0.43702070666793474,-0.24292571280837849,0
5.66,1,1.7278405082283685,2.1327409973807643,0,0.13602839755242732,0.26738787380754414,0
5.67,0,2.2051139198219176,1.9912031724062822,0,0.43402387063472997,-0.24824036682064224,0
5.67,1,1.729216425207726,2.1354068073834869,0,0.13915499831907596,0.2657741267370064,0
5.68,0,2.2094388457022087,1.9886943709387412,0,0.4309613054235128,-0.25351992668755163,0
5.68,1,1.7306235143261317,2.1380562961349487,0,0.1422628253620821,0.26412362355533081,0
5.69,0,2.2137328192622308,1.9861329535417316,0,0.42783340658090946,-0.25876355271439228,0
5.69,1,1.7320615857147106,2.1406890971220189,0,0.14535145235368205,0.26243657385866714,0
5.7,0,2.2179951892001339,1.9835192837318278,0,0.4246405809996866,-0.26397040926635784,0
5.7,1,1.7335304452519351,2.1433048459515778,0,0.14842045509124219,0.26071319205308524,0
5.71,0,2.2222253083395738,1.9808537333608158,0,0.42138324688829809,-0.26913966493602443,0
5.71,1,1.7350298945851326,2.1459031803985353,0,0.15146941154826485,0.25895369733839041,0
5.72,0,2.2264225337427037,1.978136682572581,0,0.41806183373765571,-0.27427049271095244,0
5.72,1,1.736559731152501,2.1484837404536847,0,0.15449790192541635,0.25715831369147835,0
5.73,0,2.2305862268228176,1.9753685197583195,0,0.41467678228510896,-0.27936207014136377,0
5.73,1,1.7381197482056359,2.1510461683713884,0,0.1575055087015749,0.25532726984922399,0
5.74,0,2.2347157534566211,1.9725496415100734,0,0.4112285444756193,-0.28441357950784191,0
5.74,1,1.7397097348325683,2.153590108717089,0,0.16049181668489657,0.25346079929089999,0
5.75,0,2.2388104840960996,1.9696804525725893,0,0.40771758342011583,-0.28942420798900148,0
5.75,1,1.7413294759813123,2.156115208414644,0,0.16345641306389647,0.25155914022011838,0
5.76,0,2.2428697938799553,1.9667613657934988,0,0.40414437335102038,-0.29439314782907389,0
5.76,1,1.7429787524839244,2.1586211167934759,0,0.16639888745854292,0.24962253554629135,0
5.77,0,2.2468930627445851,1.9637928020718267,0,0.40050939957493109,-0.29931959650535428,0
5.77,1,1.744657341081074,2.1611074856355352,0,0.16931883197136174,0.24765123286560495,0
5.78,0,2.2508796755345721,1.9607751903048227,0,0.39681315842245479,-0.30420275689545567,0
5.78,1,1.7463650144471234,2.1635739692220706,0,0.17221584123854777,0.24564548444150083,0
5.79,0,2.2548290221126601,1.9577089673331238,0,0.39305615719517961,-0.30904183744431457,0
5.79,1,1.7481015412157215,2.1660202243802016,0,0.17508951248108059,0.24360554718466049,0
5.8,0,2.2587404974691849,1.9545945778842477,0,0.38923891410978045,-0.31383605233089273,0
5.8,1,1.749866686005906,2.1684459105292873,0,0.17793944555584121,0.24153168263248642,0
5.81,0,2.2626135018309301,1.9514324745144207,0,0.38536195823925118,-0.31858462163451878,0
5.81,1,1.7516602094487188,2.1708506897270903,0,0.18076524300672611,0.2394241569280752,0
5.82,0,2.2664474407693826,1.9482231175487441,0,0.38142582945125852,-0.3232867715008137,0
5.82,1,1.7534818682143312,2.1732342267157239,0,0.18356651011575525,0.23728324079867641,0
5.83,0,2.2702417253083569,1.9449669750197043,0,0.377431078343614,-0.32794173430714274,0
5.83,1,1.7553314150396808,2.1755961889673854,0,0.18634285495417011,0.23510920953363237,0
5.84,0,2.2739957720309594,1.9416645226040308,0,0.37337826617686165,-0.33254874882753738,0
5.84,1,1.7572085987566193,2.1779362467298626,0,0.18909388843351771,0.2329023429617931,0
5.85,0,2.2777090031858638,1.938316243557908,0,0.36926796480398005,-0.33710706039702942,0
5.85,1,1.7591131643205704,2.1802540730718136,0,0.19181922435671661,0.23066292542840072,0
5.86,0,2.2813808467928696,1.9349226286505461,0,0.36510075659719876,-0.34161592107534,0
5.86,1,1.7610448528396996,2.1825493439278127,0,0.19451847946910039,0.22839124577143824,0
5.87,0,2.285010736747715,1.9314841760961201,0,0.36087723437193081,-0.34607458980986516,0
5.87,1,1.7630034016045923,2.1848217381431572,0,0.19719127350943402,0.22608759729743674,0
5.88,0,2.2885981129261137,1.9280013914840812,0,0.35659800130782376,-0.35048233259790029,0
5.88,1,1.7649885441184441,2.1870709375184281,0,0.19983722926089842,0.22375227775673584,0
5.89,0,2.2921424212869876,1.9244747877078514,0,0.35226367086693328,-0.35483842264804522,0
5.89,1,1.7670000101277588,2.1892966268538028,0,0.20245597260203832,0.22138558931819172,0
5.9,0,2.2956431139748674,1.9209048848919075,0,0.3478748667090244,-0.35914214054073124,0
5.9,1,1.7690375256535573,2.1914984939931106,0,0.20504713255766818,0.21898783854332729,0
5.91,0,2.2990996494214326,1.9172922103172647,0,0.34343222260400758,-0.36339277438781203,0
5.91,1,1.7711008130230943,2.1936762298676267,0,0.2076103413497308,0.21655933635991911,0
5.92,0,2.3025114924461603,1.9136372983453698,0,0.3389363823415168,-0.36758961999115947,0
5.92,1,1.7731895909020834,2.1958295285396012,0,0.21014523444810324,0.21410039803501549,0
5.93,0,2.3058781143560561,1.909940690340413,0,0.33438799963763977,-0.37173198100020627,0
5.93,1,1.7753035743274306,2.1979580872455133,0,0.21265145062134408,0.21161134314738045,0
5.94,0,2.3091989930444381,1.9062029345900702,0,0.32978773803881017,-0.37581916906837654,0
5.94,1,1.7774424747404742,2.2000616064390472,0,0.21512863198737639,0.20909249555935838,0
5.95,0,2.3124736130887467,1.9024245862246865,0,0.32513627082287461,-0.37985050400834564,0
5.95,1,1.7796060000207317,2.2021397898337849,0,0.21757642406409999,0.20654418338815367,0
5.96,0,2.3157014658473476,1.8986062071349143,0,0.32043428089734682,-0.38382531394607117,0
5.96,1,1.7817938545201517,2.2041923444456084,0,0.21999447581992679,0.20396673897652032,0
5.97,0,2.3188820495553086,1.8947483658878164,0,0.31568246069486472,-0.38774293547353644,0
5.97,1,1.7840057390978725,2.2062189806348051,0,0.22238243972423263,0.20136049886285631,0
5.98,0,2.3220148694191125,1.8908516376414479,0,0.31088151206586567,-0.39160271380014833,0
5.98,1,1.7862413511554822,2.2082194121478729,0,0.2247399717977191,0.19872580375069751,0
5.99,0,2.3250994377102843,1.8869166040579335,0,0.30603214616849761,-0.39540400290273131,0
5.99,1,1.7885003846727843,2.2101933561590146,0,0.22706673166267799,0.19606299847760594,0
6,0,2.3281352738579058,1.8829438532150495,0,0.30113508335578509,-0.39914616567406008,0
6,1,1.7907825302440634,2.2121405333113198,0,0.22936238259315164,0.19337243198344756,0
6.01,0,2.3311219045399851,1.8789339795163298,0,0.29619105306006976,-0.40282857406987255,0
6.01,1,1.793087475114854,2.2140606677576273,0,0.23162659156498164,0.19065445727805447,0
6.02,0,2.334058863773659,1.874887583599709,0,0.29120079367474744,-0.40645060925430659,0
6.02,1,1.7954149032192075,2.2159534872010589,0,0.23385902930573843,0.18790943140826674,0
6.03,0,2.3369456930041994,1.8708052722447188,0,0.28616505243332424,-0.4100116617437029,0
6.03,1,1.7977644952174587,2.2178187229352218,0,0.23605937034452396,0.18513771542434895,0
6.04,0,2.3397819411927951,1.8666876582782568,0,0.28108458528581609,-0.41351113154871738,0
6.04,1,1.8001359285344896,2.2196561098840726,0,0.23822729306163964,0.18233967434577694,0
6.05,0,2.342567164903087,1.8625353604789399,0,0.27596015677251695,-0.41694842831468704,0
6.05,1,1.8025288773984882,2.2214653866414333,0,0.2403624797381114,0.17951567712639005,0
6.06,0,2.3453009283864255,1.8583490034800654,0,0.27079253989516316,-0.4203229714601931,0
6.06,1,1.8049430128802042,2.22324629551016,0,0.24246461660506327,0.17666609661890426,0
6.07,0,2.347982803665829,1.8541292176711957,0,0.26558251598552146,-0.42363419031376598,0
6.07,1,1.8073780029326942,2.2249985825409482,0,0.24453339389293147,0.17379130953878208,0
6.08,0,2.3506123706186139,1.8498766390983834,0,0.26033087457143078,-0.42688152424867704,0
6.08,1,1.8098335124315614,2.2267219975707793,0,0.24656850588050985,0.17089169642745464,0
6.09,0,2.3531892170576727,1.8455919093630613,0,0.25503841324032833,-0.43006442281576301,0
6.09,1,1.8123092032156831,2.2284162942609909,0,0.248569650943818,0.16796764161489203,0
6.1,0,2.3557129388113758,1.8412756755196114,0,0.24970593750029249,-0.43318234587422866,0
6.1,1,1.8148047341284261,2.2300812301349731,0,0.25053653160478273,0.16501953318151774,0
6.11,0,2.3581831398020703,1.8369285899716383,0,0.24433426063863539,-0.43623476372037479,0
6.11,1,1.8173197610593486,2.2317165666154781,0,0.2524688545797239,0.16204776291946327,0
6.12,0,2.3605994321231538,1.8325513103669655,0,0.23892420357808072,-0.43922115721419852,0
6.12,1,1.8198539369863853,2.2333220690615412,0,0.25436633082763477,0.1590527262931592,0
6.13,0,2.3629614361146971,1.8281444994913754,0,0.23347659473056206,-0.44214101790381394,0
6.13,1,1.8224069120185147,2.2348975068050034,0,0.25622867559824763,0.15603482239925912,0
6.14,0,2.3652687804375931,1.823708825161118,0,0.22799226984867962,-0.44499384814764203,0
6.14,1,1.8249783334389054,2.236442653186629,0,0.25805560847987441,0.15299445392589281,0
6.15,0,2.3675211021462106,1.8192449601142082,0,0.22247207187485341,-0.4477791612343186,0
6.15,1,1.8275678457485398,2.2379572855918148,0,0.25984685344701242,0.1499320271112454,0
6.16,0,2.3697180467595258,1.8147535819005354,0,0.21691685078821302,-0.45049648150027094,0
6.16,1,1.8301750907103134,2.2394411854858784,0,0.26160213890770512,0.14684795170145934,0
6.17,0,2.3718592683307134,1.8102353727708094,0,0.21132746344926476,-0.45314534444491372,0
6.17,1,1.8327997073936051,2.2408941384489252,0,0.26332119775064727,0.14374264090785616,0
6.18,0,2.3739444295151717,1.8056910195643676,0,0.20570477344237834,-0.45572529684341601,0
6.18,1,1.8354413322193184,2.2423159342102816,0,0.26500376739202414,0.14061651136347514,0
6.19,0,2.3759732016369641,1.8011212135958656,0,0.20004965091613652,-0.45823589685699195,0
6.19,1,1.8380995990053888,2.2437063666824937,0,0.26664958982207365,0.13746998307892616,0
6.2,0,2.3779452647536528,1.7965266505408772,0,0.19436297242159223,-0.46067671414066852,0
6.2,1,1.8407741390127559,2.2450652339948762,0,0.26825841165136094,0.13430347939755446,0
6.21,0,2.3798603077195031,1.7919080303204316,0,0.18864562074847874,-0.4630473299484848,0
6.21,1,1.8434645809917964,2.2463923385266136,0,0.26982998415675402,0.13111742694991471,0
6.22,0,2.3817180282470427,1.7872660569845087,0,0.18289848475941969,-0.46534733723607802,0
6.22,1,1.8461705512292157,2.2476874869394008,0,0.27136406332708934,0.12791225560755232,0
6.23,0,2.3835181329669508,1.7826014385945252,0,0.17712245922218686,-0.46757634076061266,0
6.23,1,1.8488916735953937,2.2489504902096189,0,0.27286040990851557,0.12468839843609034,0
6.24,0,2.3852603374862622,1.777914887104832,0,0.1713184446400545,-0.46973395717800986,0
6.24,1,1.8516275695921838,2.2501811636600375,0,0.27431878944950455,0.12144629164761984,0
6.25,0,2.386944366444864,1.7732071182432547,0,0.16548734708030041,-0.47181981513743571,0
6.25,1,1.854377858401159,2.2513793269910374,0,0.27573897234551731,0.11818637455239246,0
6.26,0,2.3885699535702698,1.7684788513907026,0,0.15963007800090459,-0.47383355537300748,0
6.26,1,1.8571421569323032,2.2525448043113485,0,0.27712073388331299,0.11490908950981374,0
6.27,0,2.3901368417306519,1.7637308094598743,0,0.15374755407549742,-0.47577483079267846,0
6.27,1,1.8599200798731443,2.2536774241682913,0,0.2784638542848894,0.11161488187873619,0
6.28,0,2.3916447829861123,1.7589637187730895,0,0.14784069701661062,-0.47764330656426301,0
6.28,1,1.8627112397383241,2.2547770195775203,0,0.27976811875104235,0.10830419996705118,0
