t,pid,x,y,z,vx,vy,vz
0,0,3.8999999999999999,0,0,0.5,0,0
0.01,0,3.9049998750031247,3.9999750006249846,0,0.4999750006249844,-0.0049998750031249222,0
0.02,0,3.9099992500312486,3.9999000049998128,0,0.49990000499981252,-0.0099992500312489074,0
0.03,0,3.914997625159367,3.9997750206238596,0,0.49977502062385942,-0.014997625159367266,0
0.04,0,3.9199945005624626,3.9996000599952506,0,0.49960005999525026,-0.019994500562462814,0
0.05,0,3.9249893765654869,3.9993751406096107,0,0.49937514060961052,-0.02498937656548712,0
0.06,0,3.9299817536933266,3.9991002849583168,0,0.49910028495831643,-0.029981753693326754,0
0.07,0,3.9349711327207495,3.9987755205262463,0,0.49877552052624607,-0.034971132720749566,0
0.08,0,3.9399570147223257,3.9984008797890311,0,0.49840087978903069,-0.039957014722325948,0
0.09,0,3.9449389011223199,3.9979764002098079,0,0.49797640020980743,-0.044938901122320137,0
0.1,0,3.9499162937445464,3.9975021242354738,0,0.49750212423547308,-0.049916293744546536,0
0.11,0,3.954888694862186,3.99697809929244,0,0.49697809929243941,-0.054888694862186102,0
0.12,0,3.9598556072475577,3.9964043777818912,0,0.49640437778189067,-0.05985560724755775,0
0.13,0,3.96481653422184,3.995781017074544,0,0.4957810170745437,-0.064816534221839917,0
0.14,0,3.9697709797047374,3.9951080795049112,0,0.49510807950491081,-0.069770979704737196,0
0.15,0,3.9747184482640874,3.9943856323650673,0,0.49438563236506672,-0.074718448264087078,0
0.16,0,3.9796584451654025,3.9936137478979199,0,0.49361374789791929,-0.079658445165402006,0
0.17,0,3.9845904764213418,3.9927925032899863,0,0.49279250328998558,-0.084590476421341529,0
0.18,0,3.98951404884111,3.9919219806636739,0,0.49192198066367332,-0.08951404884110982,0
0.19,0,3.994428670079774,3.9910022670690695,0,0.49100226706906891,-0.094428670079773527,0
0.2,0,3.9993338486874954,3.9900334544752329,0,0.49003345447523255,-0.099333848687495035,0
0.21,0,0.0042290941586768938,3.9890156397610022,0,0.48901563976100171,-0.10422909415867621,0
0.22,0,0.00911391698100842,3.9879489247053037,0,0.48794892470530327,-0.10911391698100772,0
0.23,0,0.013987828684419817,3.9868334159769767,0,0.48683341597697616,-0.11398782868441912,0
0.24,0,0.01885034188992522,3.9856692251241048,0,0.48566922512410443,-0.11885034188992452,0
0.25,0,0.023700970358360059,3.9844564685628634,0,0.48445646856286301,-0.12370097035835936,0
0.26,0,0.028539229039003754,3.9831952675658764,0,0.48319526756587622,-0.12853922903900306,0
0.27,0,0.033364634118083589,3.9818857482500909,0,0.48188574825009078,-0.13336463411808289,0
0.28,0,0.038176703067154864,3.9805280415641646,0,0.48052804156416462,-0.13817670306715416,0
0.29,0,0.042974954691352547,3.9791222832753719,0,0.4791222832753721,-0.14297495469135185,0
0.3,0,0.047758909177509544,3.9776686139560278,0,0.47766861395602778,-0.14775890917750886,0
0.31,0,0.052528088142136831,3.9761671789694297,0,0.47616717896942956,-0.15252808814213614,0
0.32,0,0.057282014679260591,3.9746181284553228,0,0.47461812845532259,-0.1572820146792599,0
0.33,0,0.062020213408111632,3.973021617314886,0,0.47302161731488573,-0.16202021340811093,0
0.34,0,0.066742210520662273,3.971377805195242,0,0.47137780519524186,-0.16674221052066157,0
0.35,0,0.071447533829005955,3.9696868564734937,0,0.46968685647349351,-0.17144753382900524,0
0.36,0,0.076135712812574849,3.9679489402402859,0,0.4679489402402856,-0.17613571281257415,0
0.37,0,0.080806278665190759,3.9661642302828972,0,0.46616423028289677,-0.18080627866519006,0
0.38,0,0.085458764341944549,3.9643329050678617,0,0.46433290506786112,-0.18545876434194386,0
0.39,0,0.090092704605899465,3.9624551477231225,0,0.46245514772312191,-0.19009270460589878,0
0.4,0,0.094707636074613674,3.9605311460197199,0,0.46053114601971934,-0.19470763607461297,0
0.41,0,0.099303097266477347,3.9585610923530146,0,0.4585610923530139,-0.19930309726647663,0
0.42,0,0.10387862864685965,3.9565451837234478,0,0.45654518372344721,-0.20387862864685893,0
0.43,0,0.1084337726740611,3.9544836217168431,0,0.45448362171684259,-0.20843377267406038,0
0.44,0,0.11296807384506655,3.9523766124842474,0,0.45237661248424693,-0.21296807384506583,0
0.45,0,0.11748107874109437,3.9502243667213168,0,0.45022436672131616,-0.21748107874109365,0
0.46,0,0.12197233607293718,3.9480270996472466,0,0.44802709964724602,-0.22197233607293645,0
0.47,0,0.12644139672608967,3.9457850309832514,0,0.4457850309832509,-0.22644139672608893,0
0.48,0,0.13088781380565889,3.9434983849305927,0,0.44349838493059218,-0.23088781380565815,0
0.49,0,0.13531114268105265,3.9411673901481592,0,0.44116739014815864,-0.23531114268105191,0
0.5,0,0.13971094103044146,3.9387922797296016,0,0.43879227972960116,-0.23971094103044072,0
0.51,0,0.14408676888498959,3.9363732911800242,0,0.43637329118002399,-0.24408676888498884,0
0.52,0,0.14843818867285088,3.9339106663922352,0,0.4339106663922348,-0.24843818867285014,0
0.53,0,0.15276476526292485,3.9314046516225565,0,0.43140465162255592,-0.25276476526292407,0
0.54,0,0.15706606600836862,3.9288554974662002,0,0.42885549746619944,-0.25706606600836784,0
0.55,0,0.16134166078986065,3.9262634588322092,0,0.42626345883220829,-0.26134166078985988,0
0.56,0,0.16559112205861151,3.9236287949179669,0,0.42362879491796596,-0.26559112205861074,0
0.57,0,0.16981402487911773,3.9209517691832785,0,0.42095176918327731,-0.26981402487911693,0
0.58,0,0.17400994697165423,3.9182326493240245,0,0.41823264932402349,-0.27400994697165343,0
0.59,0,0.1781784687545013,3.9154717072453935,0,0.41547170724539273,-0.27817846875450053,0
0.6,0,0.18231917338590173,3.9126692190346914,0,0.41266921903469073,-0.28231917338590096,0
0.61,0,0.18643164680574384,3.9098254649337334,0,0.40982546493373251,-0.28643164680574307,0
0.62,0,0.19051547777696659,3.9069407293108198,0,0.40694072931081898,-0.29051547777696585,0
0.63,0,0.1945702579266822,3.9040153006323015,0,0.40401530063230073,-0.29457025792668146,0
0.64,0,0.19859558178701237,3.9010494714337329,0,0.40104947143373226,-0.29859558178701162,0
0.65,0,0.20259104683563411,3.8980435382906196,0,0.39804353829061906,-0.30259104683563337,0
0.66,0,0.20655625353603102,3.8949978017887612,0,0.39499780178876076,-0.30655625353603028,0
0.67,0,0.2104908053774458,3.8919125664941938,0,0.39191256649419337,-0.31049080537744506,0
0.68,0,0.21439430891453043,3.8887881409227338,0,0.38878814092273351,-0.31439430891452969,0
0.69,0,0.21826637380668973,3.8856248375091278,0,0.3856248375091274,-0.31826637380668898,0
0.7,0,0.22210661285711442,3.8824229725758088,0,0.38242297257580837,-0.32210661285711367,0
0.71,0,0.22591464205149978,3.879182866301266,0,0.3791828663012653,-0.32591464205149906,0
0.72,0,0.22969008059644622,3.8759048426880263,0,0.3759048426880256,-0.3296900805964455,0
0.73,0,0.23343255095753762,3.8725892295302562,0,0.37258922953025569,-0.33343255095753693,0
0.74,0,0.23714167889709381,3.869236358380983,0,0.36923635838098257,-0.33714167889709312,0
0.75,0,0.24081709351159342,3.8658465645189395,0,0.36584656451893915,-0.34081709351159273,0
0.76,0,0.2444584272687633,3.8624201869150379,0,0.36242018691503736,-0.34445842726876263,0
0.77,0,0.24806531604433085,3.8589575681984725,0,0.35895756819847191,-0.34806531604433016,0
0.78,0,0.25163739915843553,3.8554590546224587,0,0.35545905462245808,-0.35163739915843484,0
0.79,0,0.25517431941169583,3.851924996029608,0,0.35192499602960742,-0.35517431941169514,0
0.8,0,0.25867572312092857,3.8483557458169448,0,0.34835574581694428,-0.35867572312092788,0
0.81,0,0.26214126015451611,3.8447516609005676,0,0.34475166090056708,-0.36214126015451542,0
0.82,0,0.26557058396741873,3.8411131016799578,0,0.3411131016799574,-0.36557058396741804,0
0.83,0,0.26896335163582824,3.8374404320019417,0,0.33744043200194118,-0.36896335163582755,0
0.84,0,0.27231922389145946,3.8337340191243054,0,0.33373401912430473,-0.37231922389145877,0
0.85,0,0.27563786515547634,3.8299942336790709,0,0.32999423367907005,-0.37563786515547565,0
0.86,0,0.27891894357204883,3.8262214496354332,0,0.32622144963543243,-0.37891894357204814,0
0.87,0,0.28216213104153781,3.8224160442623654,0,0.32241604426236448,-0.38216213104153712,0
0.88,0,0.28536710325330411,3.8185783980908909,0,0.31857839809089028,-0.38536710325330342,0
0.89,0,0.28853353971813872,3.8147088948760337,0,0.3147088948760331,-0.38853353971813803,0
0.9,0,0.29166112380031112,3.8108079215584416,0,0.31080792155844084,-0.39166112380031043,0
0.91,0,0.29474954274923176,3.8068758682256938,0,0.30687586822569313,-0.39474954274923107,0
0.92,0,0.2977984877307267,3.802913128073294,0,0.30291312807329335,-0.39779848773072601,0
0.93,0,0.30080765385791991,3.7989200973653507,0,0.29892009736535013,-0.40080765385791922,0
0.94,0,0.30377674022172141,3.7948971753949525,0,0.29489717539495192,-0.40377674022172072,0
0.95,0,0.30670544992091736,3.7908447644442393,0,0.29084476444423873,-0.40670544992091667,0
0.96,0,0.30959349009185944,3.7867632697441755,0,0.28676326974417488,-0.40959349009185875,0
0.97,0,0.31244057193775043,3.7826530994340275,0,0.28265309943402683,-0.41244057193774974,0
0.98,0,0.3152464107575233,3.778514664520551,0,0.27851466452055046,-0.41524641075752261,0
0.99,0,0.31801072597431052,3.7743483788368919,0,0.27434837883689128,-0.41801072597430983,0
1,0,0.32073324116350099,3.7701546590012027,0,0.27015465900120222,-0.4207332411635003,0
1.01,0,0.3234136840803819,3.7659339243749832,0,0.26593392437498281,-0.42341368408038121,0
1.02,0,0.32605178668736251,3.7616865970211446,0,0.26168659702114411,-0.42605178668736182,0
1.03,0,0.32864728518077724,3.757413101661804,0,0.25741310166180342,-0.42864728518077655,0
1.04,0,0.33119992001726534,3.7531138656358136,0,0.25311386563581323,-0.43119992001726465,0
1.05,0,0.33370943593972452,3.7487893188560286,0,0.24878931885602829,-0.43370943593972383,0
1.06,0,0.33617558200283626,3.7444398937663159,0,0.24443989376631547,-0.43617558200283557,0
1.07,0,0.33859811159815939,3.7400660252983111,0,0.2400660252983105,-0.4385981115981587,0
1.08,0,0.3409767824787906,3.7356681508279266,0,0.23566815082792575,-0.44097678247878991,0
1.09,0,0.34331135678358832,3.7312467101316149,0,0.23124671013161385,-0.44331135678358763,0
1.1,0,0.34560160106095833,3.7268021453423921,0,0.22680214534239113,-0.44560160106095764,0
1.11,0,0.34784728629219841,3.7223349009056261,0,0.22233490090562535,-0.44784728629219772,0
1.12,0,0.35004818791439951,3.7178454235345932,0,0.21784542353459238,-0.45004818791439882,0
1.13,0,0.35220408584290153,3.7133341621658067,0,0.21333416216580589,-0.45220408584290084,0
1.14,0,0.35431476449330118,3.7088015679141257,0,0.20880156791412488,-0.45431476449330049,0
1.15,0,0.35638001280301002,3.7042480940276441,0,0.20424809402764332,-0.45638001280300933,0
1.16,0,0.35839962425236005,3.6996741958423671,0,0.19967419584236648,-0.45839962425235936,0
1.17,0,0.36037339688525527,3.6950803307366789,0,0.19508033073667841,-0.46037339688525458,0
1.18,0,0.3623011333293667,3.6904669580856058,0,0.19046695808560532,-0.46230113332936601,0
1.19,0,0.3641826408158691,3.6858345392148797,0,0.18583453921487914,-0.46418264081586841,0
1.2,0,0.3660177311987175,3.6811835373548067,0,0.18118353735480622,-0.46601773119871681,0
1.21,0,0.36780622097346127,3.6765144175939457,0,0.17651441759394534,-0.46780622097346058,0
1.22,0,0.36954793129559399,3.6718276468326003,0,0.17182764683260007,-0.4695479312955933,0
1.23,0,0.37124268799843763,3.66712369373613,0,0.16712369373612992,-0.47124268799843694,0
1.24,0,0.37289032161055868,3.6624030286880851,0,0.16240302868808495,-0.472890321610558,0
1.25,0,0.37449066737271497,3.6576661237431689,0,0.1576661237431686,-0.47449066737271428,0
1.26,0,0.37604356525433097,3.6529134525800337,0,0.15291345258003339,-0.47604356525433028,0
1.27,0,0.37754885996950072,3.6481454904539148,0,0.14814549045391423,-0.47754885996950003,0
1.28,0,0.37900640099251581,3.6433627141491045,0,0.14336271414910415,-0.47900640099251512,0
1.29,0,0.38041604257291772,3.6385656019312775,0,0.13856560193127698,-0.48041604257291703,0
1.3,0,0.38177764375007239,3.6337546334996627,0,0.13375463349966205,-0.4817776437500717,0
1.31,0,0.38309106836726609,3.6289302899390758,0,0.12893028993907535,-0.4830910683672654,0
1.32,0,0.38435618508532055,3.624093053671813,0,0.12409305367181242,-0.48435618508531986,0
1.33,0,0.38557286739572666,3.6192434084094076,0,0.1192434084094072,-0.48557286739572597,0
1.34,0,0.386740993633295,3.6143818391042624,0,0.1143818391042621,-0.48674099363329432,0
1.35,0,0.38786044698832206,3.6095088319011541,0,0.10950883190115401,-0.48786044698832137,0
1.36,0,0.38893111551827092,3.6046248740886213,0,0.10462487408862106,-0.48893111551827023,0
1.37,0,0.38995289215896523,3.5997304540502353,0,0.099730454050234882,-0.48995289215896454,0
1.38,0,0.39092567473529521,3.5948260612157639,0,0.094826061215763591,-0.49092567473529453,0
1.39,0,0.39184936597143516,3.5899121860122301,0,0.089912186012229944,-0.49184936597143447,0
1.4,0,0.39272387350057064,3.5849893198148699,0,0.084989319814869929,-0.49272387350056995,0
1.41,0,0.39354910987413499,3.5800579548979963,0,0.080057954897996414,-0.49354910987413431,0
1.42,0,0.39432499257055387,3.5751185843857729,0,0.075118584385772971,-0.49432499257055318,0
1.43,0,0.39505144400349723,3.5701717022029027,0,0.070171702202902725,-0.49505144400349654,0
1.44,0,0.39572839152963796,3.5652178030252371,0,0.065217803025237053,-0.49572839152963727,0
1.45,0,0.39635576745591566,3.5602573822303092,0,0.060257382230309291,-0.49635576745591498,0
1.46,0,0.3969335090463062,3.5552909358477982,0,0.055290935847798185,-0.49693350904630551,0
1.47,0,0.39746155852809484,3.5503189605099261,0,0.050318960509926187,-0.49746155852809415,0
1.48,0,0.39793986309765345,3.5453419534017976,0,0.045341953401797454,-0.49793986309765276,0
1.49,0,0.39836837492572086,3.5403604122116805,0,0.040360412211680588,-0.49836837492572017,0
1.5,0,0.39874705116218545,3.5353748350812411,0,0.035374835081241063,-0.49874705116218476,0
1.51,0,0.39907585394037032,3.5303857205557283,0,0.030385720555728291,-0.49907585394036963,0
1.52,0,0.39935475038081958,3.5253935675341221,0,0.025393567534122349,-0.49935475038081889,0
1.53,0,0.39958371259458642,3.5203988752192452,0,0.020398875219245327,-0.49958371259458573,0
1.54,0,0.39976271768602184,3.5154021430678424,0,0.015402143067842293,-0.49976271768602115,0
1.55,0,0.39989174775506425,3.5104038707406371,0,0.010403870740636869,-0.49989174775506356,0
1.56,0,0.39997078989902929,3.5054045580523665,0,0.0054045580523664075,-0.4999707898990286,0
1.57,0,0.39999983621390012,3.5004047049218019,0,0.00040470492180176652,-0.49999983621389943,0
1.58,0,0.39997888379511792,3.4954048113217566,0,-0.0045951886782433166,-0.49997888379511723,0
1.59,0,0.39990793473787217,3.4904053772290915,0,-0.0095946227709082614,-0.49990793473787148,0
1.6,0,0.39978699613689123,3.4854069025747179,0,-0.014593097425282073,-0.49978699613689054,0
1.61,0,0.39961608008573285,3.4804098871936047,0,-0.019590112806395187,-0.49961608008573216,0
1.62,0,0.39939520367557485,3.4754148307747981,0,-0.024585169225201719,-0.49939520367557416,0
1.63,0,0.39912438899350611,3.4704222328114525,0,-0.029577767188547117,-0.49912438899350542,0
1.64,0,0.39880366312031779,3.4654325925508833,0,-0.034567407449116232,-0.4988036631203171,0
1.65,0,0.39843305812779545,3.4604464089446427,0,-0.039553591055356788,-0.49843305812779476,0
1.66,0,0.39801261107551178,3.4554641805986264,0,-0.044535819401373314,-0.49801261107551109,0
1.67,0,0.39754236400712101,3.4504864057232134,0,-0.04951359427678647,-0.49754236400712032,0
1.68,0,0.39702236394615431,3.4455135820834468,0,-0.054486417916552843,-0.49702236394615362,0
1.69,0,0.39645266289131786,3.4405462069492594,0,-0.059453793050740195,-0.49645266289131718,0
1.7,0,0.39583331781129288,3.4355847770457464,0,-0.06441522295425324,-0.4958333178112922,0
1.71,0,0.39516439063903908,3.4306297885034946,0,-0.069370211496504894,-0.49516439063903839,0
1.72,0,0.39444594826560142,3.4256817368089716,0,-0.074318263191028092,-0.49444594826560073,0
1.73,0,0.39367806253342119,3.4207411167549764,0,-0.079258883245023198,-0.4936780625334205,0
1.74,0,0.39286081022915187,3.4158084223911636,0,-0.084191577608836055,-0.49286081022915118,0
1.75,0,0.39199427307598089,3.410884146974638,0,-0.089115853025361708,-0.4919942730759802,0
1.76,0,0.39107853772545725,3.4059687829206307,0,-0.094031217079368887,-0.49107853772545657,0
1.77,0,0.39011369574882671,3.4010628217532592,0,-0.098937178246740295,-0.49011369574882602,0
1.78,0,0.38909984362787486,3.3961667540563756,0,-0.10383324594362379,-0.48909984362787418,0
1.79,0,0.38803708274527932,3.3912810694245099,0,-0.10871893057548956,-0.48803708274527863,0
1.8,0,0.38692551937447145,3.386406256413911,0,-0.11359374358608831,-0.48692551937447076,0
1.81,0,0.38576526466900946,3.3815428024936938,0,-0.11845719750630571,-0.48576526466900877,0
1.82,0,0.38455643465146339,3.3766911939970914,0,-0.12330880600290807,-0.4845564346514627,0
1.83,0,0.38329915020181299,3.3718519160728251,0,-0.12814808392717444,-0.4832991502018123,0
1.84,0,0.38199353704536004,3.367025452636589,0,-0.1329745473634103,-0.48199353704535935,0
1.85,0,0.38063972574015631,3.3622122863226616,0,-0.13778771367733789,-0.48063972574015562,0
1.86,0,0.37923785166394786,3.3574128984356411,0,-0.14258710156435839,-0.47923785166394711,0
1.87,0,0.37778805500063767,3.3526277689023183,0,-0.1473722310976813,-0.47778805500063692,0
1.88,0,0.3762904807262677,3.3478573762236836,0,-0.15214262377631582,-0.47629048072626695,0
1.89,0,0.3747452785945215,3.3431021974270796,0,-0.15689780257291977,-0.47474527859452076,0
1.9,0,0.37315260312174942,3.3383627080184981,0,-0.16163729198150112,-0.47315260312174867,0
1.91,0,0.37151261357151705,3.3336393819350318,0,-0.16636061806496744,-0.4715126135715163,0
1.92,0,0.36982547393867959,3.3289326914974811,0,-0.17106730850251842,-0.46982547393867885,0
1.93,0,0.36809135293298262,3.3242431073631229,0,-0.17575689263687672,-0.46809135293298187,0
1.94,0,0.36631042396219149,3.3195710984786468,0,-0.18042890152135257,-0.46631042396219075,0
1.95,0,0.36448286511475103,3.314917132033262,0,-0.18508286796673729,-0.46448286511475029,0
1.96,0,0.36260885914197721,3.3102816734119784,0,-0.18971832658802093,-0.46260885914197647,0
1.97,0,0.36068859343978243,3.3056651861490698,0,-0.19433481385092971,-0.46068859343978169,0
1.98,0,0.3587222600299364,3.301068131881721,0,-0.19893186811827829,-0.45872226002993566,0
1.99,0,0.35671005554086432,3.296490970303867,0,-0.20350902969613227,-0.45671005554086358,0
2,0,0.35465218118798481,3.2919341591202227,0,-0.2080658408797765,-0.45465218118798406,0
2.01,0,0.3525488427535885,3.287398154000515,0,-0.21260184599948437,-0.45254884275358775,0
2.02,0,0.35040025056626067,3.282883408533916,0,-0.21711659146608361,-0.45040025056625993,0
2.03,0,0.34820661947984871,3.2783903741836853,0,-0.22160962581631416,-0.44820661947984797,0
2.04,0,0.34596816885197729,3.2739195002420263,0,-0.22608049975797329,-0.44596816885197654,0
2.05,0,0.3436851225221132,3.2694712337851559,0,-0.23052876621484372,-0.44368512252211245,0
2.06,0,0.34135770878918198,3.2650460196285995,0,-0.2349539803714002,-0.44135770878918124,0
2.07,0,0.33898616038873852,3.2606443002827099,0,-0.23935569971728979,-0.43898616038873778,0
2.08,0,0.33657071446969417,3.2562665159084179,0,-0.24373348409158194,-0.43657071446969342,0
2.09,0,0.33411161257060235,3.2519131042732163,0,-0.24808689572678341,-0.4341116125706016,0
2.1,0,0.33160910059550536,3.247584500707386,0,-0.25241549929261392,-0.43160910059550461,0
2.11,0,0.32906342878934458,3.2432811380604618,0,-0.25671886193953819,-0.42906342878934384,0
2.12,0,0.32647485171293666,3.2390034466579505,0,-0.26099655334204958,-0.42647485171293592,0
2.13,0,0.32384362821751789,3.234751854258298,0,-0.26524814574170186,-0.42384362821751714,0
2.14,0,0.32117002141885997,3.2305267860101163,0,-0.26947321398988372,-0.42117002141885923,0
2.15,0,0.31845429867095887,3.2263286644096674,0,-0.2736713355903328,-0.41845429867095812,0
2.16,0,0.31569673153930028,3.2221579092586161,0,-0.27784209074138411,-0.41569673153929954,0
2.17,0,0.31289759577370363,3.2180149376220513,0,-0.28198506237794912,-0.41289759577370289,0
2.18,0,0.31005717128074778,3.213900163786779,0,-0.28609983621322138,-0.41005717128074703,0
2.19,0,0.30717574209578113,3.2098139992198962,0,-0.29018600078010404,-0.40717574209578039,0
2.2,0,0.30425359635451882,3.2057568525276445,0,-0.29424314747235553,-0.40425359635451807,0
2.21,0,0.30129102626422977,3.2017291294145509,0,-0.29827087058544927,-0.40129102626422902,0
2.22,0,0.29828832807451683,3.1977312326428571,0,-0.30226876735714298,-0.39828832807451608,0
2.23,0,0.29524580204769235,3.1937635619922462,0,-0.30623643800775402,-0.39524580204769161,0
2.24,0,0.29216375242875292,3.1898265142198641,0,-0.31017348578013626,-0.39216375242875218,0
2.25,0,0.28904248741495547,3.1859204830206456,0,-0.31407951697935477,-0.38904248741495473,0
2.26,0,0.28588231912499845,3.1820458589879457,0,-0.31795414101205455,-0.38588231912499771,0
2.27,0,0.2826835635678106,3.1782030295744814,0,-0.32179697042551858,-0.38268356356780986,0
2.28,0,0.27944654061095092,3.1743923790535877,0,-0.32560762094641238,-0.37944654061095018,0
2.29,0,0.27617157394862279,3.17061428848079,0,-0.32938571151921026,-0.37617157394862205,0
2.3,0,0.27285899106930522,3.1668691356557002,0,-0.33313086434429989,-0.37285899106930448,0
2.31,0,0.26950912322300491,3.1631572950842388,0,-0.33684270491576146,-0.36950912322300417,0
2.32,0,0.26612230538813203,3.1594791379411831,0,-0.34052086205881715,-0.36612230538813129,0
2.33,0,0.2626988762380032,3.1558350320330524,0,-0.34416496796694784,-0.36269887623800245,0
2.34,0,0.25923917810697511,3.1522253417613273,0,-0.34777465823867271,-0.35923917810697437,0
2.35,0,0.25574355695621181,3.1486504280860115,0,-0.35134957191398863,-0.35574355695621107,0
2.36,0,0.25221236233908956,3.1451106484895348,0,-0.35488935151046513,-0.35221236233908881,0
2.37,0,0.24864594736624226,3.1416063569410082,0,-0.3583936430589918,-0.34864594736624155,0
2.38,0,0.24504466867025143,3.1381379038608257,0,-0.36186209613917425,-0.34504466867025074,0
2.39,0,0.24140888636998367,3.1347056360856245,0,-0.36529436391437542,-0.34140888636998301,0
2.4,0,0.23773896403457981,3.1313098968336015,0,-0.36869010316639822,-0.33773896403457915,0
2.41,0,0.23403526864709878,3.127951025670193,0,-0.3720489743298066,-0.33403526864709815,0
2.42,0,0.23029817056782034,3.1246293584741185,0,-0.37537064152588118,-0.33029817056781974,0
2.43,0,0.2265280434972099,3.1213452274037934,0,-0.37865477259620633,-0.32652804349720932,0
2.44,0,0.22272526443854945,3.1180989608641148,0,-0.38190103913588513,-0.32272526443854888,0
2.45,0,0.21889021366023814,3.1148908834736209,0,-0.38510911652637908,-0.31889021366023756,0
2.46,0,0.21502327465776641,3.1117213160320309,0,-0.38827868396796911,-0.31502327465776581,0
2.47,0,0.21112483411536739,3.1085905754881651,0,-0.39140942451183475,-0.31112483411536679,0
2.48,0,0.20719528186734948,3.1054989749082513,0,-0.39450102509174834,-0.30719528186734885,0
2.49,0,0.20323501085911383,3.1024468234446192,0,-0.39755317655538064,-0.3032350108591132,0
2.5,0,0.19924441710786084,3.0994344263047844,0,-0.4005655736952155,-0.29924441710786021,0
2.51,0,0.19522389966298942,3.0964620847209301,0,-0.40353791527906974,-0.29522389966298879,0
2.52,0,0.19117386056619298,3.093530095919784,0,-0.40646990408021566,-0.29117386056619238,0
2.53,0,0.1870947048112564,3.0906387530928967,0,-0.4093612469071029,-0.28709470481125576,0
2.54,0,0.1829868403035575,3.0877883453673225,0,-0.41221165463267695,-0.28298684030355686,0
2.55,0,0.17885067781927766,3.0849791577767083,0,-0.41502084222329111,-0.27885067781927703,0
2.56,0,0.17468663096432516,3.0822114712327902,0,-0.41778852876720912,-0.27468663096432455,0
2.57,0,0.17049511613297563,3.0794855624973039,0,-0.42051443750269563,-0.27049511613297506,0
2.58,0,0.16627655246623368,3.0768017041543079,0,-0.42319829584569169,-0.26627655246623311,0
2.59,0,0.16203136180991987,3.0741601645829273,0,-0.42583983541707243,-0.26203136180991926,0
2.6,0,0.15775996867248709,3.0715612079305155,0,-0.42843879206948449,-0.25775996867248646,0
2.61,0,0.15346280018257089,3.0690050940862403,0,-0.43099490591375977,-0.25346280018257022,0
2.62,0,0.14914028604627758,3.066492078655096,0,-0.43350792134490401,-0.24914028604627692,0
2.63,0,0.14479285850421478,3.0640224129323435,0,-0.43597758706765649,-0.24479285850421412,0
2.64,0,0.1404209522882684,3.0615963438783811,0,-0.43840365612161891,-0.24042095228826774,0
2.65,0,0.13602500457813055,3.0592141140940492,0,-0.44078588590595091,-0.23602500457812989,0
2.66,0,0.13160545495758263,3.0568759617963708,0,-0.4431240382036295,-0.23160545495758197,0
2.67,0,0.12716274537053815,3.0545821207947301,0,-0.4454178792052701,-0.22716274537053749,0
2.68,0,0.12269732007684926,3.0523328204674933,0,-0.44766717953250701,-0.22269732007684861,0
2.69,0,0.11820962560788208,3.0501282857390697,0,-0.44987171426093064,-0.21820962560788143,0
2.7,0,0.11370011072186453,3.0479687370574209,0,-0.45203126294257939,-0.21370011072186387,0
2.71,0,0.10916922635901172,3.0458543903720163,0,-0.45414560962798378,-0.20916922635901106,0
2.72,0,0.104617425596433,3.0437854571122389,0,-0.45621454288776098,-0.20461742559643234,0
2.73,0,0.10004516360282541,3.0417621441662428,0,-0.45823785583375726,-0.20004516360282476,0
2.74,0,0.095452897592957942,3.0397846538602638,0,-0.46021534613973619,-0.19545289759295728,0
2.75,0,0.090841086781951214,3.0378531839383891,0,-0.46214681606161073,-0.19084108678195055,0
2.76,0,0.086210192339357075,3.0359679275427824,0,-0.46403207245721728,-0.1862101923393564,0
2.77,0,0.081560677343042842,3.0341290731943706,0,-0.46587092680562925,-0.18156067734304215,0
2.78,0,0.076893006732884656,3.0323368047739909,0,-0.46766319522600885,-0.17689300673288397,0
2.79,0,0.072207647264274644,3.0305913015040051,0,-0.46940869849599465,-0.17220764726427396,0
2.8,0,0.06750506746144655,3.0288927379303767,0,-0.47110726206962322,-0.16750506746144586,0
2.81,0,0.062785737570624514,3.0272412839052163,0,-0.47275871609478359,-0.16278573757062384,0
2.82,0,0.058050129512999586,3.0256371045697983,0,-0.47436289543020171,-0.1580501295129989,0
2.83,0,0.053298716837538805,3.0240803603380457,0,-0.47591963966195439,-0.15329871683753812,0
2.84,0,0.048531974673631482,3.0225712068804897,0,-0.47742879311951025,-0.1485319746736308,0
2.85,0,0.043750379683577451,3.0211097951087038,0,-0.4788902048912963,-0.14375037968357676,0
2.86,0,0.038954410014922024,3.0196962711602113,0,-0.48030372883978878,-0.13895441001492134,0
2.87,0,0.034144545252642447,3.0183307763838734,0,-0.48166922361612657,-0.13414454525264177,0
2.88,0,0.029321266371190584,3.0170134473257542,0,-0.48298655267424573,-0.1293212663711899,0
2.89,0,0.024485055686396688,3.0157444157154663,0,-0.48425558428453364,-0.12448505568639601,0
2.9,0,0.019636396807239012,3.0145238084529979,0,-0.48547619154700183,-0.11963639680723832,0
2.91,0,0.014775774587484126,3.0133517475960243,0,-0.48664825240397547,-0.11477577458748343,0
2.92,0,0.0099036750772027535,3.012228350347701,0,-0.48777164965229891,-0.10990367507720206,0
2.93,0,0.0050205854741659801,3.0111537290449442,0,-0.48884627095505573,-0.10502058547416529,0
2.94,0,0.00012699407512669052,3.0101279911471979,0,-0.48987200885280219,-0.100126994075126,0
2.95,0,3.9952233902269909,3.0091512392256874,0,-0.49084876077431278,-0.095223390226990418,0
2.96,0,3.9903102642778854,3.0082235709531631,0,-0.49177642904683716,-0.090310264277884661,0
2.97,0,3.9853881075281219,3.007345079094133,0,-0.49265492090586721,-0.085388107528121135,0
2.98,0,3.9804574121810705,3.0065158514955872,0,-0.49348414850441319,-0.080457412181069735,0
2.99,0,3.9755186712939397,3.0057359710782121,0,-0.49426402892178822,-0.07551867129393873,0
3,0,3.970572378728471,3.0050055158280999,0,-0.49499448417190028,-0.070572378728470289,0
3.01,0,3.9656190291015561,3.0043245587889498,0,-0.49567544121105039,-0.065619029101555537,0
3.02,0,3.9606591177357746,3.0036931680547632,0,-0.49630683194523706,-0.0606591177357741,0
3.03,0,3.9556931406098634,3.0031114067630349,0,-0.49688859323696527,-0.055693140609863086,0
3.04,0,3.9507215943091207,3.0025793330884398,0,-0.49742066691156017,-0.05072159430912046,0
3.05,0,3.9457449759757481,3.0020970002370153,0,-0.49790299976298452,-0.04574497597574774,0
3.06,0,3.9407637832591376,3.001664456440841,0,-0.49833554355915893,-0.040763783259137022,0
3.07,0,3.9357785142661079,3.0012817449532148,0,-0.49871825504678513,-0.0357785142661073,0
3.08,0,3.9307896675110956,3.0009489040443289,0,-0.49905109595567115,-0.03078966751109502,0
3.09,0,3.9257977418663046,3.0006659669974418,0,-0.49933403300255813,-0.025797741866303875,0
3.1,0,3.9208032365118197,3.0004329621055512,0,-0.49956703789444873,-0.02080323651181884,0
3.11,0,3.9158066508856901,3.0002499126685636,0,-0.49975008733143628,-0.015806650885689416,0
3.12,0,3.9108084846339879,3.0001168369909652,0,-0.49988316300903468,-0.010808484633987061,0
3.13,0,3.9058092375608426,3.000033748379991,0,-0.49996625162000885,-0.0058092375608418435,0
3.14,0,3.9008094095784642,3.0000006551442944,0,-0.49999934485570535,-0.00080940957846327259,0
3.15,0,3.8958095006571511,3.0000175605931161,0,-0.49998243940688342,0.0041904993428496717,0
3.16,0,3.8908100107752963,3.0000844630359538,0,-0.49991553696404567,0.0091899892247043168,0
3.17,0,3.8858114398693897,3.0002013557827305,0,-0.49979864421726911,0.014188560130610891,0
3.18,0,3.8808142877840255,3.0003682271444636,0,-0.49963177285553617,0.019185712215974919,0
3.19,0,3.8758190542219202,3.000585060434434,0,-0.49941493956556587,0.024180945778080429,0
3.2,0,3.8708262386939416,3.0008518339698544,0,-0.49914816603014517,0.029173761306058983,0
3.21,0,3.8658363404691611,3.0011685210740389,0,-0.49883147892596069,0.03416365953083951,0
3.22,0,3.8608498585249267,3.0015350900790683,0,-0.49846490992093112,0.039150141475073973,0
3.23,0,3.8558672914969669,3.0019515043289586,0,-0.49804849567104059,0.04413270850303383,0
3.24,0,3.8508891376295282,3.0024177221833264,0,-0.49758227781667308,0.049110862370472401,0
3.25,0,3.8459158947255525,3.0029336970215508,0,-0.4970663029784485,0.054084105274448006,0
3.26,0,3.8409480600968973,3.0034993772474383,0,-0.49650062275256074,0.059051939903103055,0
3.27,0,3.8359861305146064,3.0041147062943807,0,-0.49588529370561824,0.064013869485393948,0
3.28,0,3.8310306021592333,3.0047796226310117,0,-0.49522037736898744,0.068969397840766972,0
3.29,0,3.826081970571225,3.0054940597673596,0,-0.49450594023263972,0.073918029428775109,0
3.3,0,3.8211407306013694,3.0062579462614964,0,-0.49374205373850266,0.078859269398630819,0
3.31,0,3.8162073763613105,3.0070712057266831,0,-0.49292879427331604,0.083792623638689917,0
3.32,0,3.8112824011741391,3.0079337568390057,0,-0.49206624316099329,0.088717598825861471,0
3.33,0,3.8063662975250616,3.0088455133455096,0,-0.4911544866544893,0.093633702474938879,0
3.34,0,3.8014595570121532,3.0098063840728235,0,-0.49019361592717536,0.098540442987847199,0
3.35,0,3.7965626702971988,3.0108162729362768,0,-0.4891837270637221,0.10343732970280169,0
3.36,0,3.7916761270566277,3.0118750789495077,0,-0.48812492105049121,0.10832387294337276,0
3.37,0,3.7868004159325479,3.0129826962345616,0,-0.48701730376543706,0.1131995840674524,0
3.38,0,3.7819360244838833,3.0141390140324793,0,-0.4858609859675192,0.11806397551611718,0
3.39,0,3.7770834391376176,3.0153439167143716,0,-0.4846560832856267,0.12291656086238291,0
3.4,0,3.7722431451401546,3.0165972837929829,0,-0.48340271620701558,0.12775685485984611,0
3.41,0,3.767415626508793,3.0178989899347379,0,-0.48210101006526029,0.1325843734912075,0
3.42,0,3.7626013659833282,3.0192489049722773,0,-0.4807510950277209,0.13739863401667241,0
3.43,0,3.7578008449777771,3.0206468939174718,0,-0.4793531060825264,0.14219915502222363,0
3.44,0,3.7530145435322391,3.0220928169749217,0,-0.47790718302507645,0.14698545646776165,0
3.45,0,3.7482429402648934,3.0235865295559359,0,-0.47641347044406213,0.15175705973510734,0
3.46,0,3.7434865123241381,3.0251278822929906,0,-0.47487211770700727,0.15651348767586268,0
3.47,0,3.7387457353408764,3.0267167210546657,0,-0.47328327894533234,0.16125426465912437,0
3.48,0,3.7340210833809548,3.0283528869610565,0,-0.47164711303894147,0.16597891661904574,0
3.49,0,3.7293130288977583,3.030036216399663,0,-0.46996378360033503,0.17068697110224212,0
3.5,0,3.7246220426849654,3.0317665410417494,0,-0.46823345895824864,0.17537795731503505,0
3.51,0,3.7199485938294701,3.0335436878591771,0,-0.46645631214082078,0.18005140617053039,0
3.52,0,3.7152931496644745,3.0353674791417071,0,-0.46463252085829049,0.18470685033552595,0
3.53,0,3.710656175722757,3.0372377325147708,0,-0.46276226748522664,0.18934382427724353,0
3.54,0,3.7060381356901195,3.0391542609577065,0,-0.46084573904229104,0.1939618643098811,0
3.55,0,3.7014394913590203,3.0411168728224607,0,-0.45888312717753671,0.19856050864098024,0
3.56,0,3.6968607025823963,3.0431253718527538,0,-0.45687462814724378,0.20313929741760414,0
3.57,0,3.6923022272276786,3.0451795572037033,0,-0.45482044279629413,0.20769777277232182,0
3.58,0,3.6877645211310068,3.0472792234619099,0,-0.45272077653808757,0.21223547886899374,0
3.59,0,3.6832480380516466,3.0494241606659966,0,-0.45057583933400081,0.21675196194835419,0
3.6,0,3.6787532296266146,3.0516141543276052,0,-0.44838584567239209,0.22124677037338616,0
3.61,0,3.6742805453255167,3.0538489854528446,0,-0.44615101454715272,0.2257194546744839,0
3.62,0,3.6698304324056021,3.0561284305641889,0,-0.4438715694358083,0.23016956759439872,0
3.63,0,3.6654033358670373,3.0584522617228256,0,-0.44154773827717148,0.23459666413296362,0
3.64,0,3.6609996984084088,3.0608202465514482,0,-0.4391797534485487,0.23900030159159222,0
3.65,0,3.6566199603824536,3.063232148257494,0,-0.43676785174250299,0.24338003961754748,0
3.66,0,3.6522645597520254,3.0656877256568218,0,-0.43431227434317538,0.24773544024797586,0
3.67,0,3.6479339320462985,3.0681867331978303,0,-0.43181326680216697,0.25206606795370257,0
3.68,0,3.6436285103172179,3.0707289209860127,0,-0.42927107901398454,0.25637148968278334,0
3.69,0,3.6393487250961929,3.0733140348089458,0,-0.42668596519105156,0.26065127490380852,0
3.7,0,3.6350950043510464,3.0759418161617096,0,-0.42405818383828775,0.2649049956489552,0
3.71,0,3.6308677734432186,3.0786120022727381,0,-0.42138799772725904,0.26913222655678293,0
3.72,0,3.6266674550852329,3.0813243261300958,0,-0.41867567386990129,0.27333254491476872,0
3.73,0,3.6224944692984242,3.0840785165081774,0,-0.41592148349181957,0.2775055307015773,0
3.74,0,3.6183492333709393,3.0868742979948305,0,-0.41312570200516635,0.28165076662906224,0
3.75,0,3.614232161816008,3.0897113910188958,0,-0.41028860898110109,0.28576783818399359,0
3.76,0,3.6101436663304933,3.0925895118781632,0,-0.40741048812183356,0.28985633366950825,0
3.77,0,3.6060841557537229,3.0955083727677422,0,-0.40449162723225462,0.2939158442462787,0
3.78,0,3.602054036026606,3.0984676818088404,0,-0.40153231819115626,0.29794596397339573,0
3.79,0,3.5980537101510399,3.1014671430779521,0,-0.39853285692204449,0.30194628984896171,0
3.8,0,3.5940835781496121,3.1045064566364489,0,-0.39549354336354775,0.3059164218503897,0
3.81,0,3.5901440370255973,3.1075853185605729,0,-0.39241468143942376,0.30985596297440454,0
3.82,0,3.5862354807232593,3.1107034209718285,0,-0.38929657902816805,0.31376451927674248,0
3.83,0,3.5823583000884573,3.1138604520677697,0,-0.3861395479322266,0.31764169991154445,0
3.84,0,3.5785128828295623,3.1170560961531795,0,-0.3829439038468167,0.32148711717043965,0
3.85,0,3.5746996134786864,3.1202900336716382,0,-0.37970996632835791,0.32530038652131554,0
3.86,0,3.5709188733532318,3.1235619412374787,0,-0.37643805876251746,0.32908112664676992,0
3.87,0,3.5671710405177599,3.1268714916681235,0,-0.37312850833187239,0.33282895948224189,0
3.88,0,3.5634564897461845,3.1302183540168036,0,-0.36978164598319208,0.33654351025381724,0
3.89,0,3.5597755924842969,3.1336021936056513,0,-0.36639780639434444,0.34022440751570493,0
3.9,0,3.556128716812621,3.1370226720591665,0,-0.36297732794082899,0.34387128318738081,0
3.91,0,3.5525162274096069,3.1404794473380555,0,-0.35952055266194011,0.34748377259039465,0
3.92,0,3.5489384855151642,3.1439721737734319,0,-0.35602782622656393,0.35106151448483719,0
3.93,0,3.5453958488945383,3.1475005021013835,0,-0.3524994978986124,0.35460415110546306,0
3.94,0,3.5418886718025346,3.1510640794978984,0,-0.34893592050209776,0.35811132819746661,0
3.95,0,3.5384173049480947,3.1546625496141454,0,-0.3453374503858509,0.36158269505190632,0
3.96,0,3.5349820954592261,3.1582955526121088,0,-0.34170444738788747,0.36501790454077504,0
3.97,0,3.5315833868482898,3.1619627252005711,0,-0.33803727479942502,0.36841661315171159,0
3.98,0,3.52822151897765,3.1656637006714412,0,-0.33433629932855469,0.3717784810223515,0
3.99,0,3.5248968280256894,3.1693981089364245,0,-0.33060189106357135,0.37510317197431214,0
4,0,3.5216096464531916,3.1731655765640303,0,-0.32683442343596575,0.37839035354680983,0
4.01,0,3.5183603029700965,3.1769657268169138,0,-0.3230342731830822,0.38163969702990508,0
4.02,0,3.515149122502629,3.1807981796895501,0,-0.31920182031044581,0.38485087749737273,0
4.03,0,3.5119764261608082,3.184662551946233,0,-0.31533744805376296,0.38802357383919378,0
4.04,0,3.5088425312063363,3.1885584571593975,0,-0.31144154284059866,0.39115746879366559,0
4.05,0,3.5057477510208748,3.1924855057482615,0,-0.30751449425173472,0.39425224897912725,0
4.06,0,3.5026923950747051,3.1964433050177838,0,-0.3035566949822126,0.39730760492529699,0
4.07,0,3.4996767688957835,3.2004314591979313,0,-0.29956854080206502,0.40032323110421836,0
4.08,0,3.4967011740391896,3.2044495694832564,0,-0.29555043051673985,0.4032988259608124,0
4.09,0,3.4937659080569698,3.2084972340727758,0,-0.29150276592722063,0.40623409194303223,0
4.1,0,3.4908712644683844,3.2125740482101488,0,-0.28742595178984737,0.40912873553161755,0
4.11,0,3.4880175327305558,3.2166796042241543,0,-0.28332039577584206,0.41198246726944598,0
4.12,0,3.4852049982095239,3.2208134915694537,0,-0.27918650843054243,0.4147950017904779,0
4.13,0,3.4824339421517094,3.2249752968676475,0,-0.27502470313234856,0.41756605784829237,0
4.14,0,3.4797046416557906,3.2291646039486102,0,-0.27083539605138607,0.42029535834421106,0
4.15,0,3.4770173696449942,3.2333809938921063,0,-0.26661900610788997,0.42298263035500744,0
4.16,0,3.4743723948398033,3.2376240450696825,0,-0.26237595493031396,0.42562760516019849,0
4.17,0,3.4717699817310859,3.241893333186828,0,-0.25810666681316841,0.42823001826891588,0
4.18,0,3.4692103905536471,3.2461884313254044,0,-0.25381156867459204,0.43078960944635469,0
4.19,0,3.4666938772602061,3.2505089099863351,0,-0.24949109001366129,0.43330612273979596,0
4.2,0,3.4642206934958004,3.2548543371325551,0,-0.2451456628674413,0.43577930650420149,0
4.21,0,3.4617910865726245,3.2592242782322129,0,-0.24077572176778339,0.43820891342737761,0
4.22,0,3.4594052994452964,3.2636182963021234,0,-0.23638170369787298,0.4405947005547059,0
4.23,0,3.4570635706865644,3.2680359519514641,0,-0.23196404804853227,0.44293642931343791,0
4.24,0,3.4547661344634504,3.2724768034257141,0,-0.22752319657428233,0.44523386553655198,0
4.25,0,3.4525132205138331,3.2769404066508279,0,-0.22305959334916872,0.44748677948616922,0
4.26,0,3.4503050541234757,3.2814263152776415,0,-0.21857368472235525,0.44969494587652686,0
4.27,0,3.4481418561034962,3.2859340807265065,0,-0.21406591927349009,0.45185814389650608,0
4.28,0,3.4460238427682897,3.2904632522321475,0,-0.209536747767849,0.45397615723171275,0
4.29,0,3.443951225913894,3.2950133768887366,0,-0.2049866231112599,0.45604877408610828,0
4.3,0,3.4419242127968137,3.2995839996951832,0,-0.20041600030481341,0.45807578720318864,0
4.31,0,3.439943006113293,3.3041746636006328,0,-0.19582533639936392,0.46005699388670951,0
4.32,0,3.4380078039790472,3.3087849095501713,0,-0.1912150904498256,0.46199219602095548,0
4.33,0,3.4361187999094516,3.3134142765307288,0,-0.18658572346926808,0.46388120009055095,0
4.34,0,3.4342761828001911,3.3180623016171809,0,-0.18193769838281626,0.46572381719981137,0
4.35,0,3.4324801369083704,3.3227285200186381,0,-0.17727147998135903,0.46751986309163224,0
4.36,0,3.4307308418340883,3.3274124651249259,0,-0.17258753487507131,0.46926915816591441,0
4.37,0,3.4290284725024791,3.3321136685532431,0,-0.16788633144675411,0.47097152749752352,0
4.38,0,3.4273731991462202,3.3368316601949997,0,-0.16316833980499756,0.47262680085378228,0
4.39,0,3.4257651872885093,3.341565968262826,0,-0.15843403173717119,0.47423481271149315,0
4.4,0,3.4242045977265123,3.3463161193377511,0,-0.15368388066224628,0.47579540227349021,0
4.41,0,3.4226915865152838,3.3510816384165421,0,-0.14891836158345523,0.4773084134847187,0
4.42,0,3.4212263049521625,3.3558620489592048,0,-0.14413795104079244,0.47877369504783995,0
4.43,0,3.4198088995616418,3.360656872936636,0,-0.13934312706336144,0.48019110043836072,0
4.44,0,3.4184395120807172,3.3654656308784241,0,-0.13453436912157321,0.48156048791928541,0
4.45,0,3.4171182794447135,3.3702878419207969,0,-0.12971215807920033,0.48288172055528927,0
4.46,0,3.415845333773591,3.3751230238547052,0,-0.12487697614529183,0.48415466622641173,0
4.47,0,3.4146208023587348,3.3799706931740436,0,-0.12002930682595343,0.48537919764126797,0
4.48,0,3.4134448076502251,3.384830365123999,0,-0.11516963487599821,0.48655519234977773,0
4.49,0,3.4123174672445926,3.389701553749525,0,-0.11029844625047228,0.48768253275541007,0
4.5,0,3.41123889387306,3.3945837719439367,0,-0.10541622805606052,0.48876110612694273,0
4.51,0,3.410209195390268,3.3994765314976201,0,-0.10052346850237713,0.4897908046097349,0
4.52,0,3.4092284747634904,3.4043793431468514,0,-0.095620656853145899,0.49077152523651252,0
4.53,0,3.4082968300623384,3.4092917166227221,0,-0.090708283377275017,0.49170316993766461,0
4.54,0,3.407414354448953,3.4142131607001658,0,-0.085786839299831441,0.49258564555105017,0
4.55,0,3.4065811361686893,3.4191431832470776,0,-0.080856816752919614,0.49341886383131395,0
4.56,0,3.4057972585412926,3.4240812912735277,0,-0.075918708726469483,0.4942027414587109,0
4.57,0,3.4050627999525656,3.4290269909810585,0,-0.070973009018938743,0.49493720004743796,0
4.58,0,3.4043778338465311,3.433979787812063,0,-0.066020212187934191,0.49562216615347232,0
4.59,0,3.4037424287180875,3.43893918649924,0,-0.061060813500757247,0.49625757128191578,0
4.6,0,3.4031566481061595,3.4439046911151188,0,-0.056095308884878445,0.49684335189384393,0
4.61,0,3.4026205505873435,3.4488758051216513,0,-0.051124194878345922,0.49737944941266005,0
4.62,0,3.402134189770051,3.4538520314198644,0,-0.046147968580132856,0.49786581022995247,0
4.63,0,3.4016976142891484,3.4588328723995683,0,-0.041167127600428816,0.49830238571085528,0
4.64,0,3.4013108678010919,3.4638178299891171,0,-0.036182170010879977,0.49868913219891181,0
4.65,0,3.4009739889795636,3.4688064057052137,0,-0.031193594294783217,0.49902601102044014,0
4.66,0,3.4006870115116037,3.4737981007027581,0,-0.026201899297239015,0.49931298848840028,0
4.67,0,3.4004499640942409,3.4787924158247288,0,-0.021207584175268201,0.4995500359057628,0
4.68,0,3.4002628704316251,3.4837888516520996,0,-0.016211148347897494,0.49973712956837862,0
4.69,0,3.4001257492326546,3.4887869085537782,0,-0.011213091446218855,0.4998742507673492,0
4.7,0,3.4000386142091066,3.4937860867365695,0,-0.0062139132634276215,0.49996138579089744,0
4.71,0,3.4000014740742652,3.4987858862951526,0,-0.0012141137048444399,0.49999852592573879,0
4.72,0,3.4000143325420513,3.5037858072620711,0,0.0037858072620740174,0.49998566745795264,0
4.73,0,3.4000771883266503,3.5087853496577277,0,0.0087853496577305484,0.49992281167335362,0
4.74,0,3.4001900351426411,3.5137840135403815,0,0.013784013540384133,0.49980996485736306,0
4.75,0,3.4003528617056236,3.51878129905614,0,0.018781299056142849,0.49964713829438046,0
4.76,0,3.4005656517333489,3.5237767064889454,0,0.023776706488948026,0.499434348266655,0
4.77,0,3.4008283839473465,3.5287697363105419,0,0.028769736310544587,0.49917161605265753,0
4.78,0,3.4011410320750515,3.5337598892304301,0,0.03375988923043264,0.49885896792495266,0
4.79,0,3.4015035648524328,3.5387466662457925,0,0.038746666245795258,0.49849643514757153,0
4.8,0,3.4019159460271187,3.5437295686913948,0,0.043729568691397547,0.49808405397288558,0
4.81,0,3.402378134362023,3.548708098289449,0,0.048708098289451884,0.49762186563798133,0
4.82,0,3.4028900836394675,3.5536817571994415,0,0.053681757199444478,0.49710991636053686,0
4.83,0,3.4034517426658044,3.5586500480679151,0,0.05865004806791816,0.49654825733420005,0
4.84,0,3.4040630552765352,3.5636124740782034,0,0.063612474078206513,0.49593694472346944,0
4.85,0,3.4047239603419266,3.5685685390001112,0,0.068568539000114254,0.49527603965807782,0
4.86,0,3.4054343917731247,3.5735177472395359,0,0.073517747239539036,0.49456560822687956,0
4.87,0,3.4061942785287624,3.5784596038880263,0,0.078459603888029639,0.49380572147124174,0
4.88,0,3.4070035446220639,3.5833936147722723,0,0.083393614772275554,0.49299645537794023,0
4.89,0,3.4078621091284429,3.5883192865035198,0,0.088319286503523067,0.49213789087156123,0
4.9,0,3.4087698861935949,3.5932361265269095,0,0.093236126526912919,0.49123011380640907,0
4.91,0,3.4097267850420829,3.5981436431707312,0,0.098143643170734568,0.49027321495792081,0
4.92,0,3.4107327099864144,3.6030413456955888,0,0.10304134569559212,0.48926729001358915,0
4.93,0,3.4117875604366099,3.6079287443434738,0,0.10792874434347703,0.48821243956339383,0
4.94,0,3.4128912309102608,3.6128053503867394,0,0.11280535038674272,0.48710876908974271,0
4.95,0,3.4140436110430792,3.6176706761769726,0,0.11767067617697605,0.48595638895692411,0
4.96,0,3.4152445855999329,3.6225242351937577,0,0.12252423519376102,0.48475541440007042,0
4.97,0,3.4164940344863686,3.6273655420933264,0,0.12736554209332954,0.48350596551363495,0
4.98,0,3.4177918327606207,3.6321941127570914,0,0.13219411275709464,0.48220816723938281,0
4.99,0,3.4191378506461065,3.6370094643400579,0,0.13700946434006103,0.48086214935389704,0
5,0,3.4205319535444025,3.6418111153191055,0,0.14181111531910853,0.4794680464556012,0
5.01,0,3.4219740020487039,3.64659858554114,0,0.14659858554114305,0.47802599795129996,0
5.02,0,3.4234638519577651,3.6513713962711076,0,0.15137139627111074,0.47653614804223871,0
5.03,0,3.4250013542903202,3.6561290702398672,0,0.15612907023987035,0.47499864570968381,0
5.04,0,3.4265863552999791,3.6608711316919158,0,0.16087113169191891,0.47341364470002484,0
5.05,0,3.4282186964906036,3.6655971064329629,0,0.16559710643296605,0.4717813035094004,0
5.06,0,3.4298982146321553,3.670306521877349,0,0.17030652187735229,0.4701017853678488,0
5.07,0,3.4316247417770187,3.6749989070953033,0,0.17499890709530647,0.46837525822298548,0
5.08,0,3.4333981052767952,3.6796737928600343,0,0.17967379286003743,0.46660189472320879,0
5.09,0,3.4352181277995686,3.6843307116946526,0,0.18433071169465565,0.46478187220043532,0
5.1,0,3.4370846273476365,3.6889691979189165,0,0.18896919791891967,0.46291537265236743,0
5.11,0,3.4389974172757101,3.6935887876957998,0,0.19358878769580298,0.46100258272429384,0
5.12,0,3.4409563063095785,3.6981890190778732,0,0.19818901907787659,0.45904369369042547,0
5.13,0,3.4429610985652355,3.7027694320534992,0,0.20276943205350256,0.45703890143476855,0
5.14,0,3.4450115935684673,3.7073295685928307,0,0.20732956859283408,0.45498840643153687,0
5.15,0,3.4471075862748997,3.711868972693614,0,0.21186897269361729,0.45289241372510464,0
5.16,0,3.4492488670905015,3.7163871904267869,0,0.21638719042679033,0.45075113290950258,0
5.17,0,3.4514352218925448,3.7208837699818718,0,0.22088376998187514,0.44856477810745926,0
5.18,0,3.4536664320510151,3.7253582617121541,0,0.22535826171215739,0.4463335679489891,0
5.19,0,3.4559422744504742,3.7298102181796469,0,0.22981021817965,0.44405772554953005,0
5.2,0,3.4582625215123715,3.7342391941998327,0,0.23423919419983583,0.44173747848763262,0
5.21,0,3.4606269412178015,3.7386447468861821,0,0.23864474688618501,0.43937305878220251,0
5.22,0,3.4630352971307046,3.7430264356944396,0,0.24302643569444252,0.43696470286929939,0
5.23,0,3.4654873484215103,3.7473838224666784,0,0.24738382246668147,0.43451265157849378,0
5.24,0,3.4679828498912193,3.751716471475115,0,0.25171647147511789,0.43201715010878478,0
5.25,0,3.4705215519959234,3.7560239494656793,0,0.25602394946568219,0.42947844800408075,0
5.26,0,3.4731032008717584,3.7603058257013409,0,0.26030582570134381,0.42689679912824563,0
5.27,0,3.475727538360291,3.7645616720051804,0,0.2645616720051836,0.42427246163971299,0
5.28,0,3.4783943020343329,3.7687910628032073,0,0.26879106280321052,0.42160569796567104,0
5.29,0,3.4811032252241834,3.7729935751669146,0,0.27299357516691797,0.41889677477582038,0
5.3,0,3.4838540370442956,3.7771687888555721,0,0.27716878885557561,0.41614596295570794,0
5.31,0,3.4866464624203646,3.7813162863582486,0,0.28131628635825234,0.41335353757963877,0
5.32,0,3.4894802221168337,3.7854356529355626,0,0.28543565293556639,0.41051977788316968,0
5.33,0,3.4923550327648174,3.7895264766611545,0,0.28952647666115816,0.40764496723518606,0
5.34,0,3.4952706068904376,3.7935883484628783,0,0.2935883484628819,0.40472939310956585,0
5.35,0,3.4982266529435706,3.7976208621637082,0,0.29762086216371192,0.40177334705643286,0
5.36,0,3.5012228753270009,3.8016236145223554,0,0.30162361452235908,0.39877712467300253,0
5.37,0,3.5042589744259809,3.8055962052735905,0,0.30559620527359421,0.39574102557402274,0
5.38,0,3.5073346466381903,3.8095382371682698,0,0.30953823716827339,0.39266535336181341,0
5.39,0,3.510449584404097,3.8134493160130583,0,0.31344931601306197,0.38955041559590675,0
5.4,0,3.5136034762377117,3.8173290507098492,0,0.31732905070985296,0.38639652376229217,0
5.41,0,3.5167960067577355,3.8211770532948721,0,0.32117705329487578,0.3832039932422685,0
5.42,0,3.5200268567190975,3.8249929389774882,0,0.32499293897749165,0.37997314328090664,0
5.43,0,3.5232957030448784,3.8287763261786685,0,0.32877632617867181,0.37670429695512581,0
5.44,0,3.5266022188586175,3.8325268365691509,0,0.33252683656915438,0.37339778114138666,0
5.45,0,3.5299460735169994,3.8362440951072729,0,0.33624409510727632,0.3700539264830045,0
5.46,0,3.5333269326429182,3.8399277300764734,0,0.33992773007647675,0.36667306735708571,0
5.47,0,3.5367444581589127,3.8435773731224643,0,0.34357737312246761,0.36325554184109099,0
5.48,0,3.5401983083209756,3.8471926592900649,0,0.34719265929006821,0.35980169167902831,0
5.49,0,3.5436881377527243,3.8507732270596966,0,0.35077322705969977,0.35631186224727945,0
5.5,0,3.5472135974799404,3.8543187183835332,0,0.35431871838353646,0.35278640252006327,0
5.51,0,3.5507743349654648,3.8578287787213061,0,0.35782877872130947,0.34922566503453906,0
5.52,0,3.5543699941444502,3.8613030570757565,0,0.36130305707575994,0.3456300058555537,0
5.53,0,3.5580002154599675,3.8647412060277344,0,0.36474120602773791,0.34199978454003621,0
5.54,0,3.561664635898961,3.86814288177094,0,0.36814288177094329,0.33833536410104281,0
5.55,0,3.5653628890285471,3.8715077441463026,0,0.37150774414630577,0.33463711097145654,0
5.56,0,3.5690946050326589,3.8748354566759966,0,0.37483545667599977,0.330905394967345,0
5.57,0,3.5728594107490244,3.8781256865970883,0,0.37812568659709139,0.32714058925097955,0
5.58,0,3.5766569297064841,3.8813781048948108,0,0.38137810489481389,0.32334307029352005,0
5.59,0,3.5804867821626356,3.8845923863354654,0,0.38459238633546833,0.31951321783736863,0
5.6,0,3.5843485851418078,3.8877682094989434,0,0.38776820949894614,0.31565141485819659,0
5.61,0,3.5882419524733566,3.8909052568108677,0,0.39090525681087035,0.31175804752664749,0
5.62,0,3.5921664948302827,3.8940032145743495,0,0.39400321457435217,0.30783350516972136,0
5.63,0,3.5961218197681615,3.8970617730013575,0,0.39706177300135997,0.30387818023184282,0
5.64,0,3.6001075317643867,3.9000806262436947,0,0.40008062624369728,0.29989246823561755,0
5.65,0,3.6041232322577232,3.9030594724235841,0,0.40305947242358675,0.29587676774228111,0
5.66,0,3.6081685196881605,3.9059980136638548,0,0.40599801366385735,0.29183148031184392,0
5.67,0,3.6122429895370685,3.9088959561177288,0,0.40889595611773127,0.28775701046293595,0
5.68,0,3.616346234367648,3.9117530099982054,0,0.41175300999820774,0.28365376563235623,0
5.69,0,3.6204778438656744,3.9145688896070387,0,0.41456888960704119,0.27952215613432996,0
5.7,0,3.6246374048805263,3.917343313363308,0,0.41734331336331021,0.27536259511947819,0
5.71,0,3.6288245014665006,3.9200760038315727,0,0.42007600383157512,0.27117549853350376,0
5.72,0,3.6330387149244068,3.9227666877496183,0,0.42276668774962062,0.2669612850755978,0
5.73,0,3.6372796238434337,3.925415096055779,0,0.42541509605578148,0.26272037615657079,0
5.74,0,3.6415468041432919,3.9280209639158454,0,0.42802096391584787,0.25845319585671267,0
5.75,0,3.645839829116619,3.9305840307495461,0,0.43058403074954837,0.25416017088338566,0
5.76,0,3.6501582694716497,3.9331040402566049,0,0.43310404025660709,0.24984173052835487,0
5.77,0,3.6545016933751446,3.9355807404423708,0,0.43558074044237316,0.24549830662485997,0
5.78,0,3.6588696664955718,3.9380138836430172,0,0.43801388364301963,0.241130333504433,0
5.79,0,3.6632617520465383,3.9404032265503068,0,0.44040322655030911,0.23673824795346635,0
5.8,0,3.6676775108304693,3.9427485302359218,0,0.44274853023592414,0.23232248916953518,0
5.81,0,3.6721165012825256,3.9450495601753568,0,0.44504956017535924,0.22788349871747876,0
5.82,0,3.6765782795147595,3.9473060862713703,0,0.44730608627137286,0.22342172048524511,0
5.83,0,3.6810623993605014,3.9495178828769939,0,0.44951788287699662,0.21893760063950327,0
5.84,0,3.6855684124189767,3.9516847288180967,0,0.45168472881809929,0.21443158758102779,0
5.85,0,3.6900958681001446,3.953806407415501,0,0.45380640741550371,0.20990413189985976,0
5.86,0,3.6946443136697553,3.9558827065066517,0,0.45588270650665424,0.20535568633024898,0
5.87,0,3.6992132942946228,3.9579134184668301,0,0.45791341846683242,0.20078670570538154,0
5.88,0,3.7038023530881063,3.9598983402299166,0,0.45989834022991882,0.19619764691189778,0
5.89,0,3.7084110311557996,3.9618372733086971,0,0.46183727330869934,0.1915889688442047,0
5.9,0,3.7130388676414166,3.9637300238147111,0,0.46373002381471329,0.18696113235858763,0
5.91,0,3.7176853997728783,3.9655764024776397,0,0.46557640247764187,0.18231460022712587,0
5.92,0,3.7223501629085876,3.9673762246642323,0,0.46737622466423456,0.17764983709141649,0
5.93,0,3.7270326905838926,3.9691293103967702,0,0.46912931039677219,0.17296730941611146,0
5.94,0,3.731732514557732,3.970835484371062,0,0.47083548437106409,0.16826748544227227,0
5.95,0,3.7364491648594571,3.9724945759739763,0,0.4724945759739782,0.16355083514054705,0
5.96,0,3.7411821698358296,3.9741064193005,0,0.47410641930050179,0.15881783016417464,0
5.97,0,3.745931056198184,3.97567085317033,0,0.47567085317033175,0.15406894380182046,0
5.98,0,3.7506953490697557,3.9771877211439901,0,0.47718772114399211,0.14930465093024883,0
5.99,0,3.7554745720331679,3.9786568715384756,0,0.47865687153847752,0.14452542796683648,0
6,0,3.7602682471780726,3.9800781574424193,0,0.48007815744242138,0.13973175282193198,0
6.01,0,3.7650758951489385,3.9814514367307843,0,0.48145143673078639,0.13492410485106593,0
6.02,0,3.7698970351929879,3.9827765720790747,0,0.48277657207907682,0.13010296480701661,0
6.03,0,3.7747311852082688,3.9840534309770685,0,0.4840534309770706,0.12526881479173588,0
6.04,0,3.7795778617918643,3.9852818857420678,0,0.48528188574206998,0.12042213820814017,0
6.05,0,3.7844365802882329,3.9864618135316672,0,0.48646181353166956,0.11556341971177148,0
6.06,0,3.7893068548376716,3.9875930963560378,0,0.48759309635604009,0.11069314516233293,0
6.07,0,3.7941881984249006,3.9886756210897247,0,0.48867562108972729,0.1058118015751041,0
6.08,0,3.799080122927764,3.9897092794829616,0,0.489709279482964,0.10091987707224065,0
6.09,0,3.8039821391660413,3.9906939681724927,0,0.490693968172495,0.096017860833963353,0
6.1,0,3.8088937569503636,3.9916295886919109,0,0.49162958869191303,0.091106243049641308,0
6.11,0,3.8138144851312306,3.9925160474815029,0,0.49251604748150513,0.08618551486877421,0
6.12,0,3.8187438316481259,3.9933532558976061,0,0.49335325589760837,0.081256168351878641,0
6.13,0,3.8236813035787214,3.9941411302214718,0,0.49414113022147416,0.076318696421283222,0
6.14,0,3.828626407188167,3.9948795916676372,0,0.49487959166763978,0.071373592811837652,0
6.15,0,3.8335786479784644,3.9955685663918041,0,0.49556856639180669,0.066421352021540425,0
6.16,0,3.8385375307379146,3.9962079854982222,0,0.49620798549822481,0.061462469262090265,0
6.17,0,3.8435025595906387,3.9967977850465797,0,0.49679778504658212,0.056497440409366231,0
6.18,0,3.8484732380461635,3.9973379060583958,0,0.49733790605839817,0.05152676195384133,0
6.19,0,3.8534490690490699,3.9978282945229195,0,0.49782829452292204,0.046550930950934724,0
6.2,0,3.8584295550286973,3.9982689014025308,0,0.49826890140253327,0.041570444971307449,0
6.21,0,3.8634141979488983,3.9986596826376428,0,0.49865968263764532,0.036585802051106557,0
6.22,0,3.8684024993578419,3.9990005991511093,0,0.49900059915111167,0.031597500642162775,0
6.23,0,3.8733939604378582,3.9992916168521306,0,0.49929161685213319,0.02660603956214655,0
6.24,0,3.8783880820553174,3.9995327066396649,0,0.49953270663966737,0.021611917944687545,0
6.25,0,3.8833843648105426,3.9997238444053358,0,0.49972384440533812,0.016615635189462519,0
6.26,0,3.8883823090877487,3.9998650110358445,0,0.49986501103584674,0.011617690912256593,0
6.27,0,3.8933814151050026,3.9999561924148805,0,0.49995619241488304,0.0066185848950029436,0
6.28,0,3.8983811829641999,3.9999973794245345,0,0.49999737942453709,0.0016188170358058425,0
6.29,0,3.9033811127010538,3.9999885679462084,0,0.49998856794621088,-0.003381112701047898,0
6.3,0,3.90838070433509,3.9999297588610276,0,0.49992975886103025,-0.0083807043350841038,0
6.31,0,3.9133794579196439,3.9998209580497539,0,0.49982095804975663,-0.013379457919638038,0
6.32,0,3.9183768735918538,3.9996621763921967,0,0.49966217639219918,-0.018376873591847816,0
6.33,0,3.9233724516226456,3.9994534297661244,0,0.49945342976612672,-0.023372451622639446,0
6.34,0,3.9283656924667048,3.9991947390456777,0,0.49919473904568001,-0.02836569246669848,0
6.35,0,3.9333560968124295,3.9988861300992822,0,0.4988861300992844,-0.033356096812423304,0
6.36,0,3.9383431656318613,3.9985276337870608,0,0.498527633787063,-0.038343165631855039,0
6.37,0,3.9433264002305854,3.9981192859577486,0,0.49811928595775085,-0.043326400230579105,0
6.38,0,3.9483053022975998,3.9976611274451077,0,0.49766112744510999,-0.04830530229759341,0
6.39,0,3.9532793739551444,3.997153204063844,0,0.49715320406384633,-0.053279373955138189,0
6.4,0,3.958248117808489,3.9965955666050257,0,0.49659556660502824,-0.058248117808482561,0
6.41,0,3.963211036995669,3.9959882708310048,0,0.49598827083100749,-0.063211036995662745,0
6.42,0,3.9681676352371733,3.9953313774698405,0,0.49533137746984335,-0.068167635237166999,0
6.43,0,3.9731174168855685,3.994624952209227,0,0.4946249522092297,-0.073117416885562364,0
6.44,0,3.9780598869750645,3.9938690656899238,0,0.49386906568992661,-0.07805988697505814,0
6.45,0,3.9829945512710077,3.9930637934986937,0,0.49306379349869633,-0.082994551271001249,0
6.46,0,3.9879209163193048,3.9922092161607421,0,0.49220921616074481,-0.087920916319298451,0
6.47,0,3.9928384894957669,3.9913054191316668,0,0.49130541913166953,-0.092838489495760526,0
6.48,0,3.9977467790553698,3.9903524927889111,0,0.49035249278891391,-0.097746779055363442,0
6.49,0,0.002645294181427893,3.9893505324227272,0,0.48935053242272997,-0.10264529418142167,0
6.5,0,0.0075335450346747899,3.9882996382266467,0,0.48829963822664951,-0.10753354503466857,0
6.51,0,0.012411042802245361,3.9871999152874622,0,0.48719991528746498,-0.11241104280223914,0
6.52,0,0.017277299746556292,3.9860514735747183,0,0.48605147357472106,-0.11727729974655007,0
6.53,0,0.022131829254078486,3.9848544279297151,0,0.48485442792971795,-0.12213182925407227,0
6.54,0,0.026974145883997214,3.9836088980540247,0,0.48360889805402762,-0.126974145883991,0
6.55,0,0.031803765416754969,3.9823150084975212,0,0.4823150084975239,-0.13180376541674876,0
6.56,0,0.036620204902472225,3.9809728886459252,0,0.48097288864592785,-0.13662020490246601,0
6.57,0,0.041422982709241211,3.9795826727078669,0,0.47958267270786936,-0.14142298270923501,0
6.58,0,0.046211618571287895,3.9781444997014646,0,0.47814449970146677,-0.14621161857128168,0
6.59,0,0.050985633636997353,3.9766585134404231,0,0.47665851344042542,-0.15098563363699113,0
6.6,0,0.055744550516797761,3.975124862519654,0,0.47512486251965652,-0.15574455051679154,0
6.61,0,0.060487893330898136,3.9735437003004157,0,0.47354370030041809,-0.16048789333089192,0
6.62,0,0.065215187756875126,3.9719151848949767,0,0.4719151848949793,-0.16521518775686891,0
6.63,0,0.069925961077104068,3.9702394791508069,0,0.47023947915080949,-0.16992596107709787,0
6.64,0,0.074619742226029587,3.9685167506342913,0,0.46851675063429388,-0.17461974222602339,0
6.65,0,0.079296061837270948,3.9667471716139748,0,0.46674717161397744,-0.17929606183726474,0
6.66,0,0.083954452290557521,3.9649309190433359,0,0.46493091904333839,-0.18395445229055132,0
6.67,0,0.088594447758489681,3.9630681745430909,0,0.46306817454309324,-0.18859444775848347,0
6.68,0,0.09321558425312032,3.9611591243830331,0,0.46115912438303525,-0.19321558425311411,0
6.69,0,0.097817399672352534,3.9592039594634056,0,0.45920395946340792,-0.19781739967234632,0
6.7,0,0.10239943384614865,3.9572028752958133,0,0.45720287529581549,-0.20239943384614245,0
6.71,0,0.10696122858254609,3.9551560719836698,0,0.45515607198367208,-0.2069612285825399,0
6.72,0,0.1115023277134754,3.9530637542021898,0,0.45306375420219203,-0.21150232771346922,0
6.73,0,0.11602227714037598,3.9509261311779205,0,0.45092613117792285,-0.21602227714036978,0
6.74,0,0.12052062487960472,3.9487434166678206,0,0.44874341666782303,-0.2205206248795985,0
6.75,0,0.12499692110763326,3.9465158289378843,0,0.44651582893788688,-0.22499692110762706,0
6.76,0,0.1294507182060293,3.944243590741316,0,0.44424359074131864,-0.22945071820602309,0
6.77,0,0.13388157080621718,3.9419269292962547,0,0.44192692929625749,-0.23388157080621097,0
6.78,0,0.13828903583401375,3.9395660762630538,0,0.43956607626305638,-0.23828903583400754,0
6.79,0,0.14267267255393462,3.9371612677211143,0,0.43716126772111669,-0.24267267255392841,0
6.8,0,0.14703204261326661,3.9347127441452785,0,0.43471274414528072,-0.24703204261326039,0
6.81,0,0.15136671008590194,3.9322207503817825,0,0.43222075038178492,-0.25136671008589573,0
6.82,0,0.15567624151592974,3.9296855356237734,0,0.42968553562377582,-0.25567624151592355,0
6.83,0,0.15996020596098057,3.9271073533863889,0,0.42710735338639133,-0.25996020596097441,0
6.84,0,0.16421817503531957,3.9244864614814077,0,0.42448646148140989,-0.26421817503531342,0
6.85,0,0.16844972295268398,3.9218231219914679,0,0.42182312199146993,-0.26844972295267783,0
6.86,0,0.17265442656886065,3.91911760124386,0,0.41911760124386227,-0.27265442656885447,0
6.87,0,0.17683186542399945,3.916370169783896,0,0.41637016978389801,-0.2768318654239933,0
6.88,0,0.18098162178465821,3.9135811023478526,0,0.41358110234785478,-0.28098162178465208,0
6.89,0,0.18510328068557499,3.9107506778355017,0,0.41075067783550367,-0.28510328068556889,0
6.9,0,0.18919642997116362,3.9078791792822178,0,0.40787917928222006,-0.28919642997115752,0
6.91,0,0.19326066033672812,3.9049668938306783,0,0.40496689383068069,-0.29326066033672205,0
6.92,0,0.19729556536939227,3.9020141127021479,0,0.40201411270215015,-0.29729556536938617,0
6.93,0,0.20130074158873981,3.8990211311673573,0,0.39902113116735954,-0.30130074158873371,0
6.94,0,0.20527578848716152,3.8959882485169777,0,0.39598824851698011,-0.30527578848715542,0
6.95,0,0.20922030856990489,3.8929157680316924,0,0.39291576803169487,-0.30922030856989879,0
6.96,0,0.21313390739482271,3.8898039969518687,0,0.38980399695187129,-0.31313390739481661,0
6.97,0,0.21701619361181626,3.8866532464468357,0,0.38665324644683818,-0.31701619361181016,0
6.98,0,0.2208667790019693,3.8834638315837671,0,0.38346383158376934,-0.3208667790019632,0
6.99,0,0.22468527851636905,3.8802360712961756,0,0.3802360712961777,-0.32468527851636292,0
7,0,0.22847131031461004,3.876970288352021,0,0.37697028835202284,-0.32847131031460391,0
7.01,0,0.23222449580297733,3.873666809321433,0,0.37366680932143498,-0.3322244958029712,0
7.02,0,0.23594445967230479,3.8703259645440569,0,0.37032596454405864,-0.33594445967229869,0
7.03,0,0.23963082993550519,3.8669480880960179,0,0.36694808809601964,-0.33963082993549909,0
7.04,0,0.24328323796476789,3.8635335177565167,0,0.36353351775651832,-0.34328323796476179,0
7.05,0,0.24690131852842073,3.8600825949740507,0,0.36008259497405243,-0.34690131852841466,0
7.06,0,0.25048470982745236,3.8565956648322715,0,0.35659566483227312,-0.35048470982744628,0
7.07,0,0.25403305353169109,3.8530730760154759,0,0.35307307601547744,-0.35403305353168502,0
7.08,0,0.25754599481563717,3.8495151807737393,0,0.34951518077374089,-0.3575459948156311,0
7.09,0,0.26102318239394434,3.8459223348876916,0,0.34592233488769303,-0.36102318239393827,0
7.1,0,0.26446426855654753,3.8422948976329394,0,0.34229489763294063,-0.36446426855654146,0
7.11,0,0.26786890920343293,3.8386332317441396,0,0.33863323174414078,-0.36786890920342685,0
7.12,0,0.27123676387904727,3.8349377033787273,0,0.33493770337872847,-0.3712367638790412,0
7.13,0,0.27456749580634243,3.8312086820803004,0,0.33120868208030158,-0.37456749580633636,0
7.14,0,0.27786077192045228,3.8274465407416667,0,0.32744654074166768,-0.3778607719204462,0
7.15,0,0.28111626290199837,3.8236516555675544,0,0.32365165556755549,-0.3811162629019923,0
7.16,0,0.28433364321002114,3.8198244060369944,0,0.31982440603699547,-0.38433364321001506,0
7.17,0,0.28751259111453298,3.8159651748653718,0,0.31596517486537273,-0.38751259111452691,0
7.18,0,0.2906527887286906,3.8120743479661559,0,0.31207434796615668,-0.39065278872868453,0
7.19,0,0.29375392204058293,3.8081523144123097,0,0.30815231441231039,-0.39375392204057685,0
7.2,0,0.2968156809446314,3.8041994663973839,0,0.30419946639738438,-0.39681568094462533,0
7.21,0,0.29983775927259981,3.8002161991962979,0,0.30021619919629827,-0.39983775927259374,0
7.22,0,0.30281985482421037,3.796202911125814,0,0.29620291112581426,-0.40281985482420429,0
7.23,0,0.30576166939736299,3.7921600035047063,0,0.29216000350470644,-0.40576166939735692,0
7.24,0,0.30866290881795466,3.7880878806136296,0,0.28808788061362994,-0.40866290881794859,0
7.25,0,0.31152328296929627,3.7839869496546932,0,0.28398694965469373,-0.41152328296929019,0
7.26,0,0.31434250582112344,3.7798576207107413,0,0.27985762071074172,-0.41434250582111737,0
7.27,0,0.31712029545819886,3.7757003067043446,0,0.27570030670434514,-0.41712029545819279,0
7.28,0,0.31985637410850315,3.7715154233565111,0,0.27151542335651169,-0.41985637410849708,0
7.29,0,0.3225504681710113,3.7673033891451135,0,0.2673033891451142,-0.42255046817100522,0
7.3,0,0.32520230824305207,3.7630646252630431,0,0.26306462526304397,-0.425202308243046,0
7.31,0,0.32781162914724776,3.7587995555760916,0,0.25879955557609252,-0.42781162914724169,0
7.32,0,0.33037816995803104,3.7545086065805653,0,0.25450860658056618,-0.43037816995802497,0
7.33,0,0.33290167402773707,3.7501922073606364,0,0.25019220736063741,-0.432901674027731,0
7.34,0,0.33538188901226745,3.7458507895454365,0,0.24585078954543746,-0.43538188901226138,0
7.35,0,0.33781856689632411,3.7414847872658936,0,0.24148478726589456,-0.43781856689631804,0
7.36,0,0.34021146401821017,3.7370946371113209,0,0.23709463711132195,-0.4402114640182041,0
7.37,0,0.34256034109419559,3.7326807780857592,0,0.23268077808575999,-0.44256034109418951,0
7.38,0,0.34486496324244476,3.728243651564076,0,0.22824365156407683,-0.44486496324243868,0
7.39,0,0.34712510000650432,3.7237837012478314,0,0.22378370124783215,-0.44712510000649824,0
7.4,0,0.34934052537834803,3.7193013731209073,0,0.21930137312090794,-0.44934052537834196,0
7.41,0,0.35151101782097716,3.7147971154049109,0,0.21479711540491137,-0.45151101782097108,0
7.42,0,0.35363636029057349,3.7102713785143533,0,0.21027137851435368,-0.45363636029056742,0
7.43,0,0.35571634025820331,3.7057246150116097,0,0.20572461501160985,-0.45571634025819724,0
7.44,0,0.35775074973106968,3.7011572795616634,0,0.20115727956166354,-0.45775074973106361,0
7.45,0,0.35973938527331123,3.6965698288866418,0,0.19656982888664171,-0.45973938527330516,0
7.46,0,0.36168204802634518,3.6919627217201434,0,0.19196272172014348,-0.46168204802633911,0
7.47,0,0.36357854372875276,3.687336418761368,0,0.18733641876136806,-0.46357854372874668,0
7.48,0,0.36542868273570484,3.6826913826290459,0,0.18269138262904583,-0.46542868273569876,0
7.49,0,0.36723228003792596,3.6780280778151777,0,0.17802807781517774,-0.46723228003791989,0
7.5,0,0.36898915528019477,3.6733469706385873,0,0.1733469706385872,-0.4689891552801887,0
7.51,0,0.37069913277937916,3.6686485291982893,0,0.1686485291982894,-0.47069913277937309,0
7.52,0,0.37236204154200403,3.6639332233266826,0,0.16393322332668256,-0.47236204154199796,0
7.53,0,0.37397771528135026,3.6592015245425658,0,0.15920152454256584,-0.47397771528134419,0
7.54,0,0.37554599243408304,3.6544539060039885,0,0.15445390600398873,-0.47554599243407697,0
7.55,0,0.37706671617640769,3.6496908424609362,0,0.14969084246093634,-0.47706671617640162,0
7.56,0,0.37853973443975164,3.6449128102078556,0,0.1449128102078556,-0.47853973443974557,0
7.57,0,0.37996489992597104,3.640120287036027,0,0.14012028703602705,-0.47996489992596497,0
7.58,0,0.3813420701220801,3.6353137521857866,0,0.13531375218578687,-0.48134207012207403,0
7.59,0,0.38267110731450205,3.6304936862986037,0,0.13049368629860403,-0.48267110731449597,0
7.6,0,0.38395187860284014,3.6256605713690169,0,0.12566057136901737,-0.48395187860283406,0
7.61,0,0.38518425591316741,3.6208148906964368,0,0.12081489069643739,-0.48518425591316133,0
7.62,0,0.38636811601083371,3.6159571288368171,0,0.11595712883681744,-0.48636811601082763,0
7.63,0,0.38750334051278879,3.6110877715541991,0,0.11108777155419938,-0.48750334051278271,0
7.64,0,0.38858981589942049,3.6062073057721382,0,0.1062073057721384,-0.48858981589941441,0
7.65,0,0.38962743352590623,3.6013162195250117,0,0.10131621952501182,-0.48962743352590016,0
7.66,0,0.39061608963307737,3.5964150019092167,0,0.096415001909216966,-0.4906160896330713,0
7.67,0,0.39155568535779478,3.5915041430342622,0,0.091504143034262658,-0.49155568535778871,0
7.68,0,0.39244612674283491,3.586584133973759,0,0.086584133973759567,-0.49244612674282884,0
7.69,0,0.39328732474628531,3.5816554667163136,0,0.081655466716314032,-0.49328732474627923,0
7.7,0,0.39407919525044854,3.5767186341163302,0,0.076718634116330425,-0.49407919525044247,0
7.71,0,0.39482165907025385,3.5717741298447265,0,0.071774129844726975,-0.49482165907024778,0
7.72,0,0.39551464196117536,3.5668224483395696,0,0.066822448339569893,-0.49551464196116929,0
7.73,0,0.39615807462665636,3.5618640847566305,0,0.061864084756630792,-0.49615807462665029,0
7.74,0,0.39675189272503886,3.556899534919872,0,0.056899534919872374,-0.49675189272503278,0
7.75,0,0.39729603687599757,3.5519292952718668,0,0.051929295271867251,-0.4972960368759915,0
7.76,0,0.39779045266647767,3.5469538628241546,0,0.046953862824154938,-0.49779045266647159,0
7.77,0,0.39823509065613616,3.5419737351075415,0,0.041973735107541932,-0.49823509065613009,0
7.78,0,0.39862990638228563,3.5369894101223496,0,0.036989410122349881,-0.49862990638227955,0
7.79,0,0.39897486036434043,3.5320013862886164,0,0.032001386288616811,-0.49897486036433436,0
7.8,0,0.3992699181077648,3.5270101623962558,0,0.027010162396256344,-0.49926991810775873,0
7.81,0,0.39951505010752197,3.5220162375551793,0,0.022016237555179972,-0.4995150501075159,0
7.82,0,0.39971023185102483,3.5170201111453867,0,0.017020111145387297,-0.49971023185101876,0
7.83,0,0.39985544382058691,3.5120222827670289,0,0.0120222827670293,-0.49985544382058084,0
7.84,0,0.39995067149537428,3.5070232521904492,0,0.0070232521904495544,-0.4999506714953682,0
7.85,0,0.39999590535285756,3.5020235193062081,0,0.0020235193062084558,-0.49999590535285149,0
7.86,0,0.39999114086976406,3.4970235840750949,0,-0.0029764159249045926,-0.49999114086975799,0
7.87,0,0.39993637852253022,3.4920239464781337,0,-0.0079760535218660038,-0.49993637852252415,0
7.88,0,0.39983162378725384,3.4870251064665849,0,-0.012974893533414864,-0.49983162378724777,0
7.89,0,0.39967688713914651,3.4820275639119531,0,-0.017972436088046807,-0.49967688713914044,0
7.9,0,0.39947218405148627,3.4770318185560001,0,-0.02296818144399991,-0.49947218405148019,0
7.91,0,0.39921753499407014,3.4720383699607722,0,-0.027961630039227633,-0.49921753499406407,0
7.92,0,0.39891296543116722,3.4670477174586463,0,-0.03295228254135376,-0.49891296543116115,0
7.93,0,0.39855850581897245,3.4620603601023956,0,-0.037939639897604398,-0.49855850581896638,0
7.94,0,0.39815419160256088,3.4570767966152878,0,-0.042923203384712005,-0.49815419160255481,0
7.95,0,0.39770006321234341,3.4520975253412134,0,-0.047902474658786463,-0.49770006321233734,0
7.96,0,0.39719616606002373,3.4471230441948517,0,-0.052876955805148236,-0.49719616606001765,0
7.97,0,0.39664255053405739,3.4421538506118812,0,-0.057846149388118578,-0.49664255053405132,0
7.98,0,0.39603927199461297,3.4371904414992378,0,-0.062809558500761864,-0.4960392719946069,0
7.99,0,0.39538639076803628,3.4322333131854248,0,-0.067766686814575053,-0.4953863907680302,0
8,0,0.3946839721408178,3.4272829613708806,0,-0.072717038629119268,-0.49468397214081172,0
8.01,0,0.39393208635306426,3.4223398810784111,0,-0.077660118921588611,-0.49393208635305819,0
8.02,0,0.39313080859147476,3.4174045666036883,0,-0.082595433396311244,-0.49313080859146868,0
8.03,0,0.3922802189818223,3.4124775114658217,0,-0.08752248853417767,-0.49228021898181623,0
8.04,0,0.39138040258094148,3.4075592083580077,0,-0.092440791641991427,-0.4913804025809354,0
8.05,0,0.39043144936822283,3.4026501490982621,0,-0.097349850901737187,-0.49043144936821675,0
8.06,0,0.38943345423661535,3.3977508245802381,0,-0.10224917541976132,-0.48943345423660928,0
8.07,0,0.38838651698313725,3.3928617247241393,0,-0.10713827527586002,-0.48838651698313118,0
8.08,0,0.3872907422988966,3.3879833384277291,0,-0.11201666157227012,-0.48729074229889052,0
8.09,0,0.38614623975862244,3.3831161535174417,0,-0.11688384648255766,-0.48614623975861637,0
8.1,0,0.38495312380970764,3.3782606566996001,0,-0.12173934330039925,-0.48495312380970157,0
8.11,0,0.3837115137607644,3.3734173335117479,0,-0.12658266648825156,-0.48371151376075833,0
8.12,0,0.38242153376969362,3.3685866682740957,0,-0.1314133317259038,-0.48242153376968755,0
8.13,0,0.38108331283126956,3.3637691440410911,0,-0.13623085595890855,-0.48108331283126349,0
8.14,0,0.37969698476424057,3.3589652425531136,0,-0.14103475744688604,-0.4796969847642345,0
8.15,0,0.37826268819794767,3.3541754441883027,0,-0.14582455581169693,-0.4782626881979416,0
8.16,0,0.37678056655846182,3.3494002279145207,0,-0.15059977208547892,-0.47678056655845574,0
8.17,0,0.37525076805424173,3.3446400712414572,0,-0.15535992875854238,-0.47525076805423566,0
8.18,0,0.37367344566131344,3.3398954501728797,0,-0.16010454982712008,-0.47367344566130737,0
8.19,0,0.37204875710797303,3.3351668391590334,0,-0.16483316084096644,-0.47204875710796695,0
8.2,0,0.37037686485901417,3.3304547110491987,0,-0.16954528895080132,-0.47037686485900809,0
8.21,0,0.36865793609948216,3.3257595370444064,0,-0.17424046295559373,-0.46865793609947609,0
8.22,0,0.36689214271795578,3.3210817866503195,0,-0.17891821334968086,-0.46689214271794971,0
8.23,0,0.36507966128935881,3.3164219276302829,0,-0.18357807236971738,-0.46507966128935274,0
8.24,0,0.36322067305730299,3.3117804259585495,0,-0.18821957404145062,-0.46322067305729692,0
8.25,0,0.36131536391596414,3.3071577457736834,0,-0.1928422542263169,-0.46131536391595807,0
8.26,0,0.35936392439149328,3.3025543493321461,0,-0.19744565066785413,-0.45936392439148721,0
8.27,0,0.35736654962296438,3.2979706969620737,0,-0.20202930303792635,-0.45736654962295831,0
8.28,0,0.35532343934286098,3.2934072470172446,0,-0.20659275298275542,-0.45532343934285491,0
8.29,0,0.35323479785710343,3.288864455831245,0,-0.21113554416875518,-0.45323479785709736,0
8.3,0,0.35110083402461884,3.2843427776718364,0,-0.21565722232816373,-0.45110083402461276,0
8.31,0,0.34892176123645569,3.279842664695531,0,-0.22015733530446904,-0.44892176123644961,0
8.32,0,0.34669779739444523,3.2753645669023768,0,-0.22463543309762349,-0.44669779739443916,0
8.33,0,0.34442916488941189,3.2709089320909577,0,-0.22909106790904271,-0.44442916488940581,0
8.34,0,0.34211609057893477,3.2664762058136159,0,-0.23352379418638439,-0.4421160905789287,0
8.35,0,0.33975880576466233,3.2620668313318979,0,-0.23793316866810232,-0.43975880576465626,0
8.36,0,0.33735754616918295,3.2576812495722289,0,-0.24231875042777148,-0.43735754616917688,0
8.37,0,0.33491255191245317,3.2533198990818208,0,-0.2466801009181796,-0.4349125519124471,0
8.38,0,0.33242406748778636,3.2489832159848198,0,-0.25101678401518074,-0.43242406748778028,0
8.39,0,0.32989234173740389,3.2446716339386938,0,-0.25532836606130666,-0.42989234173739782,0
8.4,0,0.32731762782755169,3.2403855840908693,0,-0.25961441590913137,-0.42731762782754562,0
8.41,0,0.32470018322318411,3.2361254950356155,0,-0.26387450496438497,-0.42470018322317804,0
8.42,0,0.3220402696622181,3.2318917927711888,0,-0.2681082072288119,-0.42204026966221203,0
8.43,0,0.3193381531293602,3.227684900657231,0,-0.27231509934276971,-0.41933815312935413,0
8.44,0,0.31659410382950853,3.2235052393724368,0,-0.27649476062756401,-0.41659410382950246,0
8.45,0,0.31380839616073314,3.2193532268724856,0,-0.28064677312751518,-0.41380839616072707,0
8.46,0,0.31098130868683682,3.2152292783482479,0,-0.28477072165175299,-0.41098130868683075,0
8.47,0,0.30811312410949937,3.2111338061842662,0,-0.28886619381573458,-0.4081131241094933,0
8.48,0,0.30520412924000828,3.2070672199175188,0,-0.29293278008248208,-0.40520412924000221,0
8.49,0,0.30225461497057821,3.2030299261964661,0,-0.29697007380353496,-0.40225461497057213,0
8.5,0,0.29926487624526243,3.1990223287403872,0,-0.30097767125961411,-0.39926487624525636,0
8.51,0,0.29623521203045938,3.1950448282990087,0,-0.30495517170099268,-0.39623521203045331,0
8.52,0,0.29316592528501656,3.1910978226124316,0,-0.30890217738756998,-0.39316592528501049,0
8.53,0,0.29005732292993547,3.1871817063713568,0,-0.31281829362864466,-0.3900573229299294,0
8.54,0,0.28690971581768032,3.1832968711776188,0,-0.31670312882238266,-0.38690971581767425,0
8.55,0,0.28372341870109352,3.1794437055050251,0,-0.32055629449497647,-0.38372341870108745,0
8.56,0,0.28049875020192117,3.1756225946605099,0,-0.3243774053394915,-0.38049875020191509,0
8.57,0,0.2772360327789517,3.1718339207456054,0,-0.32816607925439578,-0.37723603277894563,0
8.58,0,0.27393559269577089,3.1680780626182319,0,-0.33192193738176934,-0.37393559269576482,0
8.59,0,0.27059775998813612,3.1643553958548125,0,-0.33564460414518882,-0.37059775998813005,0
8.6,0,0.26722286843097376,3.1606662927127172,0,-0.33933370728728429,-0.36722286843096769,0
8.61,0,0.26381125550500251,3.1570111220930372,0,-0.34298887790696414,-0.36381125550499643,0
8.62,0,0.26036326236298618,3.1533902495036972,0,-0.34660975049630405,-0.36036326236298011,0
8.63,0,0.25687923379561917,3.1498040370229043,0,-0.35019596297709699,-0.35687923379561309,0
8.64,0,0.25335951819704838,3.1462528432629409,0,-0.35374715673706025,-0.35335951819704231,0
8.65,0,0.2498044675300346,3.1427370233343055,0,-0.35726297666569562,-0.34980446753002853,0
8.66,0,0.24621443729075712,3.1392569288102017,0,-0.36074307118979954,-0.34621443729075108,0
8.67,0,0.24258978647326501,3.1358129076913817,0,-0.36418709230861956,-0.34258978647325899,0
8.68,0,0.23893087753357864,3.1324053043713476,0,-0.36759469562865371,-0.33893087753357265,0
8.69,0,0.23523807635344493,3.1290344596019124,0,-0.37096554039808877,-0.33523807635343894,0
8.7,0,0.23151175220375012,3.1257007104591263,0,-0.37429928954087466,-0.33151175220374413,0
8.71,0,0.2277522777075936,3.1224043903095695,0,-0.37759560969043132,-0.32775227770758758,0
8.72,0,0.22396002880302651,3.1191458287770164,0,-0.38085417122298437,-0.32396002880302049,0
8.73,0,0.22013538470545896,3.1159253517094738,0,-0.38407464829052673,-0.32013538470545294,0
8.74,0,0.21627872786973931,3.112743281146598,0,-0.38725671885340268,-0.31627872786973327,0
8.75,0,0.21239044395190976,3.1095999352874899,0,-0.39040006471251087,-0.31239044395190368,0
8.76,0,0.20847092177064158,3.1064956284588772,0,-0.39350437154112355,-0.30847092177063551,0
8.77,0,0.20452055326835436,3.1034306710836823,0,-0.39656932891631846,-0.30452055326834832,0
8.78,0,0.20053973347202267,3.1004053696499807,0,-0.3995946303500203,-0.30053973347201662,0
8.79,0,0.19652886045367432,3.0974200266803522,0,-0.40257997331964873,-0.29652886045366827,0
8.8,0,0.19248833529058423,3.0944749407016308,0,-0.40552505929836996,-0.29248833529057816,0
8.81,0,0.18841856202516763,3.0915704062150522,0,-0.40842959378494864,-0.28841856202516158,0
8.82,0,0.1843199476245769,3.0887067136668036,0,-0.41129328633319728,-0.28431994762457086,0
8.83,0,0.18019290194000581,3.0858841494189808,0,-0.41411585058102013,-0.28019290193999979,0
8.84,0,0.17603783766570547,3.0831029957209521,0,-0.41689700427904863,-0.27603783766569945,0
8.85,0,0.17185517029771588,3.0803635306811352,0,-0.41963646931886567,-0.27185517029770989,0
8.86,0,0.16764531809231747,3.077666028239185,0,-0.42233397176081577,-0.26764531809231146,0
8.87,0,0.1634087020242064,3.0750107581386024,0,-0.42498924186139836,-0.26340870202420041,0
8.88,0,0.15914574574439821,3.0723979858997592,0,-0.42760201410024135,-0.2591457457443922,0
8.89,0,0.15485687553786376,3.0698279727933482,0,-0.4301720272066526,-0.25485687553785774,0
8.9,0,0.15054252028090176,3.0673009758142542,0,-0.43269902418574635,-0.25054252028089574,0
8.91,0,0.14620311139825232,3.0648172476558586,0,-0.43518275234414205,-0.2462031113982463,0
8.92,0,0.14183908281995544,3.0623770366847678,0,-0.43762296331523304,-0.24183908281994942,0
8.93,0,0.13745087093795916,3.0599805869159784,0,-0.44001941308402254,-0.23745087093795314,0
8.94,0,0.13303891456248143,3.0576281379884764,0,-0.44237186201152467,-0.23303891456247541,0
8.95,0,0.12860365487813016,3.0553199251412733,0,-0.44468007485872768,-0.22860365487812415,0
8.96,0,0.12414553539978594,3.0530561791898836,0,-0.44694382081011719,-0.22414553539977991,0
8.97,0,0.11966500192825157,3.0508371265032435,0,-0.44916287349675732,-0.21966500192824553,0
8.98,0,0.11516250250567314,3.0486629889810737,0,-0.45133701101892687,-0.21516250250566712,0
8.99,0,0.11063848737073696,3.0465339840316918,0,-0.45346601596830888,-0.21063848737073093,0
9,0,0.10609340891364677,3.0444503245502701,0,-0.45554967544973074,-0.20609340891364072,0
9.01,0,0.10152772163088584,3.0424122188975473,0,-0.45758778110245335,-0.20152772163087981,0
9.02,0,0.096941882079768546,3.0404198708789942,0,-0.45958012912100654,-0.19694188207976251,0
9.03,0,0.092336348832785672,3.0384734797244315,0,-0.46152652027556923,-0.19233634883277964,0
9.04,0,0.087711582431748369,3.0365732400681087,0,-0.46342675993189186,-0.18771158243174232,0
9.05,0,0.083068045341735119,3.0347193419292413,0,-0.46528065807075925,-0.18306804534172907,0
9.06,0,0.078406201904846359,3.0329119706930086,0,-0.46708802930699211,-0.17840620190484033,0
9.07,0,0.07372651829377147,3.0311513070920153,0,-0.46884869290798514,-0.17372651829376545,0
9.08,0,0.06902946246517265,3.0294375271882208,0,-0.47056247281177982,-0.16902946246516662,0
9.09,0,0.064315504112890401,3.0277708023553305,0,-0.47222919764467008,-0.16431550411288437,0
9.1,0,0.059585114620975356,3.0261512992616613,0,-0.47384870073833935,-0.15958511462096933,0
9.11,0,0.054838767016551021,3.0245791798534736,0,-0.47542082014652692,-0.154838767016545,0
9.12,0,0.050076935922512278,3.0230546013387785,0,-0.47694539866122215,-0.15007693592250626,0
9.13,0,0.045300097510064238,3.0215777161716155,0,-0.47842228382838498,-0.14530009751005823,0
9.14,0,0.040508729451106361,3.0201486720368096,0,-0.47985132796319074,-0.14050872945110035,0
9.15,0,0.035703310870466416,3.0187676118352016,0,-0.48123238816479857,-0.13570331087046039,0
9.16,0,0.030884322297989219,3.0174346736693596,0,-0.48256532633064081,-0.13088432229798319,0
9.17,0,0.026052245620484849,3.0161499908297671,0,-0.48385000917023313,-0.12605224562047881,0
9.18,0,0.021207564033541168,3.0149136917814969,0,-0.48508630821850318,-0.12120756403353514,0
9.19,0,0.016350761993205468,3.0137259001513632,0,-0.48627409984863684,-0.11635076199319944,0
9.2,0,0.011482325167540081,3.0125867347155597,0,-0.48741326528444051,-0.11148232516753405,0
9.21,0,0.0066027403880567857,3.0114963093877818,0,-0.48850369061221843,-0.10660274038805076,0
9.22,0,0.0017124956010348743,3.0104547332078364,0,-0.48954526679216381,-0.10171249560102885,0
9.23,0,3.9968120798187279,3.0094621103307375,0,-0.49053788966926254,-0.096812079818721725,0
9.24,0,3.9919019830704632,3.0085185400162917,0,-0.49148145998370846,-0.091901983070456869,0
9.25,0,3.9869826963536403,3.0076241166191711,0,-0.49237588338082894,-0.086982696353634176,0
9.26,0,3.9820547115846336,3.0067789295794798,0,-0.49322107042052027,-0.082054711584627432,0
9.27,0,3.9771185215495999,3.0059830634138085,0,-0.49401693658619139,-0.07711852154959388,0
9.28,0,3.972174619855203,3.0052365977067845,0,-0.49476340229321536,-0.072174619855196853,0
9.29,0,3.9672235008792525,3.0045396071031125,0,-0.49546039289688759,-0.067223500879246334,0
9.3,0,3.9622656597212687,3.0038921613001102,0,-0.49610783869989011,-0.062265659721262447,0
9.31,0,3.9573015921529731,3.0032943250407391,0,-0.49670567495926127,-0.057301592152966693,0
9.32,0,3.9523317945687122,3.0027461581071306,0,-0.49725384189286964,-0.052331794568706042,0
9.33,0,3.9473567639358209,3.0022477153146081,0,-0.49775228468539223,-0.047356763935814734,0
9.34,0,3.9423769977449248,3.0017990465062043,0,-0.49820095349379589,-0.042376997744918793,0
9.35,0,3.9373929939601942,3.0014001965476789,0,-0.49859980345232141,-0.037392993960188206,0
9.36,0,3.9324052509695475,3.00105120532303,0,-0.49894879467697006,-0.032405250969541749,0
9.37,0,3.9274142675348154,3.0007521077305084,0,-0.49924789226949184,-0.027414267534809439,0
9.38,0,3.9224205427418637,3.0005029336791251,0,-0.4994970663208752,-0.022420542741857605,0
9.39,0,3.9174245759506876,3.0003037080856623,0,-0.4996962919143379,-0.017424575950681538,0
9.4,0,3.9124268667454767,3.0001544508721816,0,-0.49984554912781864,-0.012426866745470755,0
9.41,0,3.9074279148846576,3.0000551769640311,0,-0.49994482303596927,-0.0074279148846518143,0
9.42,0,3.9024282202509193,3.0000058962883531,0,-0.4999941037116471,-0.0024282202509137325,0
9.43,0,3.8974282828012266,3.0000066137730923,0,-0.49999338622690775,0.0025717171987790421,0
9.44,0,3.8924286025168247,3.000057329346502,0,-0.49994267065349796,0.0075713974831810712,0
9.45,0,3.887429679353243,3.000158037937152,0,-0.49984196206284826,0.012570320646762802,0
9.46,0,3.882432013190301,3.0003087294744342,0,-0.49969127052556589,0.017567986809704873,0
9.47,0,3.877436103782121,3.0005093888895722,0,-0.49949061111042792,0.022563896217884842,0
9.48,0,3.8724424507071546,3.0007599961171261,0,-0.49924000388287426,0.027557549292851355,0
9.49,0,3.8674515533182254,3.0010605260969991,0,-0.49893947390300109,0.032548446681780731,0
9.5,0,3.8624639106925951,3.0014109487769449,0,-0.49858905122305514,0.037536089307411015,0
9.51,0,3.8574800215820577,3.0018112291155719,0,-0.49818877088442831,0.042519978417948433,0
9.52,0,3.852500384363065,3.0022613270858463,0,-0.49773867291415386,0.047499615636941342,0
9.53,0,3.8475254969868895,3.0027611976790967,0,-0.49723880232090356,0.052474503013116632,0
9.54,0,3.8425558569298324,3.0033107909095129,0,-0.49668920909048708,0.057444143070173585,0
9.55,0,3.8375919611434757,3.0039100518191466,0,-0.49608994818085356,0.06240803885653029,0
9.56,0,3.8326343060049886,3.0045589204834044,0,-0.49544107951659583,0.067365693995017531,0
9.57,0,3.8276833872674909,3.0052573320170421,0,-0.49474266798295818,0.072316612732515301,0
9.58,0,3.8227397000104792,3.0060052165806526,0,-0.49399478341934799,0.077260299989526826,0
9.59,0,3.817803738590321,3.0068024993876485,0,-0.49319750061235196,0.08219626140968532,0
9.6,0,3.8128759965908179,3.0076491007117427,0,-0.49235089928825759,0.087124003409188369,0
9.61,0,3.8079569667738511,3.0085449358949194,0,-0.49145506410508089,0.092043033226155063,0
9.62,0,3.8030471410301052,3.0094899153558998,0,-0.49051008464410062,0.096952858969900968,0
9.63,0,3.7981470103298802,3.0104839445991001,0,-0.48951605540090048,0.10185298967012597,0
9.64,0,3.793257064673996,3.0115269242240807,0,-0.48847307577591981,0.10674293532601008,0
9.65,0,3.7883777930447939,3.0126187499354868,0,-0.48738125006451372,0.11162220695521224,0
9.66,0,3.7835096833572388,3.0137593125534767,0,-0.48624068744652382,0.11649031664276743,0
9.67,0,3.7786532224101292,3.0149484980246402,0,-0.48505150197536062,0.12134677758987686,0
9.68,0,3.7738088958374196,3.0161861874334024,0,-0.48381381256659828,0.12619110416258666,0
9.69,0,3.7689771880596563,3.017472257013917,0,-0.48252774298608359,0.13102281194035006,0
9.7,0,3.7641585822355381,3.0188065781624411,0,-0.48119342183755948,0.13584141776446829,0
9.71,0,3.7593535602136012,3.0201890174501953,0,-0.47981098254980509,0.14064643978640512,0
9.72,0,3.7545626024840359,3.0216194366367071,0,-0.47838056336329321,0.14543739751597062,0
9.73,0,3.7497861881306376,3.0230976926836339,0,-0.47690230731636651,0.15021381186936891,0
9.74,0,3.7450247947829012,3.0246236377690665,0,-0.47537636223093416,0.15497520521710542,0
9.75,0,3.740278898568258,3.0261971193023109,0,-0.47380288069768989,0.15972110143174853,0
9.76,0,3.7355489740644652,3.0278179799391474,0,-0.47218202006085341,0.16445102593554126,0
9.77,0,3.7308354942521489,3.0294860575975644,0,-0.47051394240243644,0.16916450574785771,0
9.78,0,3.7261389304675063,3.0312011854739662,0,-0.46879881452603467,0.17386106953250008,0
9.79,0,3.7214597523551753,3.032963192059853,0,-0.46703680794014801,0.17854024764483098,0
9.8,0,3.7167984278212693,3.0347719011589707,0,-0.46522809884103017,0.18320157217873687,0
9.81,0,3.712155422986589,3.0366271319049316,0,-0.46337286809506939,0.18784457701341736,0
9.82,0,3.70753120214001,3.0385286987792988,0,-0.46147130122070235,0.19246879785999621,0
9.83,0,3.7029262276920574,3.0404764116301384,0,-0.45952358836986262,0.19707377230794904,0
9.84,0,3.6983409601286632,3.042470075691035,0,-0.45752992430896616,0.20165903987134318,0
9.85,0,3.6937758579651212,3.0445094916005662,0,-0.455490508399435,0.20622414203488518,0
9.86,0,3.689231377700235,3.0465944554222393,0,-0.45340554457776172,0.21076862229977117,0
9.87,0,3.6847079737706707,3.0487247586648847,0,-0.45127524133511621,0.21529202622933555,0
9.88,0,3.6802060985055127,3.0509001883035038,0,-0.44909981169649704,0.21979390149449363,0
9.89,0,3.6757262020810333,3.053120526800571,0,-0.44687947319942972,0.22427379791897326,0
9.9,0,3.6712687324756752,3.0553855521277877,0,-0.44461444787221321,0.22873126752433148,0
9.91,0,3.6668341354252556,3.057695037788283,0,-0.44230496221171778,0.23316586457475114,0
9.92,0,3.6624228543783932,3.0600487528392648,0,-0.43995124716073597,0.23757714562161342,0
9.93,0,3.6580353304521651,3.0624464619151119,0,-0.43755353808488867,0.24196466954784154,0
9.94,0,3.6536720023879954,3.0648879252509111,0,-0.43511207474908942,0.24632799761201143,0
9.95,0,3.6493333065077822,3.0673728987064321,0,-0.43262710129356824,0.2506666934922247,0
9.96,0,3.6450196766702669,3.069901133790542,0,-0.43009886620945842,0.25498032332973986,0
9.97,0,3.6407315442276498,3.0724723776860525,0,-0.42752762231394792,0.25926845577235691,0
9.98,0,3.6364693379824549,3.0750863732750022,0,-0.42491362672499838,0.26353066201755165,0
9.99,0,3.6322334841446517,3.077742859164367,0,-0.42225714083563387,0.26776651585535483,0
10,0,3.6280244062890348,3.0804415697121987,0,-0.41955843028780226,0.27197559371097202,0
10.01,0,3.6238425253128668,3.0831822350541893,0,-0.41681776494581169,0.27615747468714008,0
10.02,0,3.6196882593937909,3.0859645811306562,0,-0.41403541886934492,0.28031174060621589,0
10.03,0,3.615562023948014,3.0887883297139473,0,-0.41121167028605388,0.28443797605199289,0
10.04,0,3.6114642315887648,3.0916531984362634,0,-0.4083468015637377,0.28853576841124184,0
10.05,0,3.6073952920850356,3.0945589008178946,0,-0.40544109918210663,0.29260470791497106,0
10.06,0,3.6033556123206045,3.0975051462958665,0,-0.40249485370413479,0.29664438767940227,0
10.07,0,3.5993455962533489,3.1004916402529967,0,-0.39950835974700449,0.30065440374665797,0
10.08,0,3.5953656448748506,3.103518084047356,0,-0.39648191595264543,0.30463435512515624,0
10.09,0,3.5914161561702982,3.1065841750421304,0,-0.39341582495787109,0.30858384382970883,0
10.1,0,3.5874975250786885,3.1096896066358855,0,-0.39031039336411594,0.31250247492131877,0
10.11,0,3.5836101434533338,3.1128340682932256,0,-0.38716593170677599,0.31638985654667323,0
10.12,0,3.5797544000226793,3.1160172455758457,0,-0.38398275442415597,0.32024559997732788,0
10.13,0,3.5759306803514286,3.1192388201739751,0,-0.38076117982602642,0.32406931964857877,0
10.14,0,3.5721393668019896,3.1224984699382081,0,-0.37750153006179343,0.32786063319801789,0
10.15,0,3.5683808384962394,3.1257958689117169,0,-0.37420413108828449,0.3316191615037683,0
10.16,0,3.5646554712776122,3.1291306873628479,0,-0.37086931263715367,0.33534452872239551,0
10.17,0,3.5609636376735168,3.1325025918180924,0,-0.36749740818190924,0.33903636232649081,0
10.18,0,3.5573057068580844,3.1359112450954343,0,-0.36408875490456716,0.34269429314192318,0
10.19,0,3.5536820446152517,3.1393563063380676,0,-0.36064369366193377,0.34631795538475568,0
10.2,0,3.5500930133021846,3.1428374310484806,0,-0.35716256895152088,0.34990698669782294,0
10.21,0,3.5465389718130416,3.1463542711229047,0,-0.35364572887709694,0.35346102818696601,0
10.22,0,3.5430202755430868,3.1499064748861243,0,-0.35009352511387754,0.35697972445692089,0
10.23,0,3.5395372763531507,3.1534936871266432,0,-0.34650631287335865,0.36046272364685705,0
10.24,0,3.5360903225344451,3.1571155491322052,0,-0.34288445086779656,0.36390967746556285,0
10.25,0,3.5326797587737344,3.1607716987256644,0,-0.3392283012743374,0.36732024122627355,0
10.26,0,3.5293059261188686,3.1644617703012017,0,-0.33553822969880032,0.37069407388113923,0
10.27,0,3.5259691619446789,3.1681853948608842,0,-0.33181460513911798,0.37403083805532883,0
10.28,0,3.5226697999192411,3.1719422000515647,0,-0.32805779994843748,0.37733020008076662,0
10.29,0,3.5194081699705095,3.1757318102021159,0,-0.32426818979788613,0.38059183002949826,0
10.3,0,3.5161845982533251,3.1795538463609967,0,-0.32044615363900525,0.38381540174668272,0
10.31,0,3.5129994071168009,3.1834079263341462,0,-0.31659207366585579,0.38700059288320704,0
10.32,0,3.5098529150720879,3.1872936647232017,0,-0.31270633527680014,0.39014708492792033,0
10.33,0,3.5067454367605242,3.1912106729640386,0,-0.30878932703596312,0.39325456323948416,0
10.34,0,3.5036772829221725,3.1951585593656251,0,-0.30484144063437651,0.39632271707783584,0
10.35,0,3.5006487603647467,3.1991369291491907,0,-0.30086307085081104,0.39935123963526176,0
10.36,0,3.4976601719329312,3.2031453844877023,0,-0.29685461551229936,0.4023398280670773,0
10.37,0,3.4947118164780981,3.207183524545647,0,-0.29281647545435441,0.40528818352191059,0
10.38,0,3.4918039888284218,3.2112509455191147,0,-0.28874905448088695,0.40819601117158683,0
10.39,0,3.4889369797593983,3.2153472406761758,0,-0.28465275932382594,0.41106302024061037,0
10.4,0,3.4861110759647671,3.219472000397555,0,-0.28052799960244668,0.41388892403524175,0
10.41,0,3.4833265600278427,3.2236248122175919,0,-0.27637518778240966,0.41667343997216605,0
10.42,0,3.4805837103932582,3.2278052608654866,0,-0.27219473913451508,0.41941628960675065,0
10.43,0,3.4778828013391196,3.2320129283068249,0,-0.26798707169317687,0.42211719866088909,0
10.44,0,3.4752241029495807,3.2362473937853813,0,-0.26375260621462027,0.42477589705042806,0
10.45,0,3.4726078810878338,3.2405082338651945,0,-0.25949176613480723,0.42739211891217521,0
10.46,0,3.4700343973695245,3.2447950224729079,0,-0.25520497752709392,0.42996560263048472,0
10.47,0,3.4675039091365907,3.2491073309403773,0,-0.25089266905962443,0.43249609086341834,0
10.48,0,3.4650166694315301,3.2534447280475369,0,-0.24655527195246493,0.43498333056847877,0
10.49,0,3.4625729269720953,3.2578067800655188,0,-0.24219321993448298,0.4374270730279135,0
10.5,0,3.4601729261264231,3.2621930508000263,0,-0.23780694919997547,0.43982707387358577,0
10.51,0,3.4578169068885982,3.2666031016349515,0,-0.23339689836505048,0.44218309311141091,0
10.52,0,3.4555051048546543,3.2710364915762353,0,-0.22896350842376664,0.44449489514535501,0
10.53,0,3.4532377511990155,3.275492777295967,0,-0.22450722270403489,0.44676224880099402,0
10.54,0,3.4510150726513791,3.2799715131767151,0,-0.22002848682328677,0.4489849273486306,0
10.55,0,3.4488372914740433,3.284472251356088,0,-0.21552774864391377,0.45116270852596663,0
10.56,0,3.4467046254396814,3.2889945417715194,0,-0.2110054582284823,0.45329537456032859,0
10.57,0,3.4446172878095651,3.2935379322052731,0,-0.20646206779472842,0.45538271219044463,0
10.58,0,3.4425754873122396,3.2981019683296644,0,-0.20189803167033735,0.45742451268776996,0
10.59,0,3.4405794281226503,3.3026861937524901,0,-0.19731380624751171,0.45942057187735919,0
10.6,0,3.4386293098417262,3.3072901500626681,0,-0.1927098499373335,0.46137069015828341,0
10.61,0,3.4367253274764198,3.3119133768760776,0,-0.18808662312392413,0.46327467252358973,0
10.62,0,3.434867671420208,3.3165554118815943,0,-0.18344458811840716,0.46513232857980136,0
10.63,0,3.4330565274340525,3.3212157908873232,0,-0.17878420911267837,0.46694347256595681,0
10.64,0,3.4312920766278241,3.3258940478670138,0,-0.17410595213298766,0.46870792337218514,0
10.65,0,3.4295744954421923,3.3305897150066639,0,-0.16941028499333766,0.47042550455781679,0
10.66,0,3.427903955630982,3.3353023227512981,0,-0.16469767724870343,0.47209604436902697,0
10.67,0,3.426280624243998,3.3400313998519233,0,-0.15996860014807823,0.47371937575601086,0
10.68,0,3.4247046636103211,3.3447764734126517,0,-0.15522352658734972,0.47529533638968802,0
10.69,0,3.4231762313220742,3.3495370689379897,0,-0.15046293106201161,0.4768237686779348,0
10.7,0,3.4216954802186654,3.3543127103802863,0,-0.14568728961971522,0.47830451978134342,0
10.71,0,3.4202625583715034,3.3591029201873357,0,-0.14089707981266597,0.47973744162850535,0
10.72,0,3.4188776090691908,3.3639072193501325,0,-0.13609278064986935,0.48112239093081804,0
10.73,0,3.4175407708031953,3.3687251274507708,0,-0.1312748725492312,0.48245922919681355,0
10.74,0,3.4162521772540018,3.3735561627104849,0,-0.12644383728951711,0.48374782274600731,0
10.75,0,3.4150119572777431,3.3783998420378261,0,-0.12160015796217574,0.48498804272226576,0
10.76,0,3.4138202348933171,3.3832556810769709,0,-0.11674431892303096,0.48617976510669181,0
10.77,0,3.4126771292699827,3.3881231942561545,0,-0.11187680574384737,0.48732287073002623,0
10.78,0,3.4115827547154445,3.3930018948362273,0,-0.10699810516377442,0.48841724528456432,0
10.79,0,3.4105372206644224,3.3978912949593281,0,-0.10210870504067367,0.48946277933558657,0
10.8,0,3.4095406316677073,3.4027909056976675,0,-0.097209094302334223,0.49045936833230164,0
10.81,0,3.4085930873817079,3.4077002371024205,0,-0.092299762897581211,0.49140691261830122,0
10.82,0,3.4076946825584837,3.4126187982527196,0,-0.087381201747282075,0.49230531744152556,0
10.83,0,3.4068455070362709,3.4175460973047458,0,-0.082453902695255751,0.49315449296373826,0
10.84,0,3.4060456457304991,3.4224816415409118,0,-0.077518358459089512,0.49395435426951001,0
10.85,0,3.4052951786252992,3.4274249374191328,0,-0.072575062580868419,0.49470482137470978,0
10.86,0,3.4045941807655056,3.4323754906221788,0,-0.067624509377822356,0.49540581923450322,0
10.87,0,3.4039427222491518,3.4373328061071056,0,-0.062667193892895559,0.49605727775085678,0
10.88,0,3.4033408682204613,3.4422963881547575,0,-0.057703611845243537,0.49665913177954746,0
10.89,0,3.4027886788633319,3.4472657404193385,0,-0.052734259580662413,0.49721132113667699,0
10.9,0,3.402286209395319,3.4522403659780454,0,-0.047759634021955578,0.49771379060469007,0
10.91,0,3.4018335100621129,3.4572197673807583,0,-0.042780232619242645,0.49816648993789603,0
10.92,0,3.4014306261325156,3.4622034466997853,0,-0.037796553300215696,0.49856937386749334,0
10.93,0,3.401077597893913,3.467190905579653,0,-0.032809094420347747,0.49892240210609617,0
10.94,0,3.400774460648246,3.4721816452869425,0,-0.027818354713058449,0.49922553935176323,0
10.95,0,3.4005212447084814,3.4771751667601589,0,-0.022824833239841993,0.49947875529152774,0
10.96,0,3.4003179753955806,3.4821709706596389,0,-0.01782902934036221,0.49968202460442879,0
10.97,0,3.4001646730359663,3.4871685574174811,0,-0.01283144258251985,0.4998353269640432,0
10.98,0,3.400061352959491,3.4921674272875038,0,-0.0078325727124970435,0.49993864704051827,0
10.99,0,3.4000080254979044,3.4971670803952168,0,-0.0028329196047839284,0.4999919745021047,0
11,0,3.4000046959838195,3.5021670167878085,0,0.0021670167878075431,0.49999530401618958,0
11.01,0,3.4000513647501793,3.5071667364841388,0,0.0071667364841376405,0.49994863524982985,0
11.02,0,3.4001480271302236,3.512165739524737,0,0.012165739524735718,0.4998519728697855,0
11.03,0,3.4002946734579562,3.5171635260217964,0,0.017163526021794911,0.49970532654205285,0
11.04,0,3.400491289069111,3.522159596209161,0,0.022159596209159665,0.4995087109308981,0
11.05,0,3.4007378543026183,3.5271534504923023,0,0.027153450492301112,0.4992621456973908,0
11.06,0,3.401034344502571,3.5321445894982766,0,0.032144589498275256,0.49896565549743793,0
11.07,0,3.4013807300206906,3.5371325141256604,0,0.037132514125659037,0.49861926997931827,0
11.08,0,3.4017769762192911,3.5421167255944606,0,0.042116725594459219,0.4982230237807177,0
11.09,0,3.4022230434747431,3.5470967254959906,0,0.047096725495989138,0.49777695652526543,0
11.1,0,3.4027188871814364,3.5520720158427097,0,0.052072015842708326,0.49728111281857196,0
11.11,0,3.4032644577562401,3.5570420991180214,0,0.05704209911802003,0.49673554224376831,0
11.12,0,3.4038597006434603,3.562006478326023,0,0.062006478326021616,0.49614029935654813,0
11.13,0,3.4045045563202962,3.5669646570412041,0,0.066964657041202913,0.49549544367971199,0
11.14,0,3.4051989603027928,3.5719161394580889,0,0.071916139458087558,0.49480103969721556,0
11.15,0,3.4059428431522871,3.5768604304408136,0,0.076860430440812241,0.49405715684772106,0
11.16,0,3.4067361304823542,3.5817970355726403,0,0.081797035572639121,0.49326386951765377,0
11.17,0,3.4075787429662445,3.5867254612053974,0,0.086725461205396204,0.4924212570337636,0
11.18,0,3.4084705963448156,3.591645214508842,0,0.091645214508840986,0.49152940365519243,0
11.19,0,3.4094116014349596,3.5965558035199434,0,0.096555803519942196,0.49058839856504849,0
11.2,0,3.4104016641385195,3.601456737192076,0,0.10145673719207488,0.48959833586148838,0
11.21,0,3.4114406854517005,3.6063475254441251,0,0.10634752544412385,0.48855931454830737,0
11.22,0,3.4125285614749687,3.6112276792094917,0,0.11122767920949059,0.48747143852503927,0
11.23,0,3.4136651834234413,3.6160967104849999,0,0.11609671048499862,0.4863348165765668,0
11.24,0,3.4148504376377646,3.6209541323796941,0,0.12095413237969267,0.48514956236224333,0
11.25,0,3.4160842055954808,3.6257994591635279,0,0.12579945916352653,0.48391579440452726,0
11.26,0,3.417366363922878,3.6306322063159362,0,0.13063220631593481,0.48263363607712995,0
11.27,0,3.418696784407329,3.6354518905742852,0,0.13545189057428386,0.48130321559267886,0
11.28,0,3.4200753340101113,3.6402580299821983,0,0.14025802998219675,0.47992466598989647,0
11.29,0,3.421501874879711,3.6450501439377492,0,0.14505014393774771,0.47849812512029677,0
11.3,0,3.4229762643656074,3.6498277532415226,0,0.1498277532415212,0.47702373563440043,0
11.31,0,3.4244983550325379,3.6545903801445321,0,0.15459038014453055,0.47550164496747016,0
11.32,0,3.4260679946752406,3.6593375483959933,0,0.15933754839599173,0.47393200532476754,0
11.33,0,3.4276850263336751,3.6640687832909489,0,0.16406878329094723,0.47231497366633285,0
11.34,0,3.4293492883087184,3.6687836117177368,0,0.16878361171773534,0.47065071169128941,0
11.35,0,3.4310606141783335,3.6734815622053016,0,0.17348156220530017,0.46893938582167422,0
11.36,0,3.4328188328142115,3.6781621649703391,0,0.17816216497033752,0.46718116718579605,0
11.37,0,3.4346237683988847,3.6828249519642737,0,0.18282495196427212,0.46537623160112301,0
11.38,0,3.4364752404433063,3.6874694569200628,0,0.18746945692006123,0.46352475955670136,0
11.39,0,3.4383730638049008,3.692095215398822,0,0.19209521539882027,0.46162693619510697,0
11.4,0,3.4403170487060764,3.6967017648362672,0,0.19670176483626545,0.45968295129393155,0
11.41,0,3.4423070007532024,3.701288644588971,0,0.20128864458896914,0.4576929992468054,0
11.42,0,3.4443427209560493,3.705855395980425,0,0.20585539598042296,0.45565727904395842,0
11.43,0,3.4464240057476858,3.7104015623469064,0,0.21040156234690435,0.45357599425232176,0
11.44,0,3.4485506470048359,3.7149266890831441,0,0.21492668908314183,0.45144935299517153,0
11.45,0,3.4507224320686904,3.7194303236877766,0,0.21943032368777426,0.44927756793131696,0
11.46,0,3.4529391437661725,3.7239120158086023,0,0.22391201580860001,0.44706085623383507,0
11.47,0,3.4552005604316536,3.7283713172876132,0,0.22837131728761095,0.44479943956835399,0
11.48,0,3.4575064559291206,3.7328077822058092,0,0.23280778220580717,0.44249354407088692,0
11.49,0,3.4598565996747888,3.7372209669277896,0,0.23722096692778769,0.44014340032521893,0
11.5,0,3.4622507566601581,3.7416104301461148,0,0.24161043014611303,0.43774924333984944,0
11.51,0,3.4646886874755158,3.7459757329254364,0,0.24597573292543473,0.43531131252449168,0
11.52,0,3.4671701483338748,3.7503164387463896,0,0.25031643874638787,0.43282985166613258,0
11.53,0,3.4696948910953531,3.7546321135492438,0,0.25463211354924181,0.43030510890465445,0
11.54,0,3.472262663291986,3.758922325777307,0,0.25892232577730517,0.42773733670802172,0
11.55,0,3.4748732081529727,3.7631866464200825,0,0.26318664642008044,0.42512679184703478,0
11.56,0,3.4775262646303537,3.7674246490561658,0,0.26742464905616387,0.42247373536965355,0
11.57,0,3.4802215674251138,3.7716359098958887,0,0.2716359098958866,0.41977843257489328,0
11.58,0,3.4829588470137116,3.7758200078236945,0,0.27582000782369254,0.4170411529862954,0
11.59,0,3.4857378296750312,3.7799765244402508,0,0.2799765244402489,0.4142621703249757,0
11.6,0,3.4885582375177537,3.7841050441042867,0,0.28410504410428505,0.411441762482253,0
11.61,0,3.4914197885081459,3.7882051539741575,0,0.28820515397415564,0.4085802114918608,0
11.62,0,3.4943221964982625,3.7922764440491257,0,0.29227644404912367,0.40567780350174443,0
11.63,0,3.4972651712545599,3.7963185072103616,0,0.29631850721035963,0.40273482874544703,0
11.64,0,3.5002484184869198,3.8003309392616544,0,0.30033093926165227,0.39975158151308698,0
11.65,0,3.503271639878077,3.8043133389698296,0,0.30431333896982737,0.39672836012192958,0
11.66,0,3.5063345331134506,3.8082653081048718,0,0.3082653081048698,0.39366546688655607,0
11.67,0,3.5094367919113738,3.8121864514797479,0,0.31218645147974572,0.39056320808863298,0
11.68,0,3.5125781060537222,3.8160763769899226,0,0.3160763769899203,0.38742189394628468,0
11.69,0,3.5157581614169349,3.8199346956525693,0,0.3199346956525671,0.38424183858307226,0
11.7,0,3.5189766400034252,3.8237610216454674,0,0.32376102164546539,0.3810233599965821,0
11.71,0,3.5222332199733803,3.8275549723455833,0,0.32755497234558145,0.37776678002662689,0
11.72,0,3.5255275756769451,3.8313161683673318,0,0.33131616836732991,0.37447242432306233,0
11.73,0,3.5288593776867843,3.8350442336005131,0,0.33504423360051133,0.37114062231322315,0
11.74,0,3.5322282928310265,3.8387387952479242,0,0.33873879524792233,0.367771707168981,0
11.75,0,3.5356339842265792,3.8423994838626361,0,0.34239948386263436,0.3643660157734282,0
11.76,0,3.5390761113128169,3.8460259333849391,0,0.34602593338493742,0.36092388868719033,0
11.77,0,3.5425543298856361,3.8496177811789472,0,0.34961778117894521,0.35744567011437089,0
11.78,0,3.5460682921318751,3.8531746680688599,0,0.35317466806885772,0.35393170786813188,0
11.79,0,3.5496176466640939,3.8566962383748802,0,0.35669623837487796,0.35038235333591322,0
11.8,0,3.5532020385557122,3.860182139948781,0,0.36018213994877901,0.34679796144429492,0
11.81,0,3.5568211093765014,3.86363202420912,0,0.363632024209118,0.34317889062350543,0
11.82,0,3.5604744972284275,3.8670455461760955,0,0.36704554617609342,0.33952550277157939,0
11.83,0,3.564161836781838,3.8704223645060445,0,0.37042236450604216,0.33583816321816873,0
11.84,0,3.5678827593119959,3.8737621415255754,0,0.37376214152557308,0.33211724068801063,0
11.85,0,3.5716368927359503,3.8770645432653357,0,0.3770645432653334,0.3283631072640561,0
11.86,0,3.5754238616497438,3.8803292394934075,0,0.38032923949340497,0.32457613835026239,0
11.87,0,3.5792432873659523,3.8835559037483289,0,0.38355590374832654,0.32075671263405375,0
11.88,0,3.5830947879515525,3.8867442133717414,0,0.38674421337173909,0.3169052120484534,0
11.89,0,3.5869779782661144,3.8898938495406532,0,0.38989384954065082,0.31302202173389143,0
11.9,0,3.5908924700003144,3.8930044972993212,0,0.39300449729931874,0.3091075299996916,0
11.91,0,3.5948378717147649,3.896075845590746,0,0.39607584559074344,0.30516212828524131,0
11.92,0,3.5988137888791574,3.8991075872877765,0,0.3991075872877739,0.3011862111208487,0
11.93,0,3.6028198239117155,3.9020994192238221,0,0.40209941922381959,0.29718017608829073,0
11.94,0,3.6068555762189503,3.9050510422231688,0,0.40505104222316635,0.29314442378105582,0
11.95,0,3.6109206422357207,3.9079621611308957,0,0.40796216113089306,0.28907935776428551,0
11.96,0,3.6150146154655873,3.910832484842389,0,0.4108324848423866,0.28498538453441913,0
11.97,0,3.6191370865214614,3.913661726332454,0,0.41366172633245141,0.28086291347854492,0
11.98,0,3.6232876431665435,3.9164496026840139,0,0.41644960268401143,0.27671235683346262,0
11.99,0,3.6274658703555454,3.9191958351164033,0,0.41919583511640107,0.27253412964446055,0
12,0,3.6316713502761937,3.9219001490132448,0,0.42190014901324241,0.26832864972381232,0
12.01,0,3.6359036623910095,3.9245622739499089,0,0.42456227394990648,0.26409633760899659,0
12.02,0,3.6401623834793617,3.9271819437205573,0,0.42718194372055468,0.2598376165206443,0
12.03,0,3.6444470876797883,3.9297588963647616,0,0.429758896364759,0.25555291232021771,0
12.04,0,3.6487573465325807,3.9322928741937,0,0.43229287419369722,0.25124265346742541,0
12.05,0,3.6530927290226289,3.9347836238159242,0,0.43478362381592123,0.24690727097737733,0
12.06,0,3.6574528016225218,3.9372308961626983,0,0.43723089616269556,0.24254719837748426,0
12.07,0,3.6618371283358999,3.9396344465129061,0,0.43963444651290351,0.23816287166410627,0
12.08,0,3.6662452707410522,3.9419940345175215,0,0.44199403451751879,0.23375472925895416,0
12.09,0,3.6706767880347582,3.9443094242236425,0,0.44430942422363978,0.22932321196524835,0
12.1,0,3.6751312370763669,3.9465803840980871,0,0.4465803840980842,0.22486876292363972,0
12.11,0,3.6796081724321099,3.9488066870505447,0,0.44880668705054189,0.2203918275678966,0
12.12,0,3.684107146419644,3.9509881104562861,0,0.45098811045628318,0.21589285358036248,0
12.13,0,3.6886277091528177,3.9531244361784239,0,0.45312443617842091,0.21137229084718895,0
12.14,0,3.6931694085866584,3.9552154505897268,0,0.45521545058972357,0.20683059141334822,0
12.15,0,3.6977317905625768,3.9572609445939806,0,0.45726094459397748,0.20226820943742971,0
12.16,0,3.702314398853781,3.9592607136468989,0,0.45926071364689575,0.19768560114622535,0
12.17,0,3.7069167752108982,3.9612145577765756,0,0.46121455777657239,0.193083224789108,0
12.18,0,3.7115384594077985,3.9631222816034821,0,0.46312228160347896,0.18846154059220774,0
12.19,0,3.716178989287616,3.9649836943600052,0,0.46498369436000198,0.18382101071239032,0
12.2,0,3.7208379008089638,3.9667986099095223,0,0.46679860990951916,0.1791620991910427,0
12.21,0,3.7255147280923366,3.9685668467650159,0,0.4685668467650127,0.17448527190767005,0
12.22,0,3.7302090034666979,3.9702882281072207,0,0.4702882281072176,0.1697909965333089,0
12.23,0,3.7349202575162455,3.9719625818023059,0,0.47196258180230294,0.16507974248376128,0
12.24,0,3.7396480191273525,3.9735897404190879,0,0.47358974041908503,0.16035198087265434,0
12.25,0,3.7443918155356766,3.9751695412457728,0,0.47516954124576993,0.15560818446433006,0
12.26,0,3.7491511723734368,3.9767018263062273,0,0.47670182630622443,0.15084882762657009,0
12.27,0,3.7539256137168469,3.978186442375776,0,0.47818644237577307,0.14607438628316011,0
12.28,0,3.7587146621337082,3.9796232409965233,0,0.47962324099652037,0.14128533786629863,0
12.29,0,3.7635178387311519,3.9810120784921992,0,0.48101207849219613,0.13648216126885504,0
12.3,0,3.7683346632035253,3.9823528159825257,0,0.48235281598252283,0.13166533679648146,0
12.31,0,3.7731646538804235,3.9836453193971062,0,0.48364531939710315,0.12683534611958333,0
12.32,0,3.7780073277748532,3.98488945948883,0,0.48488945948882684,0.12199267222515368,0
12.33,0,3.7828622006315311,3.9860851118467981,0,0.48608511184679498,0.11713779936847557,0
12.34,0,3.7877287869753089,3.9872321569087639,0,0.48723215690876087,0.11227121302469779,0
12.35,0,3.7926066001597181,3.9883304799730888,0,0.48833047997308582,0.10739339984028856,0
12.36,0,3.7974951524156344,3.9893799712102123,0,0.4893799712102091,0.10250484758437209,0
12.37,0,3.8023939549000536,3.990380525673634,0,0.49038052567363072,0.097606045099952896,0
12.38,0,3.807302517744974,3.9913320433104089,0,0.49133204331040564,0.092697482255032715,0
12.39,0,3.8122203501063816,3.9922344289711522,0,0.49223442897114894,0.087779649893624939,0
12.4,0,3.8171469602133352,3.9930875924195539,0,0.49308759241955041,0.08285303978667144,0
12.41,0,3.8220818554171401,3.9938914483414014,0,0.49389144834139809,0.077918144582866694,0
12.42,0,3.8270245422406126,3.9946459163531127,0,0.49464591635310939,0.072975457759394152,0
12.43,0,3.8319745264274272,3.9953509210097726,0,0.49535092100976924,0.068025473572579764,0
12.44,0,3.8369313129915392,3.9960063918126778,0,0.49600639181267447,0.063068687008467544,0
12.45,0,3.8418944062666847,3.9966122632163867,0,0.49661226321638341,0.058105593733322254,0
12.46,0,3.8468633099559431,3.9971684746352736,0,0.49716847463527036,0.053136690044063982,0
12.47,0,3.8518375271813672,3.9976749704495873,0,0.49767497044958386,0.048162472818639709,0
12.48,0,3.8568165605336699,3.9981317000110121,0,0.49813170001100876,0.043183439466336744,0
12.49,0,3.8617999121219637,3.9985386176477342,0,0.49853861764773066,0.038200087878043049,0
12.5,0,3.8667870836235472,3.9988956826690067,0,0.49889568266900319,0.03321291637645938,0
12.51,0,3.8717775763337383,3.9992028593692206,0,0.49920285936921682,0.02822242366626828,0
12.52,0,3.8767708912157417,3.9994601170314734,0,0.49946011703146947,0.023229108784264849,0
12.53,0,3.8817665289505521,3.9996674299306418,0,0.49966742993063806,0.01823347104945431,0
12.54,0,3.8867639899868851,3.9998247773359545,0,0.49982477733595093,0.013236010013121365,0
12.55,0,3.8917627745911303,3.9999321435130644,0,0.49993214351306092,0.0082372254088763051,0
12.56,0,3.8967623828973239,3.9999895177256222,0,0.49998951772561873,0.0032376171026829064,0
